t,p_x,p_y,p_z,q_w,q_x,q_y,q_z,v_x,v_y,v_z,w_x,w_y,w_z,a_lin_x,a_lin_y,a_lin_z,a_rot_x,a_rot_y,a_rot_z,u_1,u_2,u_3,u_4,jerk_x,jerk_y,jerk_z,snap_x,snap_y,snap_z
0,-5,4.5,1.2,0.70594,-0,0,-0.70827,0,0,0,0,0,0,0,0,0,0,0,0,0.1063,4.0615,4.0746,0.093246,0,0,0,-0.031645,-8255.2,12702
0.01,-5,4.5,1.2,0.70556,0.012999,0.012908,-0.70842,-5.3401e-06,-0.0012932,0.0019203,0.030545,6.6485,0.00037727,-0.0021063,-0.3799,0.55711,0,0,0,1.1315,3.2737,3.2374,1.1725,-0.61719,-72.805,103.96,-117.64,-6349.5,8221.2
0.02,-5,4.5,1.2001,0.70315,0.042124,0.041505,-0.70858,-8.0785e-05,-0.0097188,0.013895,0.10024,9.0639,0.0040315,-0.0157,-1.3969,1.9427,0,0,0,2.3129,2.7051,2.6646,2.3747,-2.242,-127.84,166.96,-202.03,-4698.1,4501.6
0.03,-5,4.4998,1.2003,0.69953,0.07471,0.072968,-0.70693,-0.00038617,-0.030801,0.042286,0.18003,8.8642,0.012825,-0.049243,-2.8856,3.7843,0,0,0,3.1086,2.7775,2.7488,3.1749,-4.5565,-167.56,196.33,-256.02,-3283.8,1485.6
0.04,-5,4.4993,1.201,0.69522,0.10502,0.10154,-0.70379,-0.0011505,-0.06853,0.090087,0.25701,7.8964,0.025432,-0.10816,-4.7046,5.7798,0,0,0,3.6647,3.2313,3.2151,3.728,-7.2705,-194.25,198.83,-282.41,-2089.8,-883.96
0.05,-5,4.4983,1.2022,0.69083,0.13211,0.12624,-0.69955,-0.0026431,-0.12559,0.1576,0.33017,6.9979,0.039998,-0.19511,-6.7342,7.6919,0,0,0,4.1349,3.8084,3.8008,4.1939,-10.122,-210.03,180.62,-284.01,-1098.9,-2664
0.06,-5.0001,4.4967,1.2042,0.68667,0.15674,0.14778,-0.69432,-0.005147,-0.20358,0.24304,0.40338,6.3891,0.055324,-0.31028,-8.8753,9.3419,0,0,0,4.5651,4.3794,4.3766,4.6204,-12.877,-216.85,147.32,-263.63,-294.13,-3911.7
0.07,-5.0001,4.4942,1.2071,0.6829,0.18005,0.16714,-0.68797,-0.0089361,-0.3032,0.34314,0.48231,6.0706,0.070694,-0.45165,-11.047,10.605,0,0,0,4.9508,4.8891,4.8882,5.0034,-15.331,-216.48,103.97,-224.06,341.5,-4684.1
0.08,-5.0002,4.4906,1.2111,0.67962,0.20307,0.18511,-0.68015,-0.014254,-0.42442,0.45359,0.57427,5.99,0.085483,-0.61529,-13.186,11.403,0,0,0,5.2781,5.315,5.3135,5.328,-17.304,-210.52,55.033,-168.11,825.03,-5038.2
0.09,-5.0004,4.4856,1.2162,0.67708,0.22671,0.20216,-0.6703,-0.021298,-0.56665,0.56952,0.68995,6.091,0.098833,-0.79563,-15.244,11.7,0,0,0,5.5381,5.6497,5.645,5.5843,-18.648,-200.42,4.4093,-98.595,1173.5,-5031.2
0.1,-5.0007,4.4792,1.2225,0.6758,0.25182,0.21835,-0.65743,-0.0302,-0.7289,0.68591,0.84806,6.3197,0.10938,-0.98573,-17.185,11.496,0,0,0,5.7312,5.8944,5.8835,5.7711,-19.24,-187.45,-44.577,-18.315,1403.9,-4720.1
0.11,-5.001,4.471,1.2299,0.67717,0.27952,0.23301,-0.63955,-0.041018,-0.90989,0.79788,1.0882,6.6176,0.11502,-1.1776,-18.987,10.823,0,0,0,5.8662,6.0563,6.0351,5.895,-18.987,-172.68,-89.169,69.922,1533.3,-4161.9
0.12,-5.0015,4.4609,1.2384,0.68514,0.31195,0.24349,-0.61154,-0.053728,-1.1081,0.90099,1.5166,6.9003,0.11265,-1.3624,-20.636,9.7351,0,0,0,5.9585,6.1471,6.1101,5.9694,-17.824,-157.06,-127.18,163.31,1578.7,-3413.9
0.13,-5.0021,4.4488,1.2479,0.71462,0.35634,0.23825,-0.5528,-0.068213,-1.3221,0.99145,2.5404,6.937,0.098096,-1.5309,-22.128,8.3068,0,0,0,6.0263,6.1823,6.1209,6.0119,-15.713,-141.33,-157,259.05,1557.1,-2532.9
0.14,-5.0029,4.4344,1.2582,0.8492,0.45101,0.10127,-0.25533,-0.084261,-1.5502,1.0663,6.6854,3.6198,0.06618,-1.6735,-23.464,6.6259,0,0,0,6.0825,6.1851,6.0742,6.0489,-12.645,-126.09,-177.59,354.33,1485.6,-1576.2
0.15,-5.0038,4.4177,1.2692,0.75466,0.41201,-0.27574,0.42978,-0.10157,-1.7909,1.1234,3.3963,-6.8424,0.011249,-1.7807,-24.652,4.7875,0,0,0,6.1122,6.2029,6.0521,6.031,-8.6377,-111.73,-188.46,446.34,1381.1,-600.72
0.16,-5.0049,4.3986,1.2806,0.67389,0.39517,-0.35053,0.51657,-0.11973,-2.0428,1.1618,1.5274,-7.2831,-0.071864,-1.8433,-25.703,2.8887,0,0,0,6.0821,6.2941,6.0809,5.9602,-3.7383,-98.516,-189.73,532.29,1260.7,336.39
0.17,-5.0062,4.3768,1.2923,0.63322,0.40036,-0.38952,0.53574,-0.13825,-2.3045,1.1813,0.95127,-6.9218,-0.18655,-1.8527,-26.627,1.0228,0,0,0,6.055,6.4094,6.1183,5.9011,1.9784,-86.514,-182.05,609.35,1141.4,1178.1
0.18,-5.0077,4.3524,1.3042,0.60239,0.40884,-0.41959,0.54214,-0.15658,-2.5749,1.1827,0.70915,-6.2539,-0.33319,-1.8013,-27.437,-0.72665,0,0,0,6.0482,6.5334,6.161,5.8702,8.4098,-75.627,-166.68,674.79,1040,1868.4
0.19,-5.0093,4.3253,1.3159,0.57478,0.41579,-0.44534,0.54628,-0.17406,-2.8529,1.1674,0.61433,-5.3868,-0.50877,-1.6826,-28.142,-2.2907,0,0,0,6.0664,6.6541,6.2053,5.8749,15.431,-65.627,-145.27,727.32,964.23,2384.1
0.2,-5.0112,4.2954,1.3275,0.54773,0.41879,-0.46854,0.55234,-0.18999,-3.1374,1.1377,0.61206,-4.4058,-0.70775,-1.4912,-28.751,-3.6176,0,0,0,6.1054,6.7642,6.2478,5.9131,22.915,-56.265,-119.53,767.34,911.91,2738.8
0.21,-5.0131,4.2625,1.3386,0.51893,0.41575,-0.49074,0.56306,-0.20362,-3.4276,1.096,0.68725,-3.3904,-0.92316,-1.2232,-29.269,-4.6719,0,0,0,6.1573,6.8585,6.2851,5.979,30.738,-47.32,-90.982,795.32,880.32,2947.9
0.22,-5.0152,4.2268,1.3494,0.48493,0.4038,-0.51393,0.58109,-0.21419,-3.7225,1.0452,0.84421,-2.4196,-1.1474,-0.87569,-29.698,-5.4325,0,0,0,6.2137,6.9343,6.3124,6.0666,38.782,-38.598,-61.006,811.76,866.72,3027
0.23,-5.0174,4.1881,1.3595,0.43935,0.3778,-0.54097,0.60957,-0.22087,-4.0213,0.98833,1.1015,-1.5864,-1.3731,-0.44714,-30.041,-5.8914,0,0,0,6.2685,6.9893,6.3231,6.1729,46.936,-29.934,-30.824,817.12,868.38,2991.5
0.24,-5.0196,4.1464,1.3691,0.36973,0.32793,-0.5753,0.65176,-0.22286,-4.3231,0.92837,1.4807,-1.0377,-1.5934,0.063029,-30.297,-6.0519,0,0,0,6.3225,7.0186,6.3081,6.3001,55.09,-21.189,-1.5048,811.9,882.57,2857.1
0.25,-5.0218,4.1016,1.3781,0.25569,0.23849,-0.61642,0.70553,-0.21934,-4.6269,0.86824,1.9364,-1.027,-1.8025,0.65431,-30.464,-5.9274,0,0,0,6.3903,7.0075,6.2615,6.4503,63.14,-12.25,26.04,796.56,906.56,2639.3
0.26,-5.024,4.0538,1.3865,0.09013,0.1066,-0.6477,0.749,-0.2095,-4.932,0.8107,2.187,-1.7527,-1.9956,1.3252,-30.541,-5.5396,0,0,0,6.4945,6.9362,6.2096,6.5959,70.989,-3.0341,51.054,771.61,937.62,2353.5
0.27,-5.026,4.003,1.3943,0.076759,0.021568,0.64855,-0.75698,-0.19258,-5.2374,0.75823,1.969,-2.8326,-2.1692,2.0731,-30.524,-4.9168,0,0,0,6.6087,6.8361,6.2102,6.6801,78.542,6.5165,72.936,737.5,973.01,2015.3
0.28,-5.0278,3.9491,1.4017,0.19656,0.10394,0.63029,-0.74384,-0.1678,-5.5422,0.71303,1.5329,-3.7521,-2.3213,2.8947,-30.409,-4.0928,0,0,0,6.6823,6.7647,6.2614,6.7068,85.71,16.431,91.237,694.73,1010,1640.2
0.29,-5.0293,3.8921,1.4086,0.27456,0.14601,0.60921,-0.72949,-0.13445,-5.8453,0.67692,1.1184,-4.4399,-2.4508,3.7857,-30.194,-3.105,0,0,0,6.7154,6.7286,6.3302,6.7114,92.409,26.713,105.67,643.78,1045.9,1243.8
0.3,-5.0305,3.8322,1.4152,0.32786,0.16346,0.59011,-0.71942,-0.091868,-6.1457,0.65135,0.76583,-4.9531,-2.5583,4.7411,-29.874,-1.9928,0,0,0,6.7267,6.7154,6.4011,6.7115,98.56,37.336,116.09,585.13,1077.9,841.46
0.31,-5.0311,3.7692,1.4217,0.36725,0.16631,0.57318,-0.7134,-0.039434,-6.4424,0.63735,0.45918,-5.3307,-2.6452,5.7548,-29.446,-0.79641,0,0,0,6.7294,6.7161,6.4695,6.7129,104.09,48.248,122.53,519.26,1103.3,448.85
0.32,-5.0312,3.7033,1.428,0.39834,0.16008,0.55789,-0.71025,0.023402,-6.7343,0.63557,0.18164,-5.5965,-2.7139,6.8205,-28.908,0.44507,0,0,0,6.7312,6.7257,6.5334,6.7179,108.92,59.371,125.15,446.65,1119.4,81.44
0.33,-5.0306,3.6346,1.4344,0.42408,0.14786,0.54379,-0.70893,0.097125,-7.0202,0.64628,-0.076738,-5.7701,-2.7671,7.9308,-28.259,1.695,0,0,0,6.7357,6.7407,6.591,6.7276,113,70.596,124.29,367.78,1123.4,-245.25
0.34,-5.0292,3.563,1.441,0.44612,0.13152,0.53057,-0.70864,0.18214,-7.2991,0.66939,-0.31998,-5.8716,-2.8077,9.0778,-27.497,2.9209,0,0,0,6.7437,6.7585,6.6411,6.7421,116.26,81.791,120.43,283.24,1113.3,-519.14
0.35,-5.0269,3.4886,1.4479,0.4654,0.11225,0.51805,-0.70882,0.27877,-7.5698,0.70452,-0.54915,-5.9197,-2.838,10.253,-26.623,4.0953,0,0,0,6.7549,6.7773,6.6835,6.7601,118.65,92.817,114.08,194.02,1089.8,-741.08
0.36,-5.0236,3.4116,1.4551,0.48255,0.090866,0.50609,-0.70905,0.38727,-7.8312,0.75105,-0.76451,-5.9309,-2.8604,11.448,-25.641,5.1961,0,0,0,6.768,6.7954,6.7182,6.78,120.13,103.55,105.77,101.19,1053.9,-914.9
0.37,-5.0192,3.332,1.4629,0.49798,0.067912,0.4946,-0.70907,0.50776,-8.0822,0.80814,-0.96578,-5.9185,-2.8769,12.652,-24.554,6.2056,0,0,0,6.7813,6.8117,6.7452,6.8001,120.66,113.86,95.935,5.8349,1007,-1044.4
0.38,-5.0134,3.25,1.4713,0.51197,0.043786,0.4835,-0.70866,0.64032,-8.3219,0.87481,-1.1523,-5.8931,-2.889,13.858,-23.366,7.1111,0,0,0,6.7934,6.8254,6.7647,6.8192,120.24,123.65,85.013,-90.97,950.12,-1133.5
0.39,-5.0063,3.1656,1.4804,0.52476,0.018781,0.47271,-0.70768,0.78489,-8.5492,0.94999,-1.323,-5.8627,-2.8978,15.054,-22.083,7.9035,0,0,0,6.8028,6.8359,6.777,6.8363,118.84,132.83,73.386,-188.15,884.56,-1186.1
0.4,-4.9977,3.079,1.4903,0.53654,-0.0068812,0.46216,-0.70603,0.94134,-8.7633,1.0325,-1.4766,-5.8326,-2.9041,16.231,-20.711,8.5776,0,0,0,6.8085,6.843,6.7828,6.8506,116.48,141.32,61.401,-284.61,811.49,-1205.8
0.41,-4.9874,2.9904,1.5011,0.54746,-0.033022,0.45177,-0.70363,1.1094,-8.9632,1.1211,-1.6118,-5.8058,-2.9085,17.38,-19.259,9.1314,0,0,0,6.8097,6.8469,6.7827,6.8619,113.16,149.04,49.366,-379.29,732.12,-1196.6
0.42,-4.9755,2.8998,1.5128,0.55764,-0.059487,0.44147,-0.70043,1.2888,-9.1482,1.2147,-1.7268,-5.7837,-2.9112,18.491,-17.733,9.5657,0,0,0,6.8062,6.8478,6.7778,6.8702,108.9,155.94,37.552,-471.11,647.64,-1162.4
0.43,-4.9616,2.8075,1.5254,0.5672,-0.086138,0.43119,-0.69637,1.4791,-9.3177,1.3121,-1.8203,-5.7659,-2.9121,19.555,-16.143,9.8839,0,0,0,6.7982,6.8464,6.7691,6.8756,103.75,161.98,26.189,-558.98,559.25,-1106.9
0.44,-4.9458,2.7135,1.539,0.57625,-0.11284,0.42084,-0.69145,1.6797,-9.4709,1.412,-1.8908,-5.751,-2.9111,20.564,-14.497,10.092,0,0,0,6.7861,6.8435,6.7577,6.8785,97.74,167.12,15.471,-641.83,468.16,-1034.1
0.45,-4.928,2.6181,1.5537,0.58485,-0.13946,0.41037,-0.68563,1.8902,-9.6074,1.5136,-1.9372,-5.7369,-2.9081,21.508,-12.804,10.196,0,0,0,6.7708,6.8397,6.7448,6.8794,90.932,171.34,5.5523,-718.58,375.55,-947.66
0.46,-4.908,2.5214,1.5693,0.59308,-0.16587,0.39973,-0.67893,2.1097,-9.7268,1.6156,-1.9588,-5.7211,-2.903,22.38,-11.073,10.206,0,0,0,6.7533,6.8358,6.7314,6.879,83.392,174.63,-3.4502,-788.15,282.62,-851.54
0.47,-4.8858,2.4237,1.586,0.60101,-0.19193,0.38888,-0.67136,2.3375,-9.8288,1.7174,-1.9554,-5.7009,-2.8956,23.173,-9.3141,10.13,0,0,0,6.7347,6.8324,6.7186,6.8775,75.197,176.99,-11.459,-849.46,190.59,-749.54
0.48,-4.8612,2.3249,1.6037,0.60867,-0.2175,0.37778,-0.66295,2.5728,-9.9131,1.818,-1.9276,-5.6743,-2.886,23.882,-7.5361,9.98,0,0,0,6.7161,6.8301,6.707,6.8755,66.434,178.45,-18.434,-901.44,100.64,-645.52
0.49,-4.8343,2.2254,1.6223,0.61611,-0.24246,0.36641,-0.65373,2.8148,-9.9795,1.9168,-1.8768,-5.6394,-2.8743,24.5,-5.7481,9.7651,0,0,0,6.6988,6.8291,6.6973,6.8732,57.203,179.02,-24.375,-943,13.973,-543.3
0.5,-4.8049,2.1254,1.642,0.62336,-0.2667,0.35477,-0.64377,3.0625,-10.028,2.0131,-1.8054,-5.5954,-2.861,25.025,-3.9586,9.4958,0,0,0,6.6836,6.8294,6.6898,6.8707,47.612,178.74,-29.319,-973.06,-68.211,-446.74
0.51,-4.773,2.0249,1.6626,0.63043,-0.2901,0.34286,-0.63312,3.315,-10.059,2.1065,-1.7169,-5.5422,-2.8466,25.452,-2.1758,9.1818,0,0,0,6.6714,6.8309,6.6845,6.8679,37.783,177.67,-33.342,-990.56,-144.71,-359.67
0.52,-4.7386,1.9243,1.6841,0.63735,-0.3126,0.33069,-0.62185,3.5712,-10.072,2.1966,-1.6154,-5.4804,-2.8317,25.78,-0.40754,8.8317,0,0,0,6.6626,6.8332,6.6815,6.865,27.846,175.87,-36.554,-994.86,-214.65,-284.92
0.53,-4.7016,1.8236,1.7065,0.64412,-0.33414,0.31829,-0.61005,3.8303,-10.067,2.2831,-1.5057,-5.4113,-2.817,26.009,1.3394,8.453,0,0,0,6.6572,6.8361,6.6805,6.8619,17.928,173.4,-39.08,-986.71,-278.07,-222.23
0.54,-4.662,1.723,1.7297,0.65072,-0.35469,0.30568,-0.59776,4.0911,-10.045,2.3656,-1.3917,-5.3362,-2.803,26.139,3.0585,8.052,0,0,0,6.6546,6.8391,6.6813,6.8589,8.1493,170.33,-41.036,-967.15,-335.24,-170.76
0.55,-4.6198,1.6227,1.7538,0.65716,-0.37424,0.29289,-0.58506,4.3527,-10.006,2.4441,-1.2771,-5.2567,-2.7898,26.173,4.7442,7.6338,0,0,0,6.6543,6.8421,6.6836,6.8559,-1.3806,166.72,-42.53,-937.18,-386.4,-129.66
0.56,-4.5749,1.5229,1.7786,0.66342,-0.3928,0.27995,-0.57202,4.6142,-9.9501,2.5182,-1.1651,-5.1737,-2.7776,26.113,6.3912,7.2026,0,0,0,6.6558,6.8445,6.6872,6.853,-10.563,162.62,-43.661,-897.84,-431.79,-98.062
0.57,-4.5275,1.4238,1.8041,0.6695,-0.41038,0.26691,-0.55867,4.8747,-9.8782,2.5881,-1.0586,-5.0884,-2.7662,25.963,7.9952,6.7615,0,0,0,6.6584,6.8461,6.692,6.8502,-19.31,158.1,-44.52,-850.14,-471.65,-75.133
0.58,-4.4775,1.3254,1.8304,0.67536,-0.42703,0.2538,-0.54508,5.1332,-9.7904,2.6535,-0.9599,-5.0013,-2.7553,25.728,9.552,6.3128,0,0,0,6.6617,6.8468,6.6978,6.8474,-27.541,153.21,-45.19,-795.1,-506.24,-60.017
0.59,-4.4248,1.228,1.8572,0.681,-0.44279,0.24066,-0.53129,5.389,-9.6873,2.7143,-0.87121,-4.9128,-2.7444,25.414,11.058,5.8581,0,0,0,6.6652,6.8462,6.7046,6.8446,-35.191,147.99,-45.744,-733.75,-535.81,-51.865
0.6,-4.3697,1.1317,1.8846,0.68638,-0.4577,0.22754,-0.51732,5.6412,-9.5694,2.7706,-0.79423,-4.823,-2.7328,25.026,12.511,5.3981,0,0,0,6.6686,6.8444,6.7122,6.842,-42.199,142.51,-46.248,-667.1,-560.59,-49.827
0.61,-4.312,1.0367,1.9126,0.69149,-0.47182,0.21448,-0.50322,5.8893,-9.4373,2.8223,-0.73045,-4.7315,-2.7199,24.572,13.908,4.9331,0,0,0,6.6717,6.8412,6.7208,6.8395,-48.518,136.8,-46.758,-596.18,-580.83,-53.052
0.62,-4.2519,0.94303,1.9411,0.69629,-0.48521,0.20153,-0.48902,6.1325,-9.2914,2.8692,-0.68101,-4.6381,-2.7046,24.058,15.246,4.4628,0,0,0,6.6742,6.8367,6.7302,6.8373,-54.112,130.9,-47.323,-522.01,-596.78,-60.691
0.63,-4.1894,0.8509,1.97,0.70076,-0.49793,0.18875,-0.47474,6.3703,-9.1325,2.9115,-0.64679,-4.5422,-2.6863,23.493,16.525,3.9863,0,0,0,6.6763,6.831,6.7405,6.8354,-58.951,124.87,-47.984,-445.6,-608.68,-71.893
0.64,-4.1245,0.76043,1.9993,0.70487,-0.51004,0.17619,-0.46041,6.6022,-8.9611,2.9489,-0.62839,-4.4431,-2.664,22.882,17.743,3.5027,0,0,0,6.6777,6.8242,6.7517,6.834,-63.02,118.74,-48.77,-367.99,-616.79,-85.809
0.65,-4.0574,0.67172,2.0289,0.70859,-0.5216,0.16391,-0.44605,6.8278,-8.7779,2.9815,-0.62608,-4.3402,-2.6368,22.235,18.9,3.0104,0,0,0,6.6787,6.8164,6.7636,6.833,-66.31,112.55,-49.706,-290.19,-621.34,-101.59
0.66,-3.988,0.58491,2.0589,0.7119,-0.53268,0.15198,-0.43169,7.0468,-8.5833,3.0091,-0.63985,-4.2329,-2.604,21.558,19.994,2.508,0,0,0,6.6791,6.808,6.7762,6.8327,-68.826,106.33,-50.805,-213.22,-622.59,-118.38
0.67,-3.9165,0.50009,2.0891,0.71476,-0.54334,0.14044,-0.41735,7.2589,-8.3782,3.0316,-0.66935,-4.1205,-2.565,20.861,21.026,1.9937,0,0,0,6.6793,6.799,6.7894,6.8329,-70.581,100.11,-52.074,-138.1,-620.78,-135.34
0.68,-3.8428,0.41737,2.1195,0.71714,-0.55364,0.12937,-0.40306,7.4639,-8.163,3.0489,-0.71392,-4.0026,-2.5192,20.149,21.997,1.466,0,0,0,6.6792,6.7898,6.803,6.8337,-71.598,93.921,-53.51,-65.856,-616.15,-151.6
0.69,-3.7672,0.33686,2.1501,0.71903,-0.56363,0.11883,-0.38884,7.6619,-7.9385,3.0609,-0.77253,-3.879,-2.4663,19.431,22.905,0.92303,0,0,0,6.679,6.7806,6.8166,6.8351,-71.911,87.793,-55.101,2.4915,-608.95,-166.34
0.7,-3.6896,0.25863,2.1807,0.7204,-0.57337,0.10887,-0.37472,7.8526,-7.7051,3.0674,-0.84381,-3.7494,-2.4061,18.713,23.753,0.36348,0,0,0,6.6787,6.7717,6.8301,6.837,-71.564,81.75,-56.829,65.922,-599.43,-178.68
0.71,-3.6102,0.18278,2.2114,0.72123,-0.58292,0.099531,-0.36074,8.0361,-7.4636,3.0681,-0.92603,-3.6141,-2.3388,18.002,24.54,-0.2139,0,0,0,6.6786,6.7633,6.8431,6.8394,-70.612,75.812,-58.664,123.42,-587.83,-187.79
0.72,-3.5289,0.10939,2.242,0.72151,-0.5923,0.090871,-0.34691,8.2127,-7.2145,3.063,-1.0171,-3.4733,-2.2647,17.303,25.269,-0.81003,0,0,0,6.6786,6.7557,6.8553,6.8421,-69.119,69.999,-60.571,173.95,-574.4,-192.81
0.73,-3.446,0.038517,2.2726,0.72124,-0.60156,0.082918,-0.33327,8.3823,-6.9584,3.0519,-1.1146,-3.3276,-2.1844,16.621,25.941,-1.4254,0,0,0,6.679,6.7493,6.8661,6.8449,-67.16,64.329,-62.504,216.57,-559.37,-192.94
0.74,-3.3613,-0.029759,2.3031,0.7204,-0.61073,0.075699,-0.31985,8.5451,-6.6959,3.0344,-1.2157,-3.1779,-2.0988,15.961,26.556,-2.06,0,0,0,6.6798,6.7441,6.8754,6.8477,-64.814,58.816,-64.413,251.2,-542.91,-188.06
0.75,-3.2751,-0.095381,2.3333,0.719,-0.61983,0.069225,-0.30669,8.7016,-6.4275,3.0106,-1.3181,-3.025,-2.0087,15.326,27.118,-2.7134,0,0,0,6.6809,6.74,6.8831,6.8504,-62.16,53.475,-66.249,278.35,-525.08,-178.47
0.76,-3.1873,-0.15829,2.3633,0.71705,-0.62887,0.0635,-0.29381,8.8518,-6.1537,2.9801,-1.4193,-2.8699,-1.9152,14.718,27.627,-3.3846,0,0,0,6.6822,6.7371,6.8893,6.8529,-59.271,48.319,-67.968,298.53,-505.98,-164.51
0.77,-3.0981,-0.21844,2.3929,0.71456,-0.63786,0.058514,-0.28125,8.996,-5.8751,2.9428,-1.517,-2.7135,-1.8191,14.141,28.085,-4.0722,0,0,0,6.6838,6.7353,6.8939,6.8552,-56.211,43.36,-69.526,312.26,-485.69,-146.49
0.78,-3.0074,-0.27578,2.4221,0.71156,-0.6468,0.054251,-0.26904,9.1347,-5.5922,2.8986,-1.6092,-2.5569,-1.7214,13.595,28.494,-4.7745,0,0,0,6.6856,6.7347,6.8969,6.8571,-53.045,38.609,-70.885,320.07,-464.29,-124.74
0.79,-2.9154,-0.33027,2.4508,0.70807,-0.65568,0.050682,-0.2572,9.268,-5.3054,2.8473,-1.6941,-2.401,-1.6231,13.08,28.858,-5.4891,0,0,0,6.6876,6.7351,6.8985,6.8588,-49.828,34.077,-72.009,322.47,-441.86,-99.588
0.8,-2.8221,-0.38187,2.479,0.70411,-0.66449,0.047773,-0.24577,9.3964,-5.0152,2.7888,-1.7699,-2.2469,-1.5249,12.598,29.177,-6.2138,0,0,0,6.6899,6.7366,6.8986,6.8602,-46.612,29.775,-72.866,319.99,-418.5,-71.359
0.81,-2.7275,-0.43056,2.5066,0.69972,-0.67321,0.045481,-0.23477,9.5201,-4.722,2.723,-1.8351,-2.0955,-1.4279,12.148,29.454,-6.9455,0,0,0,6.6926,6.7393,6.8974,6.8613,-43.443,25.71,-73.427,313.14,-394.29,-40.376
0.82,-2.6317,-0.47631,2.5334,0.69493,-0.68181,0.043757,-0.22423,9.6395,-4.4262,2.6499,-1.8884,-1.9479,-1.333,11.729,29.692,-7.6812,0,0,0,6.6957,6.743,6.8949,6.8622,-40.362,21.892,-73.666,302.45,-369.3,-6.9653
0.83,-2.5347,-0.51908,2.5595,0.68981,-0.69028,0.042548,-0.21416,9.7548,-4.1283,2.5694,-1.9286,-1.8049,-1.2409,11.34,29.893,-8.4177,0,0,0,6.6992,6.7479,6.8913,6.8629,-37.405,18.327,-73.56,288.43,-343.63,28.549
0.84,-2.4366,-0.55887,2.5848,0.68439,-0.69858,0.041799,-0.20458,9.8664,-3.8285,2.4815,-1.9548,-1.6676,-1.1526,10.98,30.059,-9.1512,0,0,0,6.7034,6.7538,6.8867,6.8634,-34.603,15.021,-73.089,271.6,-317.35,65.841
0.85,-2.3374,-0.59564,2.6092,0.67872,-0.70668,0.041451,-0.19549,9.9745,-3.5272,2.3864,-1.9663,-1.5368,-1.0689,10.648,30.194,-9.8782,0,0,0,6.7081,6.7609,6.8811,6.8639,-31.981,11.981,-72.238,252.5,-290.56,104.59
0.86,-2.2371,-0.62941,2.6325,0.67288,-0.71455,0.041445,-0.1869,10.079,-3.2247,2.284,-1.9624,-1.4132,-0.9905,10.34,30.3,-10.595,0,0,0,6.7135,6.7689,6.8747,6.8642,-29.559,9.2114,-70.993,231.62,-263.33,144.46
0.87,-2.1358,-0.66014,2.6548,0.66691,-0.72216,0.041725,-0.1788,10.181,-2.9213,2.1745,-1.9428,-1.2974,-0.91822,10.056,30.379,-11.297,0,0,0,6.7196,6.7779,6.8676,6.8645,-27.352,6.7156,-69.346,209.51,-235.76,185.14
0.88,-2.0335,-0.68783,2.676,0.66089,-0.72947,0.042237,-0.17118,10.281,-2.6172,2.0581,-1.9074,-1.1901,-0.85266,9.7922,30.435,-11.98,0,0,0,6.7262,6.7876,6.86,6.8647,-25.371,4.4971,-67.289,186.66,-207.92,226.29
0.89,-1.9302,-0.71248,2.6959,0.65489,-0.73646,0.04293,-0.16403,10.377,-2.3127,1.935,-1.8562,-1.0915,-0.79436,9.5474,30.47,-12.641,0,0,0,6.7333,6.7979,6.8519,6.8648,-23.62,2.5579,-64.82,163.62,-179.89,267.6
0.9,-1.826,-0.73408,2.7147,0.64897,-0.74308,0.04376,-0.15732,10.472,-2.0079,1.8054,-1.7892,-1.0018,-0.74373,9.3191,30.487,-13.275,0,0,0,6.7407,6.8087,6.8434,6.8647,-22.098,0.89955,-61.938,140.88,-151.77,308.74
0.91,-1.7208,-0.75264,2.732,0.64321,-0.74931,0.04469,-0.15103,10.564,-1.703,1.6696,-1.7069,-0.921,-0.701,9.1047,30.489,-13.878,0,0,0,6.7481,6.8195,6.8347,6.8646,-20.799,-0.47749,-58.647,118.99,-123.64,349.37
0.92,-1.6147,-0.76814,2.748,0.63768,-0.75513,0.045689,-0.14511,10.654,-1.3981,1.5279,-1.6096,-0.84895,-0.66623,8.9024,30.478,-14.447,0,0,0,6.7554,6.8301,6.826,6.8643,-19.713,-1.5735,-54.953,98.447,-95.577,389.19
0.93,-1.5077,-0.7806,2.7626,0.63246,-0.76049,0.046736,-0.13954,10.742,-1.0934,1.3808,-1.4978,-0.78527,-0.63924,8.7098,30.458,-14.976,0,0,0,6.762,6.8403,6.8173,6.8639,-18.824,-2.3895,-50.867,79.782,-67.669,427.86
0.94,-1.3999,-0.79001,2.7756,0.6276,-0.76538,0.047817,-0.13426,10.828,-0.78898,1.2286,-1.3722,-0.72941,-0.61962,8.5253,30.432,-15.463,0,0,0,6.7677,6.8496,6.8088,6.8634,-18.11,-2.9277,-46.401,63.512,-40.001,465.06
0.95,-1.2912,-0.79638,2.7871,0.62319,-0.76976,0.048928,-0.12924,10.912,-0.48482,1.0717,-1.2333,-0.68067,-0.60664,8.3471,30.401,-15.903,0,0,0,6.7721,6.8577,6.8008,6.8629,-17.544,-3.1906,-41.571,50.158,-12.656,500.46
0.96,-1.1816,-0.79971,2.797,0.61929,-0.77362,0.050074,-0.12443,10.995,-0.18097,0.91067,-1.082,-0.6382,-0.59932,8.174,30.369,-16.293,0,0,0,6.7748,6.8642,6.7934,6.8623,-17.095,-3.1821,-36.398,40.24,14.281,533.74
0.97,-1.0713,-0.8,2.8053,0.61595,-0.77693,0.051271,-0.11979,11.076,0.12256,0.74601,-0.919,-0.60101,-0.59632,8.005,30.338,-16.63,0,0,0,6.7754,6.8689,6.787,6.8619,-16.726,-2.9067,-30.905,34.274,40.724,564.57
0.98,-0.96011,-0.79726,2.812,0.61325,-0.77966,0.052541,-0.11527,11.155,0.4258,0.57826,-0.74511,-0.56804,-0.59605,7.8394,30.311,-16.91,0,0,0,6.7738,6.8715,6.7817,6.8618,-16.396,-2.3702,-25.116,32.356,66.389,592.68
0.99,-0.84817,-0.79148,2.8169,0.61124,-0.78179,0.053916,-0.11082,11.233,0.72881,0.408,-0.56124,-0.53833,-0.59688,7.677,30.291,-17.131,0,0,0,6.7701,6.8722,6.7774,6.8619,-16.068,-1.5837,-19.061,33.785,90.611,617.87
1,-0.73546,-0.78268,2.8201,0.60996,-0.7833,0.055435,-0.1064,11.309,1.0317,0.23584,-0.36835,-0.51121,-0.59737,7.5181,30.28,-17.291,0,0,0,6.7648,6.8711,6.7741,6.8621,-15.712,-0.56512,-12.769,37.774,112.69,639.95
1.01,-0.622,-0.77085,2.8216,0.60946,-0.78416,0.057142,-0.10197,11.383,1.3345,0.062403,-0.16751,-0.48628,-0.59625,7.363,30.281,-17.386,0,0,0,6.7581,6.8685,6.7718,6.8625,-15.306,0.66053,-6.2728,43.534,131.91,658.74
1.02,-0.50781,-0.75599,2.8214,0.60977,-0.78434,0.059083,-0.097487,11.456,1.6373,-0.11166,0.040071,-0.46344,-0.59251,7.2122,30.294,-17.416,0,0,0,6.7506,6.8646,6.7703,6.863,-14.838,2.0612,0.39426,50.277,147.58,674.06
1.03,-0.39289,-0.7381,2.8194,0.61092,-0.78383,0.061307,-0.092895,11.527,1.9404,-0.28568,0.25304,-0.44289,-0.58543,7.0664,30.322,-17.378,0,0,0,6.7429,6.8599,6.7695,6.8636,-14.3,3.5979,7.1964,57.214,158.98,685.73
1.04,-0.27727,-0.71718,2.8156,0.61294,-0.78259,0.063861,-0.08815,11.597,2.2438,-0.45899,0.46987,-0.42514,-0.57462,6.9264,30.367,-17.271,0,0,0,6.7356,6.8548,6.7695,6.8643,-13.696,5.2243,14.096,63.557,165.42,693.55
1.05,-0.16095,-0.69323,2.8102,0.61583,-0.78062,0.06679,-0.083201,11.666,2.5478,-0.63088,0.68886,-0.41097,-0.56001,6.7927,30.427,-17.096,0,0,0,6.7295,6.8497,6.7701,6.865,-13.034,6.8874,21.054,68.518,166.19,697.35
1.06,-0.043958,-0.66623,2.803,0.61959,-0.77789,0.070134,-0.077995,11.733,2.8524,-0.80067,0.90811,-0.40147,-0.5419,6.6659,30.504,-16.85,0,0,0,6.725,6.8452,6.7713,6.8658,-12.332,8.5268,28.029,71.309,160.58,696.94
1.07,0.073704,-0.63617,2.7942,0.6242,-0.77437,0.073923,-0.072477,11.799,3.1579,-0.96765,1.1256,-0.39792,-0.52093,6.5461,30.597,-16.535,0,0,0,6.7229,6.8416,6.773,6.8667,-11.617,10.075,34.978,71.141,147.88,692.13
1.08,0.19202,-0.60306,2.7837,0.62965,-0.77006,0.078177,-0.066588,11.864,3.4644,-1.1311,1.3391,-0.4018,-0.49804,6.4334,30.705,-16.151,0,0,0,6.7237,6.8394,6.7753,6.8676,-10.922,11.459,41.856,67.225,127.41,682.75
1.09,0.31098,-0.56688,2.7716,0.63589,-0.76495,0.082902,-0.06027,11.928,3.7721,-1.2904,1.5462,-0.41473,-0.47448,6.3275,30.826,-15.698,0,0,0,6.7278,6.8388,6.7778,6.8684,-10.288,12.595,48.617,58.774,98.435,668.6
1.1,0.43057,-0.52762,2.7579,0.64286,-0.75902,0.088089,-0.053466,11.991,4.081,-1.4449,1.7447,-0.43839,-0.45172,6.2273,30.956,-15.179,0,0,0,6.7354,6.8402,6.7806,6.8692,-9.7644,13.397,55.212,44.999,60.269,649.5
1.11,0.55079,-0.48526,2.7427,0.65052,-0.75227,0.093711,-0.04612,12.052,4.3912,-1.5938,1.9321,-0.47443,-0.4314,6.1316,31.092,-14.595,0,0,0,6.7465,6.8436,6.7834,6.8696,-9.4085,13.767,61.59,25.112,12.201,625.28
1.12,0.67162,-0.43979,2.726,0.65877,-0.74472,0.099718,-0.038179,12.113,4.7028,-1.7366,2.1061,-0.52448,-0.4153,6.0384,31.229,-13.948,0,0,0,6.7609,6.8488,6.7857,6.8695,-9.2852,13.605,67.7,-1.6758,-46.474,595.73
1.13,0.79305,-0.3912,2.708,0.66755,-0.73638,0.10604,-0.0296,12.173,5.0158,-1.8726,2.2647,-0.59005,-0.40527,5.9449,31.362,-13.242,0,0,0,6.7782,6.8555,6.787,6.8684,-9.4676,12.8,73.486,-36.149,-116.45,560.69
1.14,0.91508,-0.33947,2.6886,0.67675,-0.72727,0.11259,-0.020345,12.232,5.33,-2.0012,2.4061,-0.67252,-0.40315,5.8477,31.483,-12.48,0,0,0,6.7974,6.8631,6.7866,6.8658,-10.034,11.239,78.895,-78.392,-197.58,520.2
1.15,1.0377,-0.28459,2.668,0.68629,-0.71741,0.11926,-0.010386,12.29,5.6454,-2.122,2.5291,-0.77292,-0.41044,5.7427,31.584,-11.665,0,0,0,6.8167,6.8705,6.7838,6.8614,-11.057,8.8182,83.874,-126.99,-287.85,474.8
1.16,1.1609,-0.22656,2.6462,0.69606,-0.70686,0.12591,0.00029283,12.347,5.9616,-2.2344,2.6334,-0.89181,-0.42811,5.6249,31.656,-10.804,0,0,0,6.8342,6.8762,6.7776,6.8543,-12.59,5.4587,88.377,-180.35,-385.01,425.09
1.17,1.2846,-0.16536,2.6233,0.70599,-0.69564,0.1324,0.011695,12.402,6.2784,-2.3379,2.7192,-1.0295,-0.45673,5.489,31.69,-9.8997,0,0,0,6.8481,6.8788,6.7669,6.8438,-14.674,1.1026,92.364,-236.84,-486.81,371.68
1.18,1.4089,-0.10099,2.5995,0.71598,-0.68381,0.13857,0.023813,12.457,6.5952,-2.4322,2.7877,-1.1861,-0.49652,5.3295,31.675,-8.9584,0,0,0,6.8565,6.8765,6.75,6.8286,-17.332,-4.2854,95.8,-294.87,-591.01,315.17
1.19,1.5337,-0.033457,2.5747,0.72598,-0.67141,0.14428,0.036631,12.509,6.9117,-2.517,2.8403,-1.3619,-0.54748,5.1405,31.601,-7.9856,0,0,0,6.8572,6.8676,6.7254,6.8073,-20.571,-10.718,98.659,-352.83,-695.36,256.17
1.2,1.6591,0.037238,2.5492,0.73593,-0.65848,0.14935,0.050123,12.559,7.227,-2.5919,2.8791,-1.5575,-0.60948,4.9162,31.457,-6.9872,0,0,0,6.8487,6.8504,6.6911,6.7787,-24.383,-18.186,100.92,-409.1,-797.61,195.28
1.21,1.7849,0.11108,2.5229,0.74578,-0.64505,0.15361,0.064263,12.607,7.5405,-2.6567,2.9064,-1.7737,-0.68234,4.651,31.234,-5.9693,0,0,0,6.8292,6.8232,6.6454,6.741,-28.742,-26.656,102.56,-462.09,-895.53,133.11
1.22,1.9112,0.18804,2.4961,0.7555,-0.63115,0.1569,0.079021,12.652,7.8514,-2.7112,2.9247,-2.0121,-0.76587,4.3396,30.921,-4.9381,0,0,0,6.7971,6.7843,6.5864,6.6931,-33.608,-36.074,103.58,-510.19,-986.85,70.264
1.23,2.038,0.26809,2.4687,0.76509,-0.61679,0.15904,0.094371,12.694,8.1586,-2.7554,2.9367,-2.2747,-0.85991,3.9773,30.509,-3.8998,0,0,0,6.7514,6.7323,6.5126,6.6336,-38.924,-46.363,103.97,-551.78,-1069.3,7.3428
1.24,2.1651,0.3512,2.441,0.77453,-0.60198,0.15987,0.11029,12.732,8.4612,-2.7892,2.945,-2.5644,-0.96433,3.5599,29.991,-2.8609,0,0,0,6.6909,6.6661,6.4228,6.5616,-44.617,-57.424,103.73,-585.26,-1140.7,-55.047
1.25,2.2926,0.4373,2.413,0.78384,-0.58667,0.15921,0.12676,12.765,8.7581,-2.8126,2.9521,-2.8844,-1.079,3.084,29.359,-1.8274,0,0,0,6.615,6.5849,6.3161,6.4767,-50.597,-69.134,102.87,-609.02,-1198.8,-116.3
1.26,2.4204,0.52633,2.3848,0.79301,-0.57084,0.15686,0.14377,12.793,9.048,-2.8258,2.9603,-3.2386,-1.2037,2.5473,28.607,-0.80553,0,0,0,6.5234,6.4883,6.1923,6.3786,-56.76,-81.348,101.41,-621.46,-1241.3,-175.81
1.27,2.5484,0.61823,2.3565,0.80206,-0.55442,0.15262,0.16132,12.816,9.3298,-2.8288,2.9719,-3.631,-1.3381,1.9486,27.73,0.19878,0,0,0,6.4162,6.3767,6.0521,6.268,-62.983,-93.901,99.359,-620.97,-1266,-232.98
1.28,2.6767,0.7129,2.3282,0.811,-0.5373,0.1463,0.17939,12.832,9.6022,-2.8219,2.9886,-4.0652,-1.4815,1.2879,26.728,1.1798,0,0,0,6.2938,6.2507,5.897,6.1461,-69.131,-106.6,96.756,-605.94,-1270.6,-287.2
1.29,2.805,0.81024,2.3001,0.81981,-0.51938,0.13767,0.19799,12.841,9.8639,-2.8053,3.012,-4.5437,-1.6325,0.56677,25.599,2.1321,0,0,0,6.1571,6.1119,5.7299,6.0149,-75.048,-119.24,93.627,-574.89,-1253,-337.88
1.3,2.9335,0.91014,2.2722,0.82848,-0.5005,0.1265,0.21708,12.843,10.114,-2.7794,3.0429,-5.0668,-1.7891,-0.21174,24.344,3.0507,0,0,0,6.0078,5.9628,5.5546,5.8767,-80.576,-131.59,90.011,-528.22,-1213.7,-384.76
1.31,3.0619,1.0125,2.2445,0.83694,-0.48049,0.11258,0.23662,12.837,10.35,-2.7444,3.0818,-5.6322,-1.9487,-1.043,22.969,3.9309,0,0,0,5.8483,5.8069,5.3762,5.7347,-85.567,-143.45,85.945,-467.77,-1154.6,-427.8
1.32,3.1902,1.1171,2.2173,0.8451,-0.45918,0.095716,0.25653,12.822,10.573,-2.7009,3.1283,-6.2334,-2.1081,-1.9209,21.478,4.7682,0,0,0,5.6813,5.6484,5.201,5.5922,-89.892,-154.62,81.468,-395.4,-1078,-466.96
1.33,3.3183,1.2239,2.1905,0.85283,-0.43636,0.075744,0.27665,12.798,10.78,-2.6492,3.181,-6.8577,-2.2627,-2.8382,19.879,5.559,0,0,0,5.5098,5.4922,5.0372,5.453,-93.441,-164.96,76.619,-312.96,-986.18,-502.21
1.34,3.4461,1.3326,2.1643,0.85994,-0.41188,0.052592,0.2968,12.765,10.97,-2.5899,3.2379,-7.4851,-2.4071,-3.7868,18.182,6.2995,0,0,0,5.3372,5.3439,4.8936,5.3209,-96.124,-174.3,71.437,-222.33,-881.2,-533.52
1.35,3.5735,1.4432,2.1388,0.86622,-0.3856,0.0263,0.31669,12.722,11.143,-2.5234,3.296,-8.0869,-2.5348,-4.7575,16.397,6.9867,0,0,0,5.1674,5.2092,4.7795,5.1995,-97.867,-182.54,65.962,-125.37,-765.29,-560.86
1.36,3.7005,1.5554,2.1139,0.87141,-0.35744,-0.002928,0.33595,12.67,11.298,-2.4503,3.3517,-8.6265,-2.6387,-5.7408,14.535,7.6179,0,0,0,5.0056,5.0941,4.7031,5.0921,-98.616,-189.58,60.233,-23.929,-640.65,-584.2
1.37,3.8269,1.6691,2.0898,0.87528,-0.32746,-0.034691,0.35418,12.607,11.433,-2.3712,3.4008,-9.0627,-2.7118,-6.7264,12.609,8.1907,0,0,0,4.8582,5.0037,4.6702,5.002,-98.337,-195.33,54.291,80.118,-509.45,-603.51
1.38,3.9526,1.784,2.0665,0.87763,-0.29582,-0.068383,0.3709,12.535,11.55,-2.2867,3.4396,-9.3562,-2.7489,-7.7041,10.633,8.7031,0,0,0,4.7332,4.942,4.6822,4.9325,-97.011,-199.75,48.176,184.91,-373.89,-618.74
1.39,4.0776,1.9,2.0441,0.87836,-0.26282,-0.10322,0.38568,12.453,11.646,-2.1974,3.4651,-9.4771,-2.747,-8.6632,8.6187,9.1538,0,0,0,4.6392,4.9113,4.7363,4.8869,-94.642,-202.8,41.93,288.59,-236.15,-629.88
1.4,4.2017,2.0169,2.0226,0.8775,-0.22885,-0.1383,0.39812,12.362,11.722,-2.1039,3.4759,-9.4121,-2.707,-9.5935,6.5812,9.5414,0,0,0,4.5844,4.9121,4.825,4.8685,-91.249,-204.48,35.592,389.29,-98.431,-636.89
1.41,4.3248,2.1344,2.002,0.87519,-0.19437,-0.17272,0.40797,12.262,11.778,-2.0068,3.4724,-9.1681,-2.6332,-10.485,4.5338,9.8655,0,0,0,4.5741,4.9434,4.9389,4.8795,-86.872,-204.78,29.206,485.15,37.088,-639.74
1.42,4.4469,2.2524,1.9824,0.8717,-0.15985,-0.20564,0.41508,12.153,11.813,-1.9068,3.4567,-8.7703,-2.5328,-11.328,2.49,10.126,0,0,0,4.6099,5.0026,5.0686,4.9207,-81.569,-203.75,22.812,574.3,168.21,-638.4
1.43,4.5678,2.3706,1.9639,0.86739,-0.12568,-0.2364,0.41947,12.035,11.827,-1.8045,3.4319,-8.2559,-2.4145,-12.113,0.46306,10.322,0,0,0,4.6887,5.0864,5.2065,4.9907,-75.415,-201.44,16.452,654.89,292.76,-632.83
1.44,4.6875,2.4888,1.9463,0.86261,-0.09216,-0.26452,0.42124,11.911,11.822,-1.7005,3.4019,-7.6663,-2.2873,-12.834,-1.5347,10.455,0,0,0,4.8041,5.1908,5.3471,5.086,-68.506,-197.92,10.169,725.05,408.54,-623
1.45,4.806,2.607,1.9299,0.85769,-0.059476,-0.28974,0.42057,11.779,11.797,-1.5956,3.3705,-7.0396,-2.1591,-13.481,-3.4917,10.526,0,0,0,4.9475,5.3112,5.4872,5.2017,-60.955,-193.3,4.0062,782.91,513.36,-608.88
1.46,4.9231,2.7247,1.9144,0.85293,-0.02771,-0.31193,0.41766,11.641,11.752,-1.4902,3.3408,-6.4073,-2.036,-14.051,-5.3975,10.535,0,0,0,5.1098,5.4429,5.6249,5.332,-52.895,-187.7,-1.994,826.62,605.04,-590.44
1.47,5.0388,2.8419,1.9001,0.84854,0.003145,-0.33111,0.41273,11.498,11.689,-1.3851,3.315,-5.7918,-1.9225,-14.538,-7.2429,10.486,0,0,0,5.2825,5.5813,5.7588,5.4713,-44.474,-181.25,-7.7883,854.9,681.98,-567.73
1.48,5.1531,2.9584,1.8867,0.84466,0.033156,-0.34735,0.40596,11.351,11.608,-1.2807,3.2946,-5.2073,-1.8211,-14.94,-9.0202,10.381,0,0,0,5.4578,5.722,5.8881,5.6142,-35.846,-174.11,-13.336,868.44,744.63,-541.09
1.49,5.2658,3.074,1.8744,0.84138,0.062425,-0.36078,0.39751,11.2,11.509,-1.1776,3.28,-4.6606,-1.733,-15.255,-10.723,10.221,0,0,0,5.63,5.8612,6.0121,5.7561,-27.151,-166.4,-18.598,868.39,793.9,-510.91
1.5,5.377,3.1886,1.8632,0.83875,0.091068,-0.37153,0.38752,11.046,11.394,-1.0764,3.2709,-4.1533,-1.6581,-15.483,-12.347,10.01,0,0,0,5.7945,5.9957,6.1294,5.8933,-18.52,-158.27,-23.543,855.87,830.65,-477.59
1.51,5.4867,3.3019,1.8529,0.83674,0.11919,-0.37974,0.37611,10.89,11.262,-0.9776,3.2664,-3.684,-1.5959,-15.626,-13.888,9.7509,0,0,0,5.9484,6.1226,6.2393,6.023,-10.071,-149.83,-28.141,832,855.79,-441.51
1.52,5.5948,3.4138,1.8436,0.83532,0.1469,-0.38552,0.36336,10.734,11.116,-0.88157,3.265,-3.2495,-1.5452,-15.685,-15.343,9.4481,0,0,0,6.0895,6.2401,6.3406,6.1432,-1.9137,-141.19,-32.366,797.93,870.2,-403.09
1.53,5.7014,3.5241,1.8353,0.83443,0.17425,-0.38898,0.34938,10.577,10.956,-0.78877,3.2647,-2.8456,-1.5047,-15.665,-16.711,9.1049,0,0,0,6.2166,6.3466,6.4326,6.2524,5.8569,-132.46,-36.196,754.77,874.77,-362.7
1.54,5.8064,3.6328,1.8278,0.83397,0.20127,-0.39019,0.33427,10.421,10.782,-0.69959,3.2633,-2.4686,-1.473,-15.57,-17.992,8.7255,0,0,0,6.3292,6.4411,6.5151,6.3499,13.155,-123.73,-39.615,703.65,870.38,-320.76
1.55,5.9098,3.7397,1.8213,0.83384,0.22798,-0.38926,0.31813,10.266,10.596,-0.61437,3.2583,-2.1149,-1.4485,-15.404,-19.186,8.314,0,0,0,6.4274,6.5231,6.5876,6.4355,19.907,-115.08,-42.607,645.72,857.93,-277.65
1.56,6.0117,3.8447,1.8155,0.83394,0.25432,-0.38626,0.30111,10.113,10.399,-0.5334,3.247,-1.7817,-1.4297,-15.174,-20.294,7.8748,0,0,0,6.5114,6.5925,6.6505,6.5095,26.051,-106.59,-45.165,582.09,838.3,-233.77
1.57,6.1121,3.9477,1.8106,0.83413,0.28023,-0.38131,0.28337,9.9624,10.191,-0.45695,3.2268,-1.4672,-1.415,-14.885,-21.319,7.4122,0,0,0,6.5819,6.6496,6.704,6.5722,31.534,-98.333,-47.282,513.89,812.39,-189.52
1.58,6.211,4.0485,1.8064,0.83431,0.3056,-0.37453,0.26509,9.8152,9.9726,-0.38522,3.1954,-1.1707,-1.4029,-14.545,-22.262,6.9307,0,0,0,6.6399,6.6949,6.7488,6.6245,36.317,-90.362,-48.955,442.26,781.07,-145.28
1.59,6.3084,4.1471,1.8029,0.83436,0.33031,-0.36605,0.24648,9.6717,9.7456,-0.31839,3.1509,-0.89224,-1.3918,-14.161,-23.127,6.4346,0,0,0,6.6864,6.729,6.7854,6.6675,40.371,-82.727,-50.189,368.32,745.24,-101.46
1.6,6.4044,4.2434,1.8,0.83418,0.35421,-0.35607,0.22779,9.5321,9.5103,-0.25657,3.0916,-0.63265,-1.3803,-13.741,-23.918,5.9283,0,0,0,6.7226,6.753,6.8147,6.7023,43.679,-75.469,-50.987,293.2,705.78,-58.458
1.61,6.4991,4.3373,1.7977,0.83372,0.37717,-0.34479,0.20923,9.397,9.2674,-0.19984,3.017,-0.39335,-1.367,-13.29,-24.638,5.4162,0,0,0,6.7498,6.7678,6.8376,6.7301,46.235,-68.62,-51.362,218.04,663.59,-16.659
1.62,6.5924,4.4287,1.796,0.83291,0.39906,-0.33243,0.19105,9.2664,9.0178,-0.14825,2.9268,-0.17608,-1.3505,-12.818,-25.291,4.9025,0,0,0,6.7692,6.7748,6.855,6.752,48.044,-62.203,-51.326,143.96,619.55,23.537
1.63,6.6844,4.5176,1.7947,0.83174,0.41976,-0.31925,0.17345,9.1406,8.7618,-0.10178,2.8217,0.017444,-1.3296,-12.332,-25.883,4.391,0,0,0,6.7821,6.7752,6.8678,6.7694,49.122,-56.232,-50.898,72.085,574.55,61.735
1.64,6.7752,4.6039,1.7939,0.83022,0.4392,-0.30548,0.1566,9.0198,8.5003,-0.060405,2.7028,0.18575,-1.3032,-11.838,-26.418,3.8857,0,0,0,6.7897,6.7704,6.8768,6.7832,49.497,-50.713,-50.099,3.5518,529.48,97.539
1.65,6.8648,4.6876,1.7935,0.82836,0.45732,-0.29138,0.14065,8.9039,8.2337,-0.024035,2.5721,0.32783,-1.2706,-11.344,-26.899,3.3902,0,0,0,6.7932,6.7616,6.8828,6.7943,49.208,-45.64,-48.956,-60.512,485.23,130.55
1.66,6.9533,4.7686,1.7934,0.82621,0.47409,-0.27717,0.12568,8.7929,7.9625,0.0074423,2.4315,0.44328,-1.2312,-10.856,-27.332,2.9077,0,0,0,6.7935,6.7502,6.8864,6.8035,48.305,-41.002,-47.499,-118.98,442.68,160.38
1.67,7.0407,4.8468,1.7936,0.82382,0.48952,-0.26306,0.11174,8.6867,7.6872,0.034172,2.2833,0.53246,-1.1847,-10.38,-27.72,2.4412,0,0,0,6.7917,6.7376,6.8882,6.8113,46.851,-36.778,-45.761,-170.72,402.72,186.64
1.68,7.127,4.9223,1.7941,0.82126,0.50364,-0.24923,0.098846,8.5852,7.4082,0.056328,2.13,0.5964,-1.1312,-9.9207,-28.069,1.9933,0,0,0,6.7886,6.7247,6.8886,6.8181,44.915,-32.937,-43.779,-215.09,365.91,209.09
1.69,7.2124,4.995,1.7947,0.81858,0.51648,-0.23581,0.086959,8.4882,7.1259,0.074107,1.9739,0.63672,-1.0711,-9.4829,-28.38,1.5663,0,0,0,6.7848,6.7124,6.8881,6.8242,42.572,-29.449,-41.591,-252.38,332.18,227.9
1.7,7.2968,5.0648,1.7956,0.81585,0.52812,-0.22294,0.076028,8.3955,6.8407,0.087729,1.8169,0.65536,-1.0049,-9.0704,-28.659,1.162,0,0,0,6.7808,6.7012,6.8869,6.8298,39.89,-26.284,-39.232,-282.98,301.38,243.24
1.71,7.3803,5.1318,1.7965,0.81312,0.53861,-0.21068,0.065977,8.3067,6.5528,0.097429,1.6609,0.65454,-0.93327,-8.686,-28.907,0.78208,0,0,0,6.7771,6.6916,6.8855,6.835,36.934,-23.413,-36.737,-307.3,273.37,255.29
1.72,7.463,5.1959,1.7975,0.81043,0.54803,-0.19911,0.056719,8.2217,6.2626,0.10346,1.5073,0.63663,-0.857,-8.3324,-29.128,0.42764,0,0,0,6.7738,6.6838,6.8839,6.8399,33.764,-20.808,-34.137,-325.73,247.99,264.24
1.73,7.5448,5.257,1.7985,0.80784,0.55645,-0.18826,0.048158,8.14,5.9704,0.10607,1.3574,0.60403,-0.77697,-8.0113,-29.324,0.099592,0,0,0,6.7713,6.678,6.8823,6.8445,30.437,-18.444,-31.462,-338.68,225.11,270.26
1.74,7.6258,5.3153,1.7996,0.80536,0.56395,-0.17815,0.040198,8.0613,5.6762,0.10554,1.2121,0.55913,-0.69411,-7.724,-29.497,-0.20145,0,0,0,6.7697,6.6745,6.8808,6.8488,27.007,-16.298,-28.741,-346.53,204.56,273.55
1.75,7.706,5.3706,1.8006,0.80304,0.57059,-0.16878,0.032743,7.9854,5.3805,0.10213,1.0723,0.50427,-0.6094,-7.4713,-29.651,-0.47515,0,0,0,6.769,6.673,6.8793,6.8527,23.522,-14.346,-25.999,-349.69,186.22,274.27
1.76,7.7855,5.4229,1.8016,0.80088,0.57644,-0.16013,0.025702,7.9118,5.0833,0.096126,0.93854,0.44163,-0.52383,-7.2536,-29.785,-0.72145,0,0,0,6.7694,6.6737,6.8781,6.8562,20.028,-12.567,-23.263,-348.56,169.92,272.62
1.77,7.8642,5.4722,1.8026,0.79891,0.58157,-0.1522,0.018991,7.8402,4.7848,0.087793,0.81137,0.37326,-0.43839,-7.0707,-29.902,-0.94051,0,0,0,6.7707,6.6764,6.877,6.8593,16.564,-10.941,-20.554,-343.53,155.53,268.77
1.78,7.9423,5.5186,1.8034,0.79713,0.58602,-0.14494,0.012532,7.7702,4.4853,0.077405,0.69113,0.30103,-0.35401,-6.9221,-30.004,-1.1327,0,0,0,6.7731,6.6809,6.8761,6.862,13.169,-9.4504,-17.894,-335,142.89,262.91
1.79,8.0197,5.5619,1.8041,0.79554,0.58987,-0.13832,0.0062564,7.7016,4.1848,0.065227,0.57808,0.22663,-0.27159,-6.807,-30.092,-1.2986,0,0,0,6.7764,6.6872,6.8753,6.8643,9.8744,-8.0779,-15.302,-323.37,131.86,255.23
1.8,8.0963,5.6023,1.8047,0.79414,0.59315,-0.1323,0.0001019,7.634,3.8835,0.051518,0.4724,0.15155,-0.19194,-6.7242,-30.166,-1.439,0,0,0,6.7805,6.695,6.8747,6.8661,6.7102,-6.8084,-12.795,-309.05,122.29,245.89
1.81,8.1723,5.6396,1.8051,0.79294,0.59593,-0.12683,-0.0059842,7.567,3.5815,0.036528,0.37422,0.07711,-0.11577,-6.6722,-30.228,-1.5549,0,0,0,6.7854,6.7041,6.8742,6.8676,3.7011,-5.6278,-10.389,-292.42,114.03,235.09
1.82,8.2477,5.6739,1.8054,0.79191,0.59823,-0.12187,-0.012048,7.5005,3.279,0.020499,0.2836,0.0044244,-0.043727,-6.6496,-30.279,-1.6472,0,0,0,6.7909,6.7143,6.8739,6.8687,0.86824,-4.5238,-8.0979,-273.88,106.94,223
1.83,8.3223,5.7052,1.8055,0.79105,0.60011,-0.11737,-0.018126,7.434,2.976,0.0036583,0.20052,-0.065564,0.023683,-6.6542,-30.319,-1.7172,0,0,0,6.797,6.7254,6.8737,6.8696,-1.7714,-3.4855,-5.933,-253.84,100.88,209.81
1.84,8.3964,5.7334,1.8055,0.79035,0.6016,-0.11328,-0.024252,7.3673,2.6726,-0.013776,0.12496,-0.13209,0.086053,-6.6843,-30.349,-1.7663,0,0,0,6.8035,6.7372,6.8737,6.8702,-4.2048,-2.5034,-3.9047,-232.68,95.682,195.7
1.85,8.4697,5.7586,1.8053,0.78979,0.60275,-0.10955,-0.030449,7.3002,2.369,-0.031603,0.056811,-0.19455,0.1431,-6.7376,-30.369,-1.7958,0,0,0,6.8103,6.7495,6.8737,6.8707,-6.4228,-1.5695,-2.0214,-210.82,91.214,180.86
1.86,8.5424,5.7808,1.8049,0.78935,0.60358,-0.10614,-0.036737,7.2325,2.0653,-0.049633,-0.0040591,-0.25252,0.19465,-6.812,-30.38,-1.8072,0,0,0,6.8172,6.7619,6.8739,6.871,-8.4202,-0.67719,-0.28946,-188.65,87.325,165.45
1.87,8.6143,5.7999,1.8043,0.78902,0.60414,-0.103,-0.043131,7.1639,1.7615,-0.067693,-0.05783,-0.3057,0.24066,-6.9053,-30.383,-1.8021,0,0,0,6.8241,6.7744,6.8742,6.8713,-10.196,0.17848,1.2864,-166.56,83.868,149.68
1.88,8.6856,5.816,1.8035,0.78878,0.60444,-0.10009,-0.04964,7.0943,1.4577,-0.085625,-0.10472,-0.35395,0.28118,-7.0152,-30.377,-1.7821,0,0,0,6.8309,6.7866,6.8746,6.8716,-11.753,1.0011,2.7035,-144.96,80.697,133.71
1.89,8.7562,5.8291,1.8026,0.78861,0.60453,-0.097381,-0.05627,7.0235,1.1539,-0.10329,-0.14498,-0.39727,0.3164,-7.1396,-30.363,-1.7486,0,0,0,6.8375,6.7984,6.875,6.8719,-13.098,1.7929,3.9607,-124.24,77.663,117.74
1.9,8.8261,5.8391,1.8014,0.78849,0.60442,-0.094825,-0.063023,6.9515,0.85042,-0.12056,-0.1789,-0.43579,0.34659,-7.2765,-30.341,-1.7034,0,0,0,6.8436,6.8097,6.8755,6.8723,-14.242,2.5544,5.0588,-104.8,74.621,101.93
1.91,8.8952,5.8461,1.8001,0.7884,0.60415,-0.092396,-0.069899,6.878,0.54715,-0.13732,-0.20679,-0.46977,0.37212,-7.4239,-30.312,-1.6479,0,0,0,6.8493,6.8201,6.876,6.8728,-15.2,3.2848,6.0005,-87.041,71.423,86.487
1.92,8.9636,5.85,1.7987,0.78834,0.60374,-0.090066,-0.076895,6.803,0.24421,-0.15349,-0.22897,-0.49956,0.39346,-7.5799,-30.276,-1.5839,0,0,0,6.8544,6.8295,6.8765,6.8734,-15.99,3.9818,6.7903,-71.344,67.929,71.573
1.93,9.0313,5.851,1.7971,0.78827,0.60321,-0.087813,-0.084007,6.7264,-0.058337,-0.16898,-0.2458,-0.52563,0.41114,-7.7432,-30.232,-1.5126,0,0,0,6.8588,6.8379,6.877,6.8742,-16.634,4.6423,7.4342,-57.837,64.119,57.311
1.94,9.0982,5.8489,1.7953,0.78818,0.60259,-0.08562,-0.091228,6.6481,-0.36042,-0.18372,-0.25759,-0.54844,0.42568,-7.9122,-30.183,-1.4356,0,0,0,6.8626,6.8452,6.8774,6.875,-17.154,5.2635,7.9389,-46.415,60.083,43.767
1.95,9.1643,5.8438,1.7934,0.78807,0.60189,-0.083471,-0.098552,6.5681,-0.66197,-0.19767,-0.2647,-0.56841,0.43756,-8.0859,-30.127,-1.3543,0,0,0,6.8656,6.8514,6.8777,6.8758,-17.569,5.8435,8.3121,-36.968,55.911,31.002
1.96,9.2295,5.8356,1.7914,0.78791,0.60112,-0.081356,-0.10597,6.4864,-0.96295,-0.2108,-0.26744,-0.58596,0.44727,-8.2633,-30.066,-1.2698,0,0,0,6.868,6.8567,6.8779,6.8766,-17.899,6.3815,8.5618,-29.383,51.697,19.081
1.97,9.294,5.8245,1.7892,0.78769,0.60032,-0.07927,-0.11347,6.4028,-1.2633,-0.22306,-0.26615,-0.60147,0.45523,-8.4436,-30,-1.1834,0,0,0,6.8698,6.8609,6.8779,6.8773,-18.162,6.8776,8.6967,-23.55,47.533,8.0657
1.98,9.3576,5.8104,1.7869,0.78741,0.59948,-0.077208,-0.12105,6.3175,-1.5629,-0.23446,-0.26117,-0.6153,0.46185,-8.6264,-29.929,-1.0962,0,0,0,6.8709,6.8642,6.8778,6.878,-18.376,7.3327,8.7263,-19.356,43.51,-1.9801
1.99,9.4203,5.7932,1.7845,0.78704,0.59863,-0.075171,-0.12869,6.2303,-1.8618,-0.24499,-0.25283,-0.62781,0.46753,-8.811,-29.853,-1.0092,0,0,0,6.8714,6.8665,6.8775,6.8785,-18.555,7.7486,8.6606,-16.69,39.722,-10.994
2,9.4822,5.7731,1.782,0.78658,0.59778,-0.07316,-0.13639,6.1412,-2.16,-0.25465,-0.24148,-0.63933,0.47261,-8.9974,-29.774,-0.9233,0,0,0,6.8714,6.8679,6.877,6.8789,-18.714,8.1282,8.5101,-15.442,36.26,-18.912
2.01,9.5431,5.7501,1.7794,0.78603,0.59693,-0.07118,-0.14412,6.0503,-2.4573,-0.26346,-0.22746,-0.65019,0.47744,-9.1853,-29.691,-0.83926,0,0,0,6.8708,6.8685,6.8764,6.8792,-18.868,8.4752,8.2862,-15.498,33.216,-25.672
2.02,9.6032,5.724,1.7767,0.78537,0.59609,-0.069238,-0.15189,5.9575,-2.7538,-0.27144,-0.21114,-0.6607,0.48232,-9.3748,-29.604,-0.75778,0,0,0,6.8698,6.8682,6.8757,6.8794,-19.028,8.7942,8.0007,-16.748,30.684,-31.211
2.03,9.6623,5.695,1.774,0.78461,0.59528,-0.067343,-0.15968,5.8628,-3.0494,-0.27863,-0.19288,-0.67118,0.48753,-9.5659,-29.515,-0.67941,0,0,0,6.8684,6.8673,6.8748,6.8795,-19.206,9.0909,7.6663,-19.081,28.754,-35.466
2.04,9.7204,5.663,1.7712,0.78373,0.59449,-0.065503,-0.16748,5.7662,-3.3441,-0.28504,-0.17306,-0.68194,0.49334,-9.759,-29.423,-0.60457,0,0,0,6.8666,6.8656,6.8739,6.8794,-19.413,9.3716,7.2959,-22.384,27.52,-38.373
2.05,9.7776,5.6281,1.7683,0.78275,0.59374,-0.063732,-0.17527,5.6676,-3.6378,-0.29073,-0.15209,-0.69329,0.5,-9.9543,-29.328,-0.53357,0,0,0,6.8646,6.8632,6.8728,6.8793,-19.657,9.6439,6.9035,-26.547,27.074,-39.87
2.06,9.8338,5.5903,1.7654,0.78165,0.59301,-0.062041,-0.18306,5.5671,-3.9306,-0.29573,-0.13036,-0.70555,0.50773,-10.152,-29.23,-0.46653,0,0,0,6.8622,6.8603,6.8718,6.8791,-19.946,9.916,6.5034,-31.457,27.507,-39.894
2.07,9.8889,5.5495,1.7624,0.78044,0.59232,-0.060444,-0.19083,5.4646,-4.2224,-0.30008,-0.1083,-0.71905,0.51674,-10.353,-29.129,-0.40347,0,0,0,6.8597,6.8568,6.8707,6.8788,-20.288,10.197,6.1108,-37.003,28.912,-38.381
2.08,9.9431,5.5058,1.7594,0.77912,0.59166,-0.058953,-0.19858,5.36,-4.5132,-0.30381,-0.086343,-0.73414,0.52723,-10.558,-29.026,-0.34424,0,0,0,6.8571,6.8527,6.8696,6.8785,-20.688,10.498,5.7411,-43.074,31.381,-35.269
2.09,9.9961,5.4592,1.7563,0.7777,0.59103,-0.057584,-0.2063,5.2534,-4.8029,-0.30697,-0.064943,-0.75115,0.53937,-10.767,-28.919,-0.28852,0,0,0,6.8543,6.8482,6.8686,6.8781,-21.151,10.829,5.4109,-49.559,35.007,-30.494
2.1,10.048,5.4098,1.7532,0.77617,0.59041,-0.05635,-0.214,5.1447,-5.0916,-0.30959,-0.04457,-0.77046,0.55332,-10.981,-28.809,-0.23583,0,0,0,6.8515,6.8431,6.8677,6.8777,-21.68,11.202,5.137,-56.345,39.881,-23.994
2.11,10.099,5.3574,1.7501,0.77455,0.58981,-0.055266,-0.22167,5.0338,-5.3791,-0.3117,-0.02571,-0.79245,0.56924,-11.201,-28.695,-0.18553,0,0,0,6.8488,6.8377,6.8668,6.8773,-22.279,11.631,4.937,-63.322,46.096,-15.707
2.12,10.149,5.3022,1.747,0.77285,0.58921,-0.054344,-0.22931,4.9206,-5.6654,-0.31331,-0.0088534,-0.81752,0.58725,-11.427,-28.576,-0.13679,0,0,0,6.846,6.8319,6.866,6.8769,-22.947,12.129,4.8287,-70.388,53.669,-5.6945
2.13,10.197,5.2441,1.7439,0.77106,0.5886,-0.053597,-0.23695,4.8052,-5.9506,-0.31443,0.005582,-0.84606,0.60748,-11.66,-28.452,-0.088599,0,0,0,6.8433,6.8257,6.8653,6.8764,-23.686,12.708,4.8278,-77.463,62.471,5.726
2.14,10.245,5.1832,1.7407,0.7692,0.58796,-0.053038,-0.24457,4.6874,-6.2345,-0.31508,0.017294,-0.87841,0.63001,-11.901,-28.322,-0.039831,0,0,0,6.8407,6.8193,6.8646,6.876,-24.496,13.382,4.9467,-84.471,72.352,18.208
2.15,10.291,5.1194,1.7376,0.76728,0.58728,-0.052678,-0.25221,4.5671,-6.517,-0.31522,0.026093,-0.91488,0.65491,-12.151,-28.184,0.010765,0,0,0,6.8381,6.8126,6.8639,6.8755,-25.375,14.158,5.1943,-91.335,83.165,31.404
2.16,10.336,5.0528,1.7344,0.76531,0.58653,-0.052529,-0.25987,4.4443,-6.7981,-0.31485,0.031902,-0.95574,0.68221,-12.409,-28.038,0.064504,0,0,0,6.8355,6.8058,6.8632,6.875,-26.322,15.047,5.5761,-97.976,94.76,44.969
2.17,10.38,4.9835,1.7313,0.76328,0.5857,-0.052601,-0.26756,4.3189,-7.0777,-0.31392,0.034749,-1.0012,0.71191,-12.677,-27.883,0.12274,0,0,0,6.8329,6.799,6.8625,6.8745,-27.334,16.056,6.0938,-104.32,106.99,58.554
2.18,10.423,4.9113,1.7281,0.76122,0.58477,-0.052907,-0.27531,4.1908,-7.3557,-0.31238,0.034765,-1.0514,0.744,-12.956,-27.717,0.18683,0,0,0,6.8304,6.7921,6.8617,6.8739,-28.407,17.189,6.746,-110.29,119.71,71.813
2.19,10.464,4.8363,1.725,0.75911,0.58372,-0.053455,-0.28313,4.0598,-7.632,-0.31016,0.032182,-1.1063,0.77843,-13.246,-27.539,0.25809,0,0,0,6.8278,6.7853,6.8609,6.8732,-29.538,18.451,7.5278,-115.8,132.76,84.399
2.2,10.504,4.7587,1.7219,0.75697,0.58253,-0.054257,-0.29104,3.9258,-7.9065,-0.30719,0.027323,-1.166,0.8151,-13.547,-27.347,0.33779,0,0,0,6.8253,6.7787,6.8599,6.8725,-30.721,19.845,8.4306,-120.78,146,95.966
2.21,10.542,4.6782,1.7189,0.7548,0.58118,-0.055325,-0.29906,3.7888,-8.1789,-0.30337,0.0206,-1.2305,0.8539,-13.86,-27.141,0.42707,0,0,0,6.8228,6.7723,6.8588,6.8717,-31.952,21.371,9.4426,-125.16,159.29,106.17
2.22,10.58,4.5951,1.7159,0.7526,0.57966,-0.056669,-0.3072,3.6486,-8.4492,-0.29861,0.012511,-1.2994,0.89469,-14.186,-26.919,0.52695,0,0,0,6.8204,6.7661,6.8577,6.8708,-33.222,23.03,10.548,-128.85,172.47,114.65
2.23,10.615,4.5092,1.7129,0.75037,0.57795,-0.058303,-0.31548,3.505,-8.7173,-0.29279,0.0036298,-1.3726,0.93728,-14.525,-26.68,0.63828,0,0,0,6.8181,6.7604,6.8564,6.8698,-34.526,24.82,11.729,-131.78,185.39,121.08
2.24,10.65,4.4207,1.71,0.7481,0.57603,-0.060239,-0.32389,3.358,-8.9828,-0.2858,-0.0053977,-1.4497,0.98148,-14.877,-26.423,0.7617,0,0,0,6.8158,6.7552,6.8551,6.8687,-35.855,26.737,12.962,-133.87,197.9,125.1
2.25,10.682,4.3296,1.7072,0.74579,0.5739,-0.062492,-0.33246,3.2075,-9.2456,-0.27752,-0.013862,-1.5302,1.027,-15.242,-26.145,0.89761,0,0,0,6.8137,6.7507,6.8537,6.8676,-37.2,28.776,14.222,-135.04,209.87,126.36
2.26,10.714,4.2358,1.7045,0.74343,0.57155,-0.065075,-0.34118,3.0532,-9.5056,-0.26781,-0.020995,-1.6136,1.0737,-15.621,-25.847,1.0461,0,0,0,6.8118,6.7468,6.8522,6.8665,-38.552,30.932,15.479,-135.22,221.13,124.53
2.27,10.744,4.1395,1.7018,0.74102,0.56897,-0.068004,-0.35004,2.895,-9.7625,-0.25655,-0.02598,-1.6991,1.1211,-16.013,-25.526,1.2071,0,0,0,6.8101,6.7439,6.8509,6.8654,-39.901,33.196,16.701,-134.33,231.54,119.24
2.28,10.772,4.0406,1.6993,0.73855,0.56616,-0.071295,-0.35905,2.7329,-10.016,-0.24363,-0.027961,-1.7861,1.169,-16.419,-25.182,1.3799,0,0,0,6.8086,6.7419,6.8495,6.8644,-41.235,35.559,17.851,-132.29,240.96,110.16
2.29,10.798,3.9392,1.697,0.73601,0.56313,-0.074964,-0.36817,2.5666,-10.266,-0.22892,-0.026042,-1.8736,1.2171,-16.837,-24.815,1.5637,0,0,0,6.8075,6.741,6.8483,6.8635,-42.543,38.011,18.89,-129.03,249.22,96.943
2.3,10.823,3.8353,1.6948,0.73339,0.55987,-0.079027,-0.37741,2.3961,-10.512,-0.21232,-0.019303,-1.9607,1.265,-17.269,-24.422,1.7572,0,0,0,6.8067,6.7412,6.8473,6.8629,-43.811,40.539,19.775,-124.46,256.2,79.251
2.31,10.846,3.729,1.6927,0.73067,0.55641,-0.083501,-0.38672,2.2212,-10.754,-0.19375,-0.0068493,-2.0463,1.3124,-17.714,-24.004,1.9585,0,0,0,6.8063,6.7427,6.8465,6.8624,-45.028,43.13,20.461,-118.58,261.82,57.228
2.32,10.867,3.6202,1.6909,0.72785,0.55275,-0.0884,-0.39609,2.0418,-10.992,-0.17313,0.01203,-2.1296,1.359,-18.17,-23.559,2.1656,0,0,0,6.8063,6.7452,6.8459,6.8623,-46.179,45.771,20.907,-111.4,266.12,31.54
2.33,10.887,3.5091,1.6893,0.72491,0.54892,-0.093738,-0.40547,1.8577,-11.226,-0.15043,0.037808,-2.2095,1.4046,-18.637,-23.088,2.3758,0,0,0,6.8067,6.7487,6.8457,6.8625,-47.252,48.449,21.081,-102.98,269.13,2.8823
2.34,10.905,3.3957,1.6879,0.72184,0.54493,-0.099528,-0.41483,1.669,-11.454,-0.12562,0.070742,-2.2855,1.4489,-19.114,-22.59,2.5862,0,0,0,6.8076,6.7531,6.8459,6.8631,-48.234,51.15,20.957,-93.357,270.89,-28.052
2.35,10.92,3.2801,1.6868,0.71863,0.54082,-0.10578,-0.42414,1.4754,-11.677,-0.098712,0.11088,-2.3569,1.4918,-19.601,-22.065,2.7939,0,0,0,6.809,6.7581,6.8464,6.864,-49.115,53.862,20.515,-82.562,271.44,-60.567
2.36,10.934,3.1622,1.6859,0.71526,0.53661,-0.1125,-0.43335,1.2769,-11.895,-0.06976,0.1581,-2.4232,1.5331,-20.096,-21.513,2.9954,0,0,0,6.8108,6.7636,6.8473,6.8652,-49.882,56.575,19.743,-70.638,270.8,-93.97
2.37,10.946,3.0422,1.6854,0.71173,0.53232,-0.11968,-0.44243,1.0735,-12.107,-0.038835,0.2121,-2.4843,1.5729,-20.598,-20.934,3.1876,0,0,0,6.813,6.7695,6.8484,6.8667,-50.524,59.275,18.635,-57.625,269.02,-127.57
2.38,10.955,2.9201,1.6852,0.70802,0.52798,-0.12734,-0.45135,0.86494,-12.314,-0.00605,0.27243,-2.5399,1.6111,-21.106,-20.327,3.367,0,0,0,6.8155,6.7755,6.8497,6.8683,-51.031,61.951,17.193,-43.562,266.13,-160.66
2.39,10.963,2.7959,1.6853,0.70413,0.52362,-0.13547,-0.46008,0.65132,-12.514,0.028452,0.33851,-2.5902,1.6477,-21.619,-19.695,3.5304,0,0,0,6.8182,6.7814,6.8512,6.8701,-51.392,64.594,15.426,-28.489,262.17,-192.56
2.4,10.968,2.6698,1.6857,0.70004,0.51925,-0.14406,-0.46858,0.43256,-12.708,0.064493,0.40964,-2.6351,1.6827,-22.134,-19.036,3.6745,0,0,0,6.8209,6.787,6.8527,6.8718,-51.597,67.191,13.348,-12.445,257.17,-222.57
2.41,10.972,2.5418,1.6866,0.69574,0.5149,-0.15311,-0.47684,0.20864,-12.894,0.10187,0.48499,-2.675,1.7163,-22.65,-18.351,3.7964,0,0,0,6.8238,6.7921,6.8542,6.8733,-51.638,69.734,10.983,4.5301,251.17,-249.99
2.42,10.973,2.412,1.6878,0.69123,0.51059,-0.1626,-0.48483,-0.020438,-13.074,0.14034,0.56365,-2.7103,1.7484,-23.166,-17.641,3.8933,0,0,0,6.8265,6.7965,6.8555,6.8746,-51.504,72.211,8.3595,22.398,244.2,-274.14
2.43,10.971,2.2803,1.6894,0.6865,0.50632,-0.17251,-0.49254,-0.25467,-13.247,0.17964,0.64455,-2.7413,1.7793,-23.679,-16.907,3.9628,0,0,0,6.8291,6.8001,6.8565,6.8754,-51.187,74.615,5.5137,41.117,236.3,-294.31
2.44,10.968,2.147,1.6914,0.68154,0.50211,-0.18284,-0.49996,-0.49401,-13.413,0.2195,0.72655,-2.7686,1.8089,-24.189,-16.149,4.003,0,0,0,6.8314,6.8027,6.8572,6.8756,-50.679,76.934,2.4889,60.651,227.51,-309.81
2.45,10.961,2.0121,1.6938,0.67634,0.49796,-0.19356,-0.50709,-0.73842,-13.57,0.2596,0.80835,-2.7927,1.8374,-24.692,-15.369,4.0122,0,0,0,6.8336,6.8041,6.8576,6.8751,-49.971,79.162,-0.66463,80.957,217.86,-319.95
2.46,10.953,1.8757,1.6966,0.6709,0.49387,-0.20463,-0.51391,-0.98783,-13.72,0.29963,0.88852,-2.814,1.8648,-25.188,-14.566,3.9894,0,0,0,6.8354,6.8044,6.8576,6.8737,-49.057,81.289,-3.8899,102,207.39,-324.04
2.47,10.942,1.7377,1.6998,0.66521,0.48984,-0.21605,-0.52045,-1.2421,-13.861,0.33928,0.96548,-2.8331,1.8911,-25.673,-13.743,3.9344,0,0,0,6.8371,6.8036,6.8572,6.8714,-47.929,83.307,-7.1229,123.73,196.13,-321.37
2.48,10.928,1.5985,1.7033,0.65928,0.48587,-0.22776,-0.5267,-1.5012,-13.995,0.37821,1.0375,-2.8503,1.9165,-26.145,-12.901,3.8472,0,0,0,6.8386,6.8015,6.8566,6.868,-46.58,85.209,-10.293,146.12,184.12,-311.28
2.49,10.912,1.4579,1.7073,0.65308,0.48192,-0.23974,-0.53269,-1.765,-14.119,0.41612,1.1026,-2.8661,1.9408,-26.604,-12.039,3.729,0,0,0,6.84,6.7984,6.8557,6.8636,-45.005,86.987,-13.323,169.02,171.39,-293.7
2.5,10.893,1.3161,1.7117,0.64664,0.478,-0.25193,-0.53843,-2.0333,-14.235,0.4527,1.1592,-2.8807,1.964,-27.045,-11.161,3.5814,0,0,0,6.8414,6.7944,6.8548,6.8582,-43.199,88.635,-16.145,192.14,157.98,-269.54
2.51,10.871,1.1732,1.7164,0.63995,0.47406,-0.26429,-0.54395,-2.3058,-14.343,0.48766,1.2057,-2.8941,1.9861,-27.467,-10.267,3.407,0,0,0,6.8428,6.7898,6.8538,6.852,-41.162,90.145,-18.695,215.18,143.93,-239.78
2.52,10.846,1.0293,1.7214,0.63301,0.47009,-0.27676,-0.54929,-2.5825,-14.441,0.52076,1.241,-2.9065,2.007,-27.867,-9.3588,3.2086,0,0,0,6.8441,6.7848,6.8528,6.8451,-38.897,91.511,-20.925,237.82,129.27,-205.41
2.53,10.819,0.88442,1.7268,0.62584,0.46606,-0.28928,-0.55446,-2.8631,-14.53,0.55176,1.2643,-2.9177,2.0266,-28.244,-8.4375,2.9897,0,0,0,6.8455,6.7797,6.8519,6.8377,-36.408,92.728,-22.792,259.76,114.04,-167.41
2.54,10.789,0.73872,1.7324,0.61844,0.46194,-0.3018,-0.55951,-3.1473,-14.609,0.58049,1.2748,-2.9276,2.0449,-28.595,-7.5048,2.7541,0,0,0,6.8469,6.7746,6.8512,6.83,-33.705,93.79,-24.264,280.7,98.274,-126.76
2.55,10.756,0.59226,1.7384,0.61083,0.45771,-0.31426,-0.56447,-3.4349,-14.68,0.6068,1.2722,-2.936,2.0617,-28.917,-6.5622,2.5058,0,0,0,6.8485,6.7698,6.8508,6.822,-30.799,94.692,-25.321,300.33,82.003,-84.447
2.56,10.72,0.44515,1.7446,0.60302,0.45334,-0.32659,-0.56937,-3.7256,-14.741,0.63058,1.2566,-2.9427,2.0769,-29.21,-5.6115,2.2491,0,0,0,6.8502,6.7654,6.8506,6.8141,-27.704,95.429,-25.951,318.34,65.267,-41.448
2.57,10.682,0.29748,1.751,0.59503,0.44881,-0.33875,-0.57425,-4.019,-14.792,0.65177,1.2281,-2.9476,2.0905,-29.471,-4.6542,1.9882,0,0,0,6.852,6.7616,6.8506,6.8063,-24.438,95.996,-26.151,334.44,48.102,1.2518
2.58,10.64,0.14935,1.7576,0.58688,0.4441,-0.35066,-0.57912,-4.3149,-14.834,0.67035,1.1872,-2.9504,2.1023,-29.698,-3.6921,1.7275,0,0,0,6.8539,6.7585,6.8507,6.7986,-21.023,96.39,-25.93,348.3,30.541,42.671
2.59,10.595,0.00084309,1.7644,0.57859,0.43919,-0.36229,-0.58403,-4.6129,-14.866,0.68633,1.1348,-2.9512,2.1122,-29.891,-2.727,1.471,0,0,0,6.8558,6.7562,6.851,6.7913,-17.481,96.606,-25.305,359.64,12.623,81.826
2.6,10.548,-0.14793,1.7713,0.57018,0.43407,-0.37357,-0.589,-4.9126,-14.888,0.69979,1.0719,-2.9496,2.1201,-30.048,-1.7606,1.2226,0,0,0,6.8576,6.7547,6.8512,6.7843,-13.839,96.641,-24.304,368.14,-5.6184,117.74
2.61,10.497,-0.29689,1.7784,0.56168,0.42872,-0.38449,-0.59405,-5.2137,-14.901,0.71082,1,-2.9457,2.1258,-30.168,-0.79481,0.986,0,0,0,6.8593,6.754,6.8513,6.7777,-10.128,96.492,-22.965,373.5,-24.147,149.42
2.62,10.444,-0.44592,1.7855,0.5531,0.42314,-0.39498,-0.59919,-5.5158,-14.904,0.71956,0.92065,-2.9393,2.1293,-30.25,0.16859,0.76429,0,0,0,6.8607,6.7544,6.8511,6.7715,-6.3806,96.157,-21.333,375.41,-42.927,175.89
2.63,10.387,-0.59494,1.7927,0.54446,0.41733,-0.40504,-0.60443,-5.8186,-14.898,0.72617,0.83576,-2.9303,2.1302,-30.295,1.1277,0.56012,0,0,0,6.8618,6.7557,6.8505,6.7656,-2.6325,95.633,-19.468,373.57,-61.922,196.16
2.64,10.327,-0.74384,1.8,0.53579,0.41129,-0.41463,-0.60979,-6.1216,-14.882,0.73083,0.74756,-2.9184,2.1284,-30.303,2.0806,0.3755,0,0,0,6.8625,6.7581,6.8492,6.7603,1.0772,94.918,-17.434,367.66,-81.097,209.26
2.65,10.264,-0.89254,1.8074,0.5271,0.40503,-0.42375,-0.61526,-6.4245,-14.856,0.73375,0.6585,-2.9035,2.1236,-30.274,3.0254,0.21174,0,0,0,6.8627,6.7616,6.8473,6.7553,4.7062,94.011,-15.31,357.4,-100.42,214.21
2.66,10.199,-1.0409,1.8147,0.5184,0.39857,-0.43239,-0.62083,-6.7269,-14.821,0.73514,0.57133,-2.8851,2.1155,-30.209,3.9602,0.069323,0,0,0,6.8624,6.7663,6.8444,6.7508,8.2095,92.909,-13.18,342.47,-119.84,210.04
2.67,10.13,-1.1889,1.8221,0.50972,0.39193,-0.44057,-0.62648,-7.0286,-14.777,0.7352,0.48894,-2.8627,2.1038,-30.11,4.883,-0.052164,0,0,0,6.8616,6.7723,6.8407,6.7468,11.541,91.614,-11.139,323.02,-139.27,196.84
2.68,10.058,-1.3364,1.8294,0.50105,0.38513,-0.44829,-0.63219,-7.329,-14.723,0.73416,0.41395,-2.836,2.0881,-29.979,5.7918,-0.15403,0,0,0,6.8605,6.7793,6.8363,6.7433,14.657,90.125,-9.2696,299.63,-158.5,175.84
2.69,9.9833,-1.4834,1.8367,0.49242,0.37821,-0.45558,-0.63791,-7.628,-14.661,0.73218,0.34851,-2.8043,2.0683,-29.818,6.6848,-0.23837,0,0,0,6.8591,6.7874,6.8312,6.7403,17.522,88.445,-7.6438,272.93,-177.36,148.33
2.7,9.9055,-1.6296,1.844,0.48382,0.37121,-0.46247,-0.64361,-7.9253,-14.59,0.72944,0.29434,-2.7673,2.044,-29.63,7.5601,-0.30792,0,0,0,6.8575,6.7962,6.8256,6.7377,20.106,86.579,-6.3203,243.53,-195.65,115.61
2.71,9.8248,-1.7751,1.8513,0.47527,0.36418,-0.469,-0.64926,-8.2205,-14.51,0.72606,0.25275,-2.7244,2.015,-29.417,8.4158,-0.36594,0,0,0,6.856,6.8058,6.8197,6.7357,22.386,84.535,-5.3447,212.07,-213.18,78.965
2.72,9.7411,-1.9198,1.8586,0.46678,0.35716,-0.47519,-0.65479,-8.5136,-14.422,0.72215,0.22462,-2.6755,1.9814,-29.183,9.2502,-0.41608,0,0,0,6.8545,6.8159,6.8138,6.7342,24.343,82.319,-4.7498,179.17,-229.75,39.697
2.73,9.6545,-2.0635,1.8658,0.45834,0.35021,-0.48111,-0.66016,-8.8041,-14.325,0.71775,0.21043,-2.6201,1.943,-28.931,10.062,-0.46227,0,0,0,6.8532,6.8264,6.8078,6.7333,25.967,79.943,-4.5552,145.44,-245.19,-0.90244
2.74,9.5651,-2.2063,1.8729,0.44998,0.34337,-0.48677,-0.66534,-9.0921,-14.22,0.7129,0.21022,-2.5583,1.9,-28.665,10.849,-0.50855,0,0,0,6.8521,6.8369,6.802,6.733,27.251,77.42,-4.768,111.51,-259.29,-41.538
2.75,9.4727,-2.3479,1.88,0.44169,0.33669,-0.49223,-0.67026,-9.3774,-14.108,0.70757,0.22367,-2.49,1.8525,-28.387,11.61,-0.55897,0,0,0,6.8512,6.8474,6.7966,6.7331,28.198,74.763,-5.3818,78,-271.86,-80.916
2.76,9.3775,-2.4884,1.8871,0.43349,0.33024,-0.49753,-0.6749,-9.6599,-13.988,0.7017,0.25003,-2.4154,1.8008,-28.102,12.343,-0.61746,0,0,0,6.8505,6.8575,6.7916,6.7338,28.815,71.988,-6.3778,45.536,-282.73,-117.74
2.77,9.2795,-2.6277,1.8941,0.42539,0.32405,-0.50271,-0.67921,-9.9394,-13.861,0.69518,0.28816,-2.3349,1.7451,-27.812,13.049,-0.68769,0,0,0,6.8501,6.867,6.7871,6.7348,29.114,69.114,-7.7238,14.738,-291.68,-150.72
2.78,9.1787,-2.7656,1.901,0.41739,0.31816,-0.50779,-0.68316,-10.216,-13.727,0.68789,0.33653,-2.2489,1.6861,-27.521,13.725,-0.77295,0,0,0,6.8499,6.8755,6.7832,6.7361,29.117,66.161,-9.3751,-13.771,-298.54,-178.56
2.79,9.0752,-2.9022,1.9078,0.40951,0.31262,-0.51282,-0.68672,-10.49,-13.587,0.67966,0.39322,-2.1584,1.6241,-27.23,14.372,-0.87602,0,0,0,6.8499,6.8829,6.7801,6.7377,28.849,63.151,-11.274,-39.369,-303.11,-199.96
2.8,8.9689,-3.0373,1.9146,0.40175,0.30745,-0.51782,-0.68988,-10.761,-13.44,0.67031,0.45591,-2.064,1.5598,-26.944,14.988,-0.99901,0,0,0,6.8501,6.8887,6.7778,6.7394,28.341,60.107,-13.349,-61.434,-305.21,-213.63
2.81,8.86,-3.171,1.9212,0.39413,0.30269,-0.5228,-0.69262,-11.029,-13.287,0.65961,0.5219,-1.9669,1.4939,-26.664,15.574,-1.1433,0,0,0,6.8505,6.8929,6.7764,6.7412,27.634,57.056,-15.516,-79.343,-304.63,-218.28
2.82,8.7484,-3.3031,1.9277,0.38667,0.29832,-0.52778,-0.69494,-11.294,-13.129,0.64737,0.58808,-1.8684,1.4273,-26.392,16.13,-1.3093,0,0,0,6.851,6.8949,6.7762,6.743,26.771,54.024,-17.68,-92.473,-301.2,-212.61
2.83,8.6341,-3.4335,1.9341,0.37936,0.29437,-0.53275,-0.69685,-11.557,-12.965,0.63335,0.65096,-1.7699,1.3609,-26.129,16.655,-1.4965,0,0,0,6.8518,6.8947,6.7773,6.7449,25.802,51.042,-19.73,-100.2,-294.71,-195.33
2.84,8.5173,-3.5623,1.9404,0.37223,0.29082,-0.53772,-0.69838,-11.817,-12.796,0.61737,0.70665,-1.6732,1.2958,-25.876,17.151,-1.7031,0,0,0,6.8527,6.8919,6.78,6.747,24.786,48.141,-21.544,-101.95,-285.01,-165.25
2.85,8.3978,-3.6894,1.9465,0.36527,0.28765,-0.54264,-0.69955,-12.074,-12.622,0.59924,0.75108,-1.58,1.2332,-25.633,17.618,-1.9262,0,0,0,6.8539,6.8867,6.7842,6.7492,23.783,45.352,-22.994,-97.692,-272.26,-122.87
2.86,8.2758,-3.8148,1.9524,0.35851,0.28481,-0.5475,-0.70042,-12.329,-12.443,0.57881,0.78065,-1.4921,1.1743,-25.4,18.058,-2.1614,0,0,0,6.8552,6.8792,6.7899,6.7517,22.851,42.704,-23.966,-87.87,-256.9,-69.973
2.87,8.1512,-3.9383,1.9581,0.35194,0.28228,-0.55225,-0.70106,-12.582,-12.261,0.55599,0.79229,-1.4111,1.1202,-25.176,18.473,-2.4036,0,0,0,6.8567,6.8697,6.7969,6.7547,22.043,40.221,-24.364,-72.923,-239.4,-8.3992
2.88,8.0241,-4.06,1.9635,0.34556,0.27999,-0.55683,-0.70152,-12.833,-12.074,0.53073,0.78355,-1.3385,1.0718,-24.959,18.863,-2.6465,0,0,0,6.8582,6.8586,6.8052,6.758,21.408,37.922,-24.111,-53.295,-220.19,60.023
2.89,7.8946,-4.1798,1.9687,0.33938,0.27789,-0.56119,-0.7019,-13.081,-11.884,0.50308,0.75255,-1.2755,1.0301,-24.747,19.232,-2.8834,0,0,0,6.8597,6.8461,6.8146,6.762,20.991,35.822,-23.147,-29.429,-199.73,133.46
2.9,7.7625,-4.2976,1.9735,0.33338,0.27591,-0.56526,-0.70229,-13.328,-11.69,0.47311,0.69802,-1.2235,0.99601,-24.538,19.58,-3.107,0,0,0,6.8612,6.8324,6.8248,6.7664,20.832,33.93,-21.431,-1.7679,-178.45,210.09
2.91,7.628,-4.4135,1.9781,0.32756,0.27399,-0.56898,-0.70278,-13.572,-11.492,0.44101,0.61926,-1.1834,0.97017,-24.33,19.911,-3.3095,0,0,0,6.8625,6.8178,6.8357,6.7714,20.967,32.254,-18.941,29.245,-156.83,288.08
2.92,7.4911,-4.5275,1.9824,0.3219,0.27207,-0.57228,-0.70346,-13.814,-11.291,0.40702,0.51621,-1.1563,0.95322,-24.118,20.226,-3.4832,0,0,0,6.8634,6.8024,6.847,6.7769,21.427,30.793,-15.671,63.168,-135.29,365.59
2.93,7.3517,-4.6393,1.9863,0.31637,0.27007,-0.57508,-0.70445,-14.055,-11.088,0.37146,0.38935,-1.143,0.94565,-23.9,20.528,-3.6203,0,0,0,6.8638,6.7864,6.8582,6.7826,22.239,29.546,-11.636,99.556,-114.29,440.81
2.94,7.21,-4.7492,1.9898,0.31094,0.26794,-0.57734,-0.70584,-14.292,-10.881,0.33476,0.23976,-1.144,0.94774,-23.672,20.818,-3.7135,0,0,0,6.8635,6.7701,6.869,6.7883,23.425,28.504,-6.8688,137.97,-94.288,511.88
2.95,7.0659,-4.857,1.9929,0.30559,0.2656,-0.57898,-0.70771,-14.528,-10.671,0.29737,0.069052,-1.16,0.9596,-23.43,21.098,-3.7554,0,0,0,6.8625,6.7537,6.879,6.7939,25.003,27.656,-1.4186,177.96,-75.721,577
2.96,6.9195,-4.9626,1.9957,0.30027,0.26299,-0.57994,-0.71017,-14.761,-10.459,0.25984,-0.12058,-1.1914,0.98109,-23.17,21.371,-3.7398,0,0,0,6.8606,6.7374,6.8879,6.7991,26.988,26.984,4.6452,219.08,-59.042,634.32
2.97,6.7707,-5.0661,1.9981,0.29494,0.26006,-0.58019,-0.71328,-14.991,-10.244,0.22278,-0.32643,-1.2385,1.0119,-22.889,21.639,-3.6608,0,0,0,6.8577,6.7215,6.8954,6.8037,29.387,26.467,11.236,260.9,-44.7,682.01
2.98,6.6196,-5.1675,2.0002,0.28955,0.25673,-0.57966,-0.71711,-15.219,-10.026,0.18685,-0.54522,-1.3013,1.0514,-22.581,21.901,-3.5137,0,0,0,6.854,6.7063,6.901,6.8074,32.207,26.08,18.247,302.97,-33.144,718.25
2.99,6.4663,-5.2666,2.0019,0.28405,0.25295,-0.57834,-0.7217,-15.443,-9.8058,0.15275,-0.77315,-1.3798,1.0988,-22.243,22.161,-3.2948,0,0,0,6.8492,6.6923,6.9047,6.8103,35.446,25.793,25.556,344.85,-24.822,741.21
3,6.3108,-5.3636,2.0033,0.27839,0.24866,-0.57621,-0.72709,-15.663,-9.5829,0.1212,-1.0059,-1.4737,1.153,-21.871,22.417,-3.002,0,0,0,6.8437,6.6799,6.9063,6.8122,39.102,25.572,33.021,386.09,-20.185,749.05
3.01,6.1531,-5.4583,2.0043,0.27252,0.24379,-0.57324,-0.73327,-15.88,-9.3575,0.092957,-1.2384,-1.5823,1.213,-21.46,22.672,-2.6344,0,0,0,6.8376,6.6696,6.9059,6.8134,43.164,25.376,40.481,426.26,-19.681,739.94
3.02,5.9932,-5.5507,2.0051,0.26639,0.2383,-0.56947,-0.74024,-16.092,-9.1295,0.068759,-1.4655,-1.7045,1.2773,-21.006,22.925,-2.193,0,0,0,6.8309,6.662,6.9034,6.814,47.622,25.163,47.758,464.9,-23.699,712.31
3.03,5.8312,-5.6409,2.0057,0.25997,0.23212,-0.56491,-0.74794,-16.3,-8.899,0.049334,-1.6815,-1.8392,1.3447,-20.506,23.175,-1.6805,0,0,0,6.8241,6.6572,6.8994,6.8144,52.456,24.887,54.668,501.57,-32.069,666.88
3.04,5.6672,-5.7287,2.0061,0.25321,0.22521,-0.55962,-0.7563,-16.502,-8.666,0.035371,-1.8815,-1.9846,1.4137,-19.956,23.422,-1.1014,0,0,0,6.8174,6.6551,6.8944,6.8147,57.645,24.508,61.043,535.85,-44.313,605.65
3.05,5.5012,-5.8142,2.0064,0.24608,0.21751,-0.55365,-0.76525,-16.699,-8.4306,0.027507,-2.0613,-2.1392,1.4834,-19.352,23.665,-0.46191,0,0,0,6.8113,6.6559,6.8888,6.8154,63.163,23.99,66.735,567.28,-59.952,530.64
3.06,5.3333,-5.8973,2.0067,0.23859,0.209,-0.54707,-0.77467,-16.889,-8.1927,0.02631,-2.2174,-2.3009,1.5529,-18.692,23.901,0.23056,0,0,0,6.8061,6.6594,6.8833,6.8167,68.98,23.3,71.616,595.43,-78.504,443.86
3.07,5.1635,-5.978,2.007,0.23071,0.19963,-0.53999,-0.78443,-17.073,-7.9526,0.032266,-2.3474,-2.4679,1.6212,-17.972,24.13,0.96735,0,0,0,6.802,6.6654,6.8783,6.8189,75.06,22.412,75.58,619.86,-99.489,347.34
3.08,4.9918,-6.0563,2.0074,0.22245,0.18938,-0.53248,-0.79443,-17.248,-7.7102,0.045772,-2.4495,-2.6383,1.6879,-17.19,24.349,1.7388,0,0,0,6.7991,6.6736,6.8741,6.8221,81.363,21.303,78.537,640.12,-122.43,243.07
3.09,4.8185,-6.1322,2.0079,0.21382,0.17823,-0.52464,-0.80453,-17.416,-7.4656,0.067123,-2.5229,-2.8101,1.7525,-16.344,24.555,2.5345,0,0,0,6.7978,6.6836,6.871,6.8264,87.847,19.958,80.422,655.79,-146.83,133.09
3.1,4.6435,-6.2056,2.0087,0.20485,0.16618,-0.51659,-0.81459,-17.575,-7.2191,0.096507,-2.5675,-2.9818,1.8149,-15.432,24.747,3.3435,0,0,0,6.7978,6.6949,6.8691,6.8318,94.462,18.363,81.187,666.41,-172.23,19.4
3.11,4.467,-6.2766,2.0099,0.19555,0.15321,-0.50841,-0.8245,-17.725,-6.9707,0.134,-2.5843,-3.1522,1.8749,-14.454,24.922,4.1544,0,0,0,6.7991,6.707,6.8683,6.838,101.16,16.512,80.804,671.55,-198.15,-95.98
3.12,4.2891,-6.3451,2.0115,0.18597,0.13935,-0.50021,-0.83414,-17.864,-6.7207,0.17956,-2.5745,-3.3201,1.9327,-13.409,25.077,4.9557,0,0,0,6.8015,6.7192,6.8686,6.8449,107.87,14.4,79.268,670.77,-224.09,-211.04
3.13,4.1098,-6.411,2.0135,0.17611,0.12459,-0.49207,-0.8434,-17.993,-6.4693,0.23304,-2.5403,-3.4852,1.9884,-12.297,25.209,5.736,0,0,0,6.8046,6.7308,6.8695,6.852,114.55,12.032,76.591,663.62,-249.58,-323.75
3.14,3.9293,-6.4744,2.0161,0.16602,0.10897,-0.48407,-0.8522,-18.11,-6.2166,0.29417,-2.484,-3.6471,2.0422,-11.119,25.316,6.4839,0,0,0,6.808,6.7412,6.8707,6.8587,121.12,9.412,72.808,649.68,-274.13,-432.12
3.15,3.7476,-6.5353,2.0194,0.15572,0.092495,-0.47628,-0.86044,-18.215,-5.963,0.36258,-2.4083,-3.8059,2.0945,-9.8752,25.396,7.1886,0,0,0,6.8113,6.7498,6.8716,6.8646,127.52,6.5536,67.97,628.49,-297.28,-534.11
3.16,3.565,-6.5937,2.0234,0.14522,0.075195,-0.46876,-0.86805,-18.307,-5.7088,0.43777,-2.3161,-3.9617,2.1453,-8.569,25.447,7.84,0,0,0,6.814,6.7561,6.8719,6.8689,133.67,3.4727,62.153,599.62,-318.54,-627.73
3.17,3.3815,-6.6495,2.0282,0.13455,0.057095,-0.46156,-0.87498,-18.386,-5.4542,0.51917,-2.2101,-4.1145,2.1949,-7.203,25.465,8.4287,0,0,0,6.8158,6.7599,6.8711,6.871,139.49,0.19079,55.45,562.63,-337.42,-710.94
3.18,3.1973,-6.7028,2.0338,0.12372,0.038222,-0.45472,-0.88117,-18.451,-5.1996,0.60611,-2.0932,-4.2642,2.2432,-5.7807,25.45,8.9464,0,0,0,6.8164,6.761,6.8687,6.8705,144.89,-3.2661,47.976,517.08,-353.45,-781.74
3.19,3.0126,-6.7535,2.0403,0.11274,0.018606,-0.44826,-0.88657,-18.501,-4.9453,0.69784,-1.9682,-4.4104,2.2899,-4.3068,25.399,9.3861,0,0,0,6.8155,6.7598,6.8646,6.8667,149.8,-6.867,39.864,462.55,-366.15,-838.14
3.2,2.8274,-6.8017,2.0478,0.10161,-0.0017165,-0.44219,-0.89115,-18.537,-4.6917,0.79355,-1.8377,-4.5517,2.3347,-2.7867,25.312,9.7421,0,0,0,6.8132,6.7565,6.8587,6.8595,154.11,-10.577,31.263,399.33,-375.32,-879.45
3.21,2.6419,-6.8473,2.0562,0.090351,-0.022701,-0.43651,-0.89486,-18.557,-4.4392,0.89239,-1.7036,-4.6868,2.3771,-1.2268,25.188,10.01,0,0,0,6.8095,6.7516,6.8512,6.849,157.76,-14.362,22.322,328.62,-381.09,-906.55
3.22,2.4563,-6.8905,2.0656,0.078963,-0.044295,-0.43122,-0.89769,-18.561,-4.1881,0.99345,-1.5678,-4.8137,2.4164,0.36599,25.025,10.188,0,0,0,6.8046,6.7459,6.8424,6.8358,160.66,-18.188,13.176,251.66,-383.63,-920.45
3.23,2.2707,-6.9311,2.0761,0.067456,-0.066434,-0.42631,-0.89961,-18.55,-3.9388,1.0958,-1.4314,-4.9306,2.452,1.9839,24.824,10.274,0,0,0,6.7989,6.7398,6.8326,6.8203,162.78,-22.024,3.9537,169.72,-383.08,-922.15
3.24,2.0853,-6.9693,2.0876,0.055841,-0.089043,-0.42175,-0.9006,-18.522,-3.6918,1.1986,-1.2956,-5.0353,2.4833,3.6187,24.584,10.267,0,0,0,6.7929,6.7343,6.8224,6.8032,164.05,-25.84,-5.2292,84.042,-379.61,-912.65
3.25,1.9003,-7.005,2.1001,0.044129,-0.11203,-0.41754,-0.90065,-18.477,-3.4473,1.3009,-1.1611,-5.1255,2.5097,5.2619,24.307,10.169,0,0,0,6.787,6.7298,6.8124,6.7851,164.45,-29.607,-14.265,-4.1201,-373.37,-892.96
3.26,1.7159,-7.0382,2.1136,0.032335,-0.13531,-0.41365,-0.89974,-18.416,-3.2057,1.4017,-1.0285,-5.1992,2.5306,6.9047,23.993,9.9826,0,0,0,6.782,6.7272,6.8032,6.7669,163.96,-33.299,-23.058,-93.512,-364.53,-864.08
3.27,1.5321,-7.0691,2.1281,0.020472,-0.15876,-0.41008,-0.89789,-18.339,-2.9675,1.5002,-0.89843,-5.2544,2.5454,8.5381,23.642,9.7094,0,0,0,6.7782,6.7267,6.7953,6.7492,162.58,-36.89,-31.52,-182.88,-353.23,-827.02
3.28,1.3491,-7.0976,2.1436,0.008558,-0.18226,-0.4068,-0.89511,-18.246,-2.733,1.5956,-0.77128,-5.2895,2.5538,10.153,23.255,9.3535,0,0,0,6.776,6.7288,6.7891,6.7329,160.31,-40.356,-39.574,-270.98,-339.63,-782.77
3.29,1.1672,-7.1238,2.16,0.0033918,0.2057,0.40382,0.89141,-18.136,-2.5026,1.687,-0.64745,-5.3036,2.5555,11.741,22.835,8.9195,0,0,0,6.7758,6.7336,6.785,6.7185,157.17,-43.675,-47.154,-356.54,-323.9,-732.33
3.3,0.98646,-7.1476,2.1773,0.015362,0.22894,0.40112,0.88682,-18.011,-2.2764,1.7738,-0.52727,-5.296,2.5503,13.294,22.382,8.4122,0,0,0,6.7777,6.7409,6.7831,6.7065,153.19,-46.827,-54.204,-438.33,-306.18,-676.72
3.31,0.80704,-7.1693,2.1954,0.027338,0.25186,0.39871,0.88139,-17.87,-2.055,1.8551,-0.41102,-5.2668,2.5385,14.803,21.899,7.8373,0,0,0,6.7818,6.7506,6.7836,6.6974,148.42,-49.793,-60.675,-515.08,-286.65,-616.93
3.32,0.6291,-7.1888,2.2144,0.039311,0.27434,0.39661,0.87515,-17.715,-1.8386,1.9303,-0.29889,-5.2169,2.5202,16.26,21.387,7.2008,0,0,0,6.7878,6.7621,6.7862,6.6912,142.91,-52.554,-66.532,-585.55,-265.44,-553.96
3.33,0.45279,-7.2061,2.234,0.051274,0.29626,0.39481,0.86817,-17.545,-1.6274,1.9989,-0.19104,-5.1475,2.496,17.658,20.849,6.5088,0,0,0,6.7955,6.775,6.7907,6.688,136.73,-55.096,-71.747,-648.48,-242.73,-488.82
3.34,0.27824,-7.2213,2.2543,0.063224,0.31752,0.39335,0.8605,-17.362,-1.4217,2.0603,-0.08751,-5.0606,2.4665,18.992,20.286,5.768,0,0,0,6.8044,6.7885,6.7969,6.6877,129.97,-57.404,-76.304,-702.61,-218.66,-422.52
3.35,0.10559,-7.2345,2.2752,0.075168,0.33803,0.39224,0.85219,-17.166,-1.2217,2.1141,0.011724,-4.9584,2.4326,20.256,19.701,4.985,0,0,0,6.814,6.802,6.8042,6.6899,122.71,-59.466,-80.197,-746.7,-193.4,-356.04
3.36,-0.065033,-7.2458,2.2966,0.087117,0.3577,0.39151,0.84331,-16.957,-1.0277,2.1599,0.1068,-4.8436,2.3952,21.445,19.097,4.1663,0,0,0,6.8239,6.8146,6.8121,6.6943,115.07,-61.269,-83.428,-779.5,-167.1,-290.4
3.37,-0.23351,-7.2551,2.3184,0.099089,0.37648,0.39119,0.83392,-16.737,-0.83982,2.1973,0.19796,-4.7191,2.3553,22.557,18.477,3.3186,0,0,0,6.8333,6.8258,6.8202,6.7003,107.16,-62.805,-86.01,-800.15,-139.93,-226.46
3.38,-0.39974,-7.2626,2.3405,0.11111,0.3943,0.39133,0.82404,-16.506,-0.65821,2.2262,0.28551,-4.5872,2.314,23.588,17.842,2.4482,0,0,0,6.8419,6.8353,6.8279,6.7072,99.107,-64.065,-87.964,-809.29,-112.09,-164.52
3.39,-0.56361,-7.2683,2.3629,0.12321,0.41112,0.39195,0.81374,-16.266,-0.48301,2.2463,0.36976,-4.4501,2.2719,24.539,17.197,1.5613,0,0,0,6.8494,6.8428,6.8348,6.714,91.012,-65.045,-89.308,-807.91,-83.803,-104.8
3.4,-0.72502,-7.2723,2.3854,0.13543,0.42691,0.3931,0.80304,-16.016,-0.31431,2.2574,0.45101,-4.3091,2.2298,25.409,16.542,0.66398,0,0,0,6.8554,6.8485,6.8405,6.7203,82.98,-65.741,-90.067,-796.99,-55.27,-47.474
3.41,-0.8839,-7.2746,2.408,0.14782,0.44164,0.39484,0.79196,-15.758,-0.15218,2.2595,0.52952,-4.1652,2.1879,26.199,15.883,-0.23815,0,0,0,6.8599,6.8521,6.8447,6.7254,75.101,-66.15,-90.266,-777.51,-26.708,7.2501
3.42,-1.0402,-7.2753,2.4306,0.16041,0.45526,0.39721,0.78053,-15.492,0.0033332,2.2526,0.60551,-4.0188,2.1464,26.911,15.22,-1.1396,0,0,0,6.8627,6.8538,6.8472,6.729,67.455,-66.275,-89.932,-750.46,1.6723,59.18
3.43,-1.1937,-7.2746,2.453,0.17325,0.46775,0.40026,0.76875,-15.22,0.15222,2.2367,0.67913,-3.8702,2.1053,27.549,14.558,-2.0351,0,0,0,6.8639,6.8538,6.8479,6.7309,60.114,-66.118,-89.093,-716.82,29.657,108.12
3.44,-1.3445,-7.2723,2.4753,0.18641,0.47906,0.40406,0.75663,-14.941,0.2945,2.212,0.75044,-3.7192,2.0646,28.115,13.899,-2.9198,0,0,0,6.8637,6.8522,6.8468,6.7308,53.138,-65.684,-87.78,-677.57,57.035,153.88
3.45,-1.4925,-7.2687,2.4972,0.19991,0.48915,0.40866,0.74415,-14.658,0.43022,2.1784,0.81939,-3.5655,2.0239,28.613,13.245,-3.7892,0,0,0,6.8622,6.8494,6.8439,6.7288,46.578,-64.98,-86.026,-633.7,83.594,196.25
3.46,-1.6377,-7.2637,2.5188,0.21383,0.49796,0.41412,0.73131,-14.369,0.55944,2.1362,0.88579,-3.4086,1.9828,29.048,12.6,-4.639,0,0,0,6.8597,6.8455,6.8394,6.725,40.476,-64.016,-83.867,-586.18,109.12,235.05
3.47,-1.7799,-7.2575,2.5399,0.22818,0.50545,0.4205,0.71808,-14.077,0.68226,2.0857,0.9493,-3.248,1.9409,29.424,11.966,-5.4653,0,0,0,6.8564,6.841,6.8335,6.7197,34.863,-62.802,-81.338,-536,133.4,270.08
3.48,-1.9192,-7.2501,2.5605,0.24302,0.51153,0.42785,0.70443,-13.781,0.7988,2.027,1.0094,-3.0834,1.8978,29.747,11.345,-6.2647,0,0,0,6.8529,6.8361,6.8264,6.7129,29.761,-61.353,-78.479,-484.15,156.23,301.14
3.49,-2.0555,-7.2416,2.5804,0.25835,0.51615,0.4362,0.69034,-13.482,0.90921,1.9605,1.0654,-2.9143,1.8528,30.021,10.739,-7.0339,0,0,0,6.8493,6.8311,6.8184,6.7052,25.182,-59.683,-75.329,-431.61,177.38,328.04
3.5,-2.1888,-7.232,2.5997,0.2742,0.51923,0.4456,0.67576,-13.181,1.0136,1.8865,1.1164,-2.7407,1.8054,30.252,10.152,-7.7704,0,0,0,6.8459,6.8263,6.8098,6.6969,21.128,-57.811,-71.932,-379.35,196.66,350.57
3.51,-2.3191,-7.2213,2.6181,0.29055,0.52071,0.45604,0.66066,-12.877,1.1123,1.8052,1.1613,-2.5629,1.7552,30.445,9.5839,-8.4719,0,0,0,6.8431,6.822,6.8008,6.6884,17.591,-55.757,-68.333,-328.37,213.84,368.56
3.52,-2.4464,-7.2097,2.6358,0.30734,0.52053,0.4675,0.64501,-12.572,1.2054,1.7171,1.199,-2.3813,1.7018,30.606,9.0372,-9.1366,0,0,0,6.8411,6.8183,6.7918,6.6801,14.553,-53.542,-64.577,-279.65,228.72,381.8
3.53,-2.5706,-7.1972,2.6525,0.32451,0.51865,0.47992,0.62879,-12.265,1.2931,1.6226,1.2283,-2.1971,1.6448,30.738,8.5135,-9.7631,0,0,0,6.84,6.8155,6.7831,6.6725,11.987,-51.191,-60.713,-234.16,241.08,390.09
3.54,-2.6917,-7.1839,2.6682,0.34196,0.51506,0.4932,0.61199,-11.957,1.3757,1.522,1.248,-2.0116,1.5842,30.847,8.0138,-10.351,0,0,0,6.8398,6.8135,6.7749,6.6661,9.856,-48.73,-56.792,-192.89,250.7,393.24
3.55,-2.8097,-7.1697,2.6829,0.35954,0.50979,0.50721,0.59463,-11.648,1.4535,1.4157,1.2574,-1.8268,1.52,30.937,7.5392,-10.899,0,0,0,6.8405,6.8124,6.7675,6.6612,8.1122,-46.187,-52.866,-156.76,257.41,391.11
3.56,-2.9246,-7.1548,2.6965,0.37708,0.5029,0.52176,0.57678,-11.339,1.5266,1.3042,1.2558,-1.6447,1.4524,31.01,7.0902,-11.408,0,0,0,6.842,6.8122,6.761,6.658,6.7035,-43.591,-48.986,-125.83,261.25,384.15
3.57,-3.0365,-7.1392,2.7089,0.39439,0.49452,0.53665,0.5585,-11.028,1.5954,1.1877,1.2432,-1.4678,1.3818,31.072,6.6674,-11.879,0,0,0,6.844,6.8128,6.7558,6.6567,5.5797,-40.971,-45.197,-99.692,262.4,373.15
3.58,-3.1452,-7.1229,2.7202,0.41128,0.4848,0.55165,0.53991,-10.717,1.6601,1.0667,1.2197,-1.2981,1.3089,31.123,6.2708,-12.312,0,0,0,6.8465,6.8141,6.7519,6.6574,4.6951,-38.351,-41.534,-77.928,261.08,358.94
3.59,-3.2508,-7.106,2.7303,0.42756,0.47394,0.56653,0.52117,-10.406,1.7209,0.94156,1.1857,-1.1378,1.2342,31.166,5.9003,-12.71,0,0,0,6.8493,6.8159,6.7494,6.6599,4.008,-35.757,-38.026,-60.114,257.46,342.31
3.6,-3.3533,-7.0885,2.739,0.44304,0.4622,0.58107,0.50244,-10.094,1.7781,0.81261,1.1424,-0.98864,1.1586,31.203,5.5555,-13.074,0,0,0,6.8522,6.8182,6.7483,6.6641,3.481,-33.209,-34.693,-45.83,251.75,324.06
3.61,-3.4527,-7.0705,2.7465,0.4576,0.4498,0.59508,0.48391,-9.7817,1.8321,0.6802,1.0909,-0.85188,1.0827,31.236,5.2359,-13.405,0,0,0,6.855,6.8207,6.7487,6.6699,3.081,-30.728,-31.548,-34.652,244.14,305.01
3.62,-3.5489,-7.0519,2.7526,0.47113,0.43702,0.60839,0.46574,-9.4692,1.8829,0.54462,1.0328,-0.72842,1.0075,31.265,4.9407,-13.705,0,0,0,6.8578,6.8234,6.7503,6.6771,2.779,-28.332,-28.593,-26.16,234.83,285.97
3.63,-3.6421,-7.0328,2.7574,0.48357,0.42408,0.62088,0.44812,-9.1564,1.931,0.40619,0.96954,-0.61868,0.93375,31.292,4.6689,-13.977,0,0,0,6.8604,6.826,6.7533,6.6855,2.5503,-26.036,-25.825,-19.931,224,267.74
3.64,-3.7321,-7.0133,2.7607,0.49492,0.4112,0.63249,0.43117,-8.8433,1.9764,0.26517,0.90265,-0.52271,0.86211,31.317,4.4196,-14.222,0,0,0,6.8628,6.8285,6.7574,6.6949,2.3743,-23.856,-23.233,-15.545,211.86,251.12
3.65,-3.8189,-6.9933,2.7627,0.5052,0.39856,0.64318,0.41502,-8.53,2.0194,0.12183,0.83341,-0.44029,0.79335,31.34,4.1914,-14.442,0,0,0,6.865,6.8307,6.7624,6.7051,2.2346,-21.803,-20.795,-12.579,198.6,236.93
3.66,-3.9027,-6.9729,2.7632,0.51446,0.38628,0.65294,0.39973,-8.2165,2.0603,-0.023597,0.76279,-0.37105,0.72808,31.361,3.9831,-14.639,0,0,0,6.867,6.8323,6.7682,6.7158,2.1193,-19.887,-18.484,-10.613,184.41,225.96
3.67,-3.9833,-6.9521,2.7622,0.52278,0.37448,0.66179,0.38536,-7.9028,2.0992,-0.17087,0.69146,-0.31464,0.66686,31.382,3.7932,-14.812,0,0,0,6.8688,6.8333,6.7747,6.7268,2.0205,-18.117,-16.262,-9.2234,169.49,219.04
3.68,-4.0607,-6.9309,2.7598,0.53024,0.36322,0.66977,0.37193,-7.5889,2.1362,-0.31977,0.61968,-0.27077,0.61016,31.402,3.6202,-14.964,0,0,0,6.8705,6.8336,6.7815,6.738,1.9344,-16.499,-14.087,-7.9899,154.03,216.95
3.69,-4.135,-6.9094,2.7558,0.53694,0.35254,0.67691,0.35945,-7.2748,2.1716,-0.47008,0.54739,-0.23933,0.55836,31.421,3.4627,-15.094,0,0,0,6.8722,6.8328,6.7885,6.7491,1.8616,-15.038,-11.904,-6.4906,138.24,220.52
3.7,-4.2062,-6.8875,2.7503,0.543,0.34247,0.68325,0.3479,-6.9605,2.2055,-0.62158,0.47414,-0.22049,0.51175,31.439,3.3189,-15.202,0,0,0,6.8738,6.831,6.7955,6.7599,1.8068,-13.735,-9.6548,-4.3037,122.29,230.54
3.71,-4.2742,-6.8653,2.7434,0.54851,0.33301,0.68883,0.33727,-6.646,2.238,-0.77404,0.39918,-0.21469,0.47052,31.457,3.1874,-15.287,0,0,0,6.8755,6.828,6.8023,6.7702,1.7792,-12.592,-7.2693,-1.0078,106.39,247.83
3.72,-4.3391,-6.8427,2.7349,0.55358,0.32415,0.69369,0.32753,-6.3314,2.2693,-0.92723,0.32145,-0.22269,0.43475,31.475,3.0666,-15.347,0,0,0,6.8774,6.8235,6.8087,6.78,1.7918,-11.606,-4.6712,3.8188,90.731,273.19
3.73,-4.4009,-6.8199,2.7248,0.55832,0.31587,0.69783,0.31864,-6.0165,2.2994,-1.0809,0.23958,-0.24558,0.40447,31.493,2.9548,-15.379,0,0,0,6.8795,6.8177,6.8144,6.789,1.8621,-10.776,-1.7759,10.598,75.51,307.42
3.74,-4.4595,-6.7968,2.7132,0.56284,0.30815,0.70128,0.31058,-5.7015,2.3284,-1.2347,0.15196,-0.28478,0.37956,31.512,2.8506,-15.381,0,0,0,6.882,6.8103,6.8194,6.7972,2.0116,-10.094,1.5095,19.751,60.92,351.34
3.75,-4.5149,-6.7733,2.7001,0.56726,0.30096,0.70401,0.30333,-5.3863,2.3564,-1.3884,0.056712,-0.34202,0.35984,31.534,2.7524,-15.347,0,0,0,6.8852,6.8014,6.8236,6.8044,2.2664,-9.5544,5.2859,31.689,47.157,405.72
3.76,-4.5672,-6.7496,2.6855,0.57168,0.29426,0.70601,0.29687,-5.0708,2.3835,-1.5415,-0.048088,-0.41916,0.345,31.558,2.659,-15.273,0,0,0,6.8888,6.7913,6.8268,6.8106,2.6532,-9.1472,9.6533,45.868,34.482,468.67
3.77,-4.6163,-6.7257,2.6693,0.57624,0.28801,0.70726,0.29117,-4.7551,2.4096,-1.6937,-0.16332,-0.51706,0.33449,31.587,2.5691,-15.152,0,0,0,6.8927,6.781,6.8289,6.8156,3.1836,-8.8598,14.665,60.003,23.277,533.4
3.78,-4.6623,-6.7014,2.6516,0.58106,0.28216,0.7077,0.28622,-4.439,2.4349,-1.8444,-0.28832,-0.63492,0.32755,31.622,2.4815,-14.978,0,0,0,6.8962,6.7718,6.83,6.8195,3.8449,-8.6755,20.303,71.625,13.938,592.62
3.79,-4.7051,-6.677,2.6324,0.58624,0.27663,0.70732,0.28197,-4.1226,2.4593,-1.993,-0.42098,-0.77013,0.32319,31.664,2.3953,-14.744,0,0,0,6.8991,6.7647,6.8301,6.822,4.5995,-8.5735,26.475,78.268,6.8601,639.06
3.8,-4.7447,-6.6523,2.6118,0.59187,0.27136,0.70609,0.27837,-3.8057,2.4828,-2.139,-0.55774,-0.91821,0.32024,31.714,2.3098,-14.447,0,0,0,6.9009,6.7611,6.8295,6.8234,5.3854,-8.5294,33.017,77.463,2.4376,665.43
3.81,-4.7812,-6.6273,2.5897,0.59803,0.26626,0.70402,0.27534,-3.4883,2.5055,-2.2818,-0.69368,-1.0728,0.31737,31.772,2.2246,-14.083,0,0,0,6.9013,6.7619,6.8284,6.8236,6.1157,-8.5146,39.692,66.742,1.0659,664.42
3.82,-4.8145,-6.6022,2.5661,0.60475,0.26125,0.70114,0.27281,-3.1703,2.5273,-2.4205,-0.82256,-1.2255,0.31321,31.836,2.1396,-13.654,0,0,0,6.8997,6.7684,6.8273,6.8227,6.679,-8.4966,46.19,43.673,3.1332,628.84
3.83,-4.8446,-6.5768,2.5413,0.61202,0.25623,0.69752,0.27064,-2.8516,2.5482,-2.5546,-0.93729,-1.3667,0.30639,31.904,2.0548,-13.161,0,0,0,6.8961,6.7805,6.8266,6.8211,6.9482,-8.4407,52.148,8.5151,8.5251,557.35
3.84,-4.8715,-6.5512,2.5151,0.61979,0.25114,0.69324,0.26874,-2.5322,2.5684,-2.6835,-1.032,-1.4881,0.29605,31.974,1.971,-12.614,0,0,0,6.8909,6.7967,6.8266,6.8194,6.8249,-8.3182,57.246,-33.959,16.284,458.47
3.85,-4.8953,-6.5254,2.4876,0.62796,0.24592,0.68842,0.26696,-2.2121,2.5877,-2.8067,-1.1029,-1.5838,0.2819,32.04,1.8887,-12.02,0,0,0,6.8848,6.8152,6.8276,6.818,6.262,-8.1106,61.258,-78.545,25.371,341.64
3.86,-4.9158,-6.4994,2.4589,0.63642,0.24055,0.68321,0.26521,-1.8914,2.6062,-2.9238,-1.1485,-1.6504,0.26416,32.097,1.8091,-11.393,0,0,0,6.8781,6.8345,6.8297,6.8172,5.2643,-7.8098,64.05,-120.04,34.749,216.32
3.87,-4.9331,-6.4733,2.4292,0.64505,0.23501,0.67773,0.26338,-1.5702,2.6239,-3.0345,-1.169,-1.6871,0.2435,32.144,1.7329,-10.743,0,0,0,6.8711,6.8526,6.8324,6.8171,3.8888,-7.4181,65.587,-153.24,43.379,91.968
3.88,-4.9472,-6.447,2.3983,0.65372,0.22933,0.6721,0.26141,-1.2486,2.6408,-3.1387,-1.1667,-1.6957,0.22086,32.174,1.661,-10.085,0,0,0,6.8641,6.8682,6.8356,6.8177,2.2444,-6.9482,65.925,-172.95,50.224,-21.962
3.89,-4.9581,-6.4205,2.3664,0.66231,0.22353,0.66646,0.25925,-0.92677,2.6571,-3.2362,-1.145,-1.6799,0.19747,32.188,1.5941,-9.4283,0,0,0,6.8575,6.8798,6.8388,6.8192,0.49204,-6.4231,65.214,-174.08,54.259,-116.14
3.9,-4.9657,-6.3938,2.3336,0.67074,0.21766,0.66087,0.25688,-0.60489,2.6727,-3.3273,-1.1087,-1.6454,0.17464,32.184,1.5326,-8.7832,0,0,0,6.8514,6.8871,6.8419,6.8213,-1.1737,-5.874,63.683,-156.4,55.025,-186.07
3.91,-4.9701,-6.367,2.2999,0.67892,0.21175,0.65542,0.25428,-0.28313,2.6878,-3.4119,-1.0618,-1.5977,0.15347,32.165,1.4766,-8.1566,0,0,0,6.846,6.8908,6.8446,6.8239,-2.5932,-5.3326,61.568,-125.92,52.791,-233.48
3.92,-4.9714,-6.3401,2.2654,0.6868,0.20587,0.65013,0.25149,0.038377,2.7023,-3.4905,-1.0081,-1.5416,0.13474,32.134,1.4258,-7.5531,0,0,0,6.8415,6.8918,6.8472,6.8271,-3.6708,-4.8271,59.082,-89.074,47.874,-260.52
3.93,-4.9694,-6.313,2.2301,0.69437,0.20004,0.64505,0.2485,0.35952,2.7163,-3.5631,-0.95047,-1.4813,0.11901,32.093,1.3798,-6.9755,0,0,0,6.8383,6.8908,6.85,6.8312,-4.3749,-4.383,56.418,-52.297,40.59,-269.35
3.94,-4.9642,-6.2858,2.1941,0.70159,0.19431,0.64017,0.24536,0.68022,2.7299,-3.6301,-0.89162,-1.4208,0.10664,32.047,1.3379,-6.4248,0,0,0,6.8369,6.8887,6.8532,6.8363,-4.7384,-4.0222,53.748,-22.018,31.258,-262.1
3.95,-4.9558,-6.2584,2.1575,0.70848,0.18872,0.63549,0.24207,1.0005,2.7431,-3.6917,-0.83388,-1.3639,0.097795,31.999,1.299,-5.9001,0,0,0,6.8377,6.886,6.857,6.8428,-4.8584,-3.7636,51.222,-4.6684,20.195,-240.93
3.96,-4.9442,-6.2309,2.1203,0.71505,0.18328,0.63098,0.23869,1.3202,2.7559,-3.7482,-0.7794,-1.3141,0.092538,31.951,1.2622,-5.3994,0,0,0,6.841,6.883,6.8616,6.8505,-4.8958,-3.6229,48.969,-6.301,7.7588,-208.08
3.97,-4.9294,-6.2033,2.0826,0.72134,0.17801,0.62662,0.23522,1.6395,2.7683,-3.7997,-0.73007,-1.275,0.090727,31.901,1.2262,-4.9195,0,0,0,6.8464,6.88,6.8665,6.8591,-5.0459,-3.6093,47.087,-26.247,-4.933,-167.36
3.98,-4.9114,-6.1755,2.0443,0.72739,0.17293,0.62235,0.23169,1.9582,2.7804,-3.8466,-0.68722,-1.2487,0.091902,31.849,1.1896,-4.4562,0,0,0,6.8533,6.8773,6.8713,6.8676,-5.4602,-3.7165,45.631,-58.048,-16.113,-123.91
3.99,-4.8902,-6.1477,2.0056,0.73325,0.16803,0.61811,0.22814,2.2764,2.7921,-3.8889,-0.65151,-1.2356,0.095256,31.791,1.1515,-4.0054,0,0,0,6.8608,6.8751,6.8751,6.8747,-6.2242,-3.9206,44.601,-95.056,-23.993,-82.931
4,-4.8659,-6.1197,1.9666,0.73897,0.16331,0.61387,0.22456,2.594,2.8034,-3.9267,-0.62299,-1.2347,0.099644,31.723,1.111,-3.563,0,0,0,6.8678,6.8737,6.8775,6.8791,-7.3565,-4.1794,43.946,-130.63,-26.783,-49.633
4.01,-4.8383,-6.0916,1.9271,0.74458,0.15875,0.60956,0.22098,2.9108,2.8143,-3.9602,-0.60117,-1.2426,0.1036,31.642,1.0679,-3.1256,0,0,0,6.8735,6.8731,6.8777,6.8798,-8.8097,-4.4333,43.565,-158.11,-22.695,-29.209
4.02,-4.8076,-6.0634,1.8874,0.75013,0.15433,0.60516,0.21741,3.2268,2.8248,-3.9893,-0.58508,-1.2543,0.10536,31.546,1.0226,-2.6913,0,0,0,6.8769,6.8739,6.8753,6.8754,-10.47,-4.6045,43.302,-170.86,-9.9405,-26.86
4.03,-4.7738,-6.0351,1.8474,0.7556,0.15004,0.60068,0.21387,3.5417,2.8348,-4.014,-0.57335,-1.2622,0.10283,31.433,0.97643,-2.2598,0,0,0,6.8775,6.8765,6.8704,6.8653,-12.157,-4.5978,42.952,-163.01,12.987,-46.992
4.04,-4.7368,-6.0067,1.8071,0.76099,0.14586,0.59612,0.21037,3.8554,2.8443,-4.0345,-0.56468,-1.258,0.093955,31.304,0.9316,-1.8332,0,0,0,6.8754,6.8806,6.8632,6.8499,-13.666,-4.3146,42.297,-136.12,44.922,-86.533
4.05,-4.6967,-5.9782,1.7667,0.76625,0.14174,0.59156,0.20693,4.1677,2.8534,-4.0507,-0.55845,-1.2354,0.077215,31.161,0.89131,-1.4154,0,0,0,6.8709,6.8852,6.8542,6.8304,-14.835,-3.6781,41.18,-95.817,83.228,-138.29
4.06,-4.6535,-5.9496,1.7261,0.77133,0.13766,0.58708,0.20357,4.4786,2.8622,-4.0628,-0.5548,-1.19,0.051709,31.008,0.85938,-1.0115,0,0,0,6.8649,6.8895,6.8439,6.8083,-15.557,-2.6377,39.515,-47.782,125.25,-195.03
4.07,-4.6071,-5.921,1.6854,0.77616,0.13359,0.58276,0.2003,4.7879,2.8706,-4.071,-0.55447,-1.1205,0.01713,30.851,0.83999,-0.62701,0,0,0,6.8581,6.8929,6.8329,6.7852,-15.783,-1.1695,37.287,2.3131,168.34,-249.53
4.08,-4.5577,-5.8922,1.6447,0.78069,0.12946,0.57871,0.19714,5.0956,2.879,-4.0754,-0.55874,-1.0278,-0.026272,30.694,0.83741,-0.26742,0,0,0,6.8515,6.8946,6.8218,6.7625,-15.522,0.72391,34.556,48.793,209.85,-294.55
4.09,-4.5052,-5.8634,1.6039,0.78486,0.12523,0.575,0.19411,5.4018,2.8875,-4.0764,-0.56931,-0.91612,-0.077705,30.542,0.85579,0.062858,0,0,0,6.8459,6.8938,6.8109,6.7417,-14.839,3.0134,31.452,85.981,247.13,-322.85
4.1,-4.4497,-5.8345,1.5632,0.78866,0.12084,0.57172,0.1912,5.7065,2.8962,-4.0743,-0.58817,-0.79235,-0.13588,30.399,0.89882,0.36104,0,0,0,6.8421,6.89,6.8004,6.7242,-13.851,5.6443,28.176,109.05,277.89,-328.44
4.11,-4.3911,-5.8055,1.5225,0.79207,0.11622,0.56888,0.18842,6.0098,2.9055,-4.0693,-0.6172,-0.66489,-0.19931,30.266,0.96959,0.62657,0,0,0,6.8401,6.8833,6.7904,6.7102,-12.705,8.5486,24.957,117.72,301.87,-311.93
4.12,-4.3295,-5.7764,1.4818,0.79512,0.1113,0.56648,0.18575,6.3118,2.9157,-4.0619,-0.65777,-0.54174,-0.26657,30.145,1.0705,0.86106,0,0,0,6.8401,6.8743,6.781,6.6997,-11.54,11.66,22.002,113.23,319.48,-276.12
4.13,-4.2649,-5.7472,1.4412,0.79784,0.10601,0.5645,0.18317,6.6127,2.927,-4.0522,-0.71071,-0.43016,-0.33641,30.035,1.2033,1.0681,0,0,0,6.842,6.8635,6.7723,6.6928,-10.481,14.918,19.489,96.789,331.13,-223.81
4.14,-4.1972,-5.7178,1.4008,0.8003,0.10028,0.56287,0.18066,6.9126,2.9399,-4.0406,-0.77637,-0.33664,-0.40767,29.934,1.3691,1.2528,0,0,0,6.8455,6.8513,6.7642,6.6891,-9.6402,18.265,17.571,69.643,337.21,-157.82
4.15,-4.1266,-5.6883,1.3604,0.80257,0.094045,0.5615,0.17818,7.2114,2.9545,-4.0272,-0.85458,-0.26684,-0.47931,29.841,1.5687,1.4219,0,0,0,6.8503,6.8381,6.7567,6.6885,-9.1195,21.645,16.369,33.021,338.13,-80.946
4.16,-4.053,-5.6587,1.3202,0.80474,0.087233,0.56028,0.1757,7.5094,2.9714,-4.0122,-0.9447,-0.22559,-0.55038,29.75,1.802,1.5829,0,0,0,6.8562,6.8242,6.7498,6.6908,-9.0072,25.011,15.979,-11.848,334.3,3.9997
4.17,-3.9764,-5.6289,1.2802,0.8069,0.079793,0.55907,0.17317,7.8064,2.9907,-3.9955,-1.0456,-0.21682,-0.62004,29.659,2.0687,1.7444,0,0,0,6.8627,6.8099,6.7433,6.6957,-9.3798,28.317,16.467,-63.731,326.12,94.211
4.18,-3.8969,-5.5989,1.2403,0.80914,0.071677,0.55773,0.17056,8.1025,3.0128,-3.9773,-1.1558,-0.24354,-0.68757,29.561,2.368,1.9153,0,0,0,6.8696,6.7956,6.7371,6.7029,-10.301,31.52,17.871,-121.4,313.99,186.88
4.19,-3.8144,-5.5686,1.2006,0.81156,0.062857,0.5561,0.16784,8.3976,3.0382,-3.9572,-1.2731,-0.30784,-0.75232,29.451,2.6987,2.1049,0,0,0,6.8763,6.7814,6.731,6.7118,-11.823,34.585,20.203,-183.62,298.32,279.2
4.2,-3.7289,-5.5381,1.1612,0.81426,0.053318,0.55401,0.16497,8.6915,3.0669,-3.9351,-1.3951,-0.41082,-0.81378,29.322,3.0591,2.3224,0,0,0,6.8824,6.7677,6.7249,6.7222,-13.985,37.476,23.445,-249.16,279.51,368.37
4.21,-3.6406,-5.5073,1.122,0.81732,0.04307,0.55127,0.16195,8.984,3.0994,-3.9106,-1.5191,-0.55259,-0.87154,29.169,3.4475,2.5767,0,0,0,6.8875,6.7545,6.7187,6.7336,-16.813,40.166,27.551,-316.79,257.98,451.58
4.22,-3.5493,-5.4761,1.083,0.82082,0.032147,0.54773,0.15878,9.2748,3.136,-3.8834,-1.6418,-0.73219,-0.92533,28.984,3.8617,2.8761,0,0,0,6.8914,6.7422,6.7123,6.7454,-20.323,42.628,32.447,-385.28,234.11,526.01
4.23,-3.4551,-5.4446,1.0443,0.82483,0.020607,0.5432,0.15547,9.5635,3.1767,-3.8529,-1.7602,-0.94755,-0.97495,28.76,4.2992,3.228,0,0,0,6.8935,6.7309,6.7057,6.7572,-24.517,44.842,38.033,-453.4,208.33,588.88
4.24,-3.358,-5.4126,1.0059,0.82938,0.0085364,0.53753,0.15207,9.8498,3.222,-3.8186,-1.8709,-1.1954,-1.0203,28.491,4.7576,3.6386,0,0,0,6.8938,6.7209,6.699,6.7687,-29.386,46.79,44.177,-519.92,181.02,637.36
4.25,-3.2581,-5.3801,0.96794,0.8345,-0.0039556,0.53057,0.14862,10.133,3.272,-3.7799,-1.971,-1.4714,-1.0615,28.17,5.2341,4.1128,0,0,0,6.8921,6.7126,6.6924,6.7794,-34.906,48.458,50.722,-583.6,152.6,668.65
4.26,-3.1554,-5.3471,0.93035,0.8402,-0.01674,0.5222,0.14521,10.413,3.3267,-3.7361,-2.0581,-1.7697,-1.0986,27.791,5.7258,4.6538,0,0,0,6.8884,6.7062,6.6863,6.7891,-41.044,49.839,57.483,-643.22,123.47,679.94
4.27,-3.0498,-5.3136,0.89323,0.84646,-0.029676,0.51233,0.14193,10.689,3.3865,-3.6866,-2.1302,-2.0834,-1.1317,27.348,6.2299,5.2625,0,0,0,6.8828,6.7022,6.6814,6.7975,-47.753,50.927,64.245,-697.54,94.043,668.43
4.28,-2.9416,-5.2794,0.85664,0.85323,-0.042618,0.5009,0.13885,10.96,3.4514,-3.6307,-2.1866,-2.4046,-1.161,26.834,6.7434,5.9379,0,0,0,6.8757,6.701,6.6781,6.8046,-54.974,51.72,70.769,-745.49,64.67,632.16
4.29,-2.8307,-5.2445,0.82064,0.86045,-0.055428,0.48788,0.13608,11.225,3.5214,-3.5676,-2.2271,-2.725,-1.187,26.247,7.2633,6.6763,0,0,0,6.8678,6.7025,6.677,6.8106,-62.64,52.221,76.812,-786.67,35.536,572.91
4.3,-2.7171,-5.2089,0.78531,0.86804,-0.067983,0.4733,0.13371,11.484,3.5966,-3.497,-2.2532,-3.0373,-1.2098,25.58,7.7868,7.4718,0,0,0,6.8598,6.7068,6.6782,6.8157,-70.684,52.432,82.16,-820.88,6.7676,493.56
4.31,-2.601,-5.1726,0.75073,0.87589,-0.080183,0.45719,0.1318,11.737,3.6771,-3.418,-2.2666,-3.3351,-1.2298,24.832,8.311,8.3165,0,0,0,6.8525,6.7138,6.6821,6.8204,-79.034,52.358,86.626,-847.92,-21.507,396.98
4.32,-2.4824,-5.1354,0.71698,0.88389,-0.091954,0.43963,0.13041,11.981,3.7629,-3.3305,-2.2699,-3.6133,-1.2475,23.999,8.8331,9.2008,0,0,0,6.8466,6.7233,6.6887,6.825,-87.618,52.004,90.052,-867.59,-49.16,286.04
4.33,-2.3614,-5.0973,0.68415,0.89194,-0.10325,0.42071,0.12958,12.216,3.8538,-3.2339,-2.2662,-3.8681,-1.2631,23.079,9.3502,10.114,0,0,0,6.8425,6.7352,6.6979,6.8297,-96.361,51.377,92.308,-879.69,-76.065,163.6
4.34,-2.2381,-5.0583,0.65233,0.89991,-0.11404,0.40054,0.12933,12.442,3.9498,-3.1282,-2.2584,-4.0969,-1.2771,22.071,9.8597,11.043,0,0,0,6.8408,6.749,6.7095,6.8349,-105.19,50.486,93.295,-884.02,-102.09,32.532
4.35,-2.1126,-5.0183,0.62162,0.90769,-0.12434,0.37924,0.12967,12.657,4.0509,-3.0131,-2.2496,-4.2987,-1.2899,20.975,10.359,11.975,0,0,0,6.8414,6.7644,6.7232,6.8406,-114.01,49.339,92.94,-880.38,-127.12,-104.3
4.36,-1.985,-4.9772,0.5921,0.91518,-0.13418,0.35692,0.13058,12.861,4.157,-2.8887,-2.2425,-4.4736,-1.3019,19.791,10.846,12.897,0,0,0,6.8445,6.7807,6.7383,6.8468,-122.77,47.947,91.199,-868.57,-151.01,-244.03
4.37,-1.8554,-4.9351,0.56388,0.92228,-0.14358,0.3337,0.13204,13.053,4.2678,-2.7552,-2.2398,-4.6227,-1.3136,18.521,11.317,13.794,0,0,0,6.8497,6.7972,6.7541,6.8534,-131.36,46.323,88.059,-848.38,-173.65,-383.78
4.38,-1.724,-4.8919,0.53703,0.92889,-0.1526,0.3097,0.13404,13.231,4.3833,-2.6129,-2.2436,-4.748,-1.3252,17.165,11.771,14.653,0,0,0,6.8564,6.8132,6.7698,6.86,-139.71,44.479,83.533,-819.63,-194.89,-520.7
4.39,-1.5908,-4.8474,0.51165,0.93493,-0.1613,0.28503,0.13654,13.396,4.5032,-2.4623,-2.2556,-4.8524,-1.3371,15.728,12.206,15.461,0,0,0,6.8641,6.8279,6.7845,6.8662,-147.72,42.43,77.664,-782.1,-214.63,-651.91
4.4,-1.4561,-4.8018,0.48781,0.94034,-0.16976,0.25977,0.13952,13.546,4.6273,-2.3039,-2.2773,-4.939,-1.3496,14.212,12.619,16.203,0,0,0,6.872,6.8405,6.7975,6.8715,-155.32,40.192,70.523,-735.59,-232.72,-774.54
4.41,-1.32,-4.7549,0.46559,0.94504,-0.17803,0.23401,0.14296,13.68,4.7555,-2.1385,-2.3096,-5.0108,-1.3628,12.623,13.009,16.867,0,0,0,6.879,6.8504,6.8079,6.8753,-162.4,37.781,62.211,-679.91,-249.05,-885.73
4.42,-1.1826,-4.7067,0.44506,0.94899,-0.18618,0.20782,0.14683,13.798,4.8874,-1.9669,-2.3528,-5.0709,-1.3767,10.966,13.375,17.443,0,0,0,6.8843,6.857,6.8152,6.8774,-168.88,35.217,52.857,-614.86,-263.48,-982.61
4.43,-1.0441,-4.6571,0.42627,0.95214,-0.19428,0.18124,0.15111,13.899,5.0229,-1.79,-2.4069,-5.1216,-1.3914,9.2475,13.713,17.921,0,0,0,6.887,6.8601,6.8191,6.8772,-174.67,32.519,42.616,-540.23,-275.88,-1062.3
4.44,-0.90465,-4.6062,0.40927,0.95443,-0.20239,0.15434,0.15581,13.983,5.1616,-1.6088,-2.4711,-5.1645,-1.4065,7.4752,14.025,18.293,0,0,0,6.8863,6.8597,6.8195,6.8748,-179.66,29.707,31.677,-455.87,-286.14,-1122.1
4.45,-0.76448,-4.5539,0.3941,0.95583,-0.21056,0.12717,0.1609,14.048,5.3033,-1.4245,-2.544,-5.2002,-1.4216,5.6574,14.307,18.553,0,0,0,6.8817,6.856,6.8167,6.8701,-183.76,26.803,20.244,-362.57,-294.23,-1161.2
4.46,-0.62375,-4.5001,0.38079,0.95628,-0.21883,0.099772,0.16639,14.096,5.4476,-1.2381,-2.6241,-5.2282,-1.4362,3.8033,14.56,18.697,0,0,0,6.8734,6.8496,6.8113,6.8633,-186.88,23.829,8.5161,-261.99,-300.22,-1181.2
4.47,-0.48263,-4.4449,0.36934,0.95575,-0.22724,0.072216,0.17228,14.124,5.5944,-1.0509,-2.7094,-5.247,-1.4498,1.9231,14.784,18.723,0,0,0,6.8614,6.8411,6.804,6.855,-188.98,20.805,-3.3204,-155.86,-304.2,-1183.3
4.48,-0.34132,-4.3882,0.35977,0.95421,-0.23582,0.044574,0.17855,14.134,5.7432,-0.86407,-2.7981,-5.2547,-1.4617,0.027394,14.976,18.631,0,0,0,6.8465,6.8314,6.7957,6.8456,-189.99,17.752,-15.095,-45.88,-306.24,-1169.1
4.49,-0.20001,-4.33,0.35206,0.95162,-0.2446,0.016935,0.18521,14.125,5.8938,-0.67871,-2.8881,-5.249,-1.4712,-1.8729,15.139,18.422,0,0,0,6.8292,6.8213,6.7871,6.8358,-189.89,14.687,-26.652,66.227,-306.43,-1139.9
4.5,-0.058886,-4.2703,0.34619,0.94796,-0.25359,-0.010596,0.19224,14.097,6.0459,-0.49601,-2.9773,-5.2273,-1.4777,-3.7666,15.27,18.099,0,0,0,6.8104,6.8116,6.7792,6.8265,-188.66,11.629,-37.848,178.75,-304.83,-1097.3
4.51,0.081861,-4.2091,0.34213,0.94321,-0.26279,-0.037903,0.19962,14.05,6.1991,-0.3171,-3.0635,-5.1872,-1.4806,-5.6424,15.371,17.667,0,0,0,6.7911,6.8031,6.7727,6.8183,-186.32,8.5959,-48.557,289.98,-301.53,-1042.6
4.52,0.22204,-4.1464,0.33983,0.93738,-0.27223,-0.064856,0.20734,13.984,6.3532,-0.14303,-3.1447,-5.1267,-1.4794,-7.4893,15.442,17.13,0,0,0,6.7722,6.7964,6.7681,6.8119,-182.87,5.6039,-58.664,398.19,-296.61,-977.27
4.53,0.36148,-4.0821,0.33924,0.93049,-0.28191,-0.091317,0.21537,13.9,6.5079,0.025179,-3.2187,-5.0443,-1.4737,-9.2963,15.483,16.496,0,0,0,6.7544,6.7919,6.7659,6.8076,-178.37,2.6689,-68.072,501.68,-290.14,-902.81
4.54,0.49999,-4.0162,0.34031,0.92255,-0.29182,-0.11714,0.22367,13.798,6.6628,0.18659,-3.2837,-4.9393,-1.4633,-11.053,15.496,15.771,0,0,0,6.7385,6.7898,6.7662,6.8059,-172.86,-0.19397,-76.695,598.74,-282.2,-820.63
4.55,0.63739,-3.9488,0.34295,0.91361,-0.30195,-0.1422,0.2322,13.679,6.8177,0.34033,-3.338,-4.8119,-1.448,-12.75,15.48,14.965,0,0,0,6.7251,6.7903,6.7689,6.8068,-166.42,-2.9705,-84.463,687.64,-272.88,-732.15
4.56,0.77351,-3.8798,0.34709,0.90375,-0.3123,-0.16635,0.2409,13.543,6.9723,0.48563,-3.3803,-4.6631,-1.4279,-14.379,15.437,14.085,0,0,0,6.7147,6.793,6.7738,6.8101,-159.14,-5.6471,-91.322,766.68,-262.24,-638.83
4.57,0.9082,-3.8094,0.35263,0.89304,-0.32284,-0.18948,0.24972,13.392,7.1263,0.62182,-3.4094,-4.4951,-1.4033,-15.931,15.367,13.141,0,0,0,6.7073,6.7978,6.7803,6.8156,-151.13,-8.2112,-97.228,834.14,-250.37,-542.09
4.58,1.0413,-3.7373,0.35949,0.88155,-0.33356,-0.21148,0.2586,13.225,7.2795,0.74828,-3.4249,-4.3106,-1.3746,-17.399,15.273,12.144,0,0,0,6.7029,6.8041,6.7879,6.8228,-142.5,-10.651,-102.16,888.31,-237.35,-443.38
4.59,1.1727,-3.6638,0.36757,0.8694,-0.34443,-0.23228,0.26749,13.044,7.4317,0.86454,-3.4263,-4.1129,-1.3426,-18.779,15.155,11.102,0,0,0,6.7016,6.8115,6.7958,6.831,-133.41,-12.955,-106.09,927.47,-223.25,-344.14
4.6,1.3021,-3.5887,0.37675,0.85669,-0.35541,-0.25182,0.27631,12.85,7.5826,0.9702,-3.4138,-3.9061,-1.3081,-20.067,15.014,10.025,0,0,0,6.7028,6.8195,6.8033,6.8396,-124.01,-15.112,-109.04,950.22,-208.16,-245.73
4.61,1.4296,-3.5121,0.38693,0.84351,-0.36647,-0.27008,0.28502,12.643,7.7319,1.065,-3.3875,-3.694,-1.272,-21.259,14.853,8.924,0,0,0,6.706,6.8277,6.8101,6.8481,-114.46,-17.115,-111.01,957.22,-192.23,-148.93
4.62,1.555,-3.4341,0.39801,0.82998,-0.37757,-0.28705,0.29356,12.425,7.8796,1.1486,-3.3476,-3.48,-1.2351,-22.356,14.673,7.808,0,0,0,6.7104,6.8356,6.8156,6.8561,-104.91,-18.955,-112.03,950.02,-175.62,-54.301
4.63,1.6781,-3.3545,0.40987,0.8162,-0.38864,-0.30273,0.30188,12.196,8.0253,1.2211,-3.294,-3.267,-1.1982,-23.358,14.474,6.6865,0,0,0,6.7153,6.843,6.8197,6.8633,-95.5,-20.626,-112.11,930.17,-158.5,37.602
4.64,1.7989,-3.2736,0.42239,0.80227,-0.39964,-0.31715,0.30995,11.958,8.169,1.2824,-3.2267,-3.0574,-1.1619,-24.267,14.261,5.5688,0,0,0,6.72,6.8498,6.8223,6.8693,-86.344,-22.124,-111.29,899.24,-141.04,126.23
4.65,1.9172,-3.1912,0.43548,0.78829,-0.41051,-0.33037,0.31772,11.711,8.3105,1.3325,-3.1453,-2.8532,-1.1267,-25.086,14.033,4.4637,0,0,0,6.7244,6.8557,6.8232,6.8742,-77.547,-23.446,-109.6,858.78,-123.4,211.03
4.66,2.0331,-3.1074,0.44901,0.77436,-0.42118,-0.34242,0.32516,11.457,8.4496,1.3717,-3.0498,-2.656,-1.093,-25.819,13.792,3.3796,0,0,0,6.7279,6.8607,6.8226,6.8779,-69.195,-24.591,-107.08,810.33,-105.76,291.44
4.67,2.1463,-3.0222,0.46288,0.76058,-0.43157,-0.35336,0.33227,11.195,8.5863,1.4002,-2.9398,-2.4671,-1.061,-26.471,13.541,2.3247,0,0,0,6.7307,6.8648,6.8205,6.8804,-61.361,-25.561,-103.79,755.47,-88.279,366.92
4.68,2.2569,-2.9356,0.47698,0.74704,-0.44163,-0.36325,0.33902,10.927,8.7204,1.4183,-2.8155,-2.2875,-1.031,-27.048,13.282,1.3063,0,0,0,6.7324,6.868,6.8172,6.8818,-54.102,-26.358,-99.761,695.74,-71.13,436.92
4.69,2.3648,-2.8478,0.49121,0.73384,-0.45128,-0.37217,0.34542,10.654,8.8519,1.4265,-2.6769,-2.118,-1.0031,-27.555,13.015,0.33167,0,0,0,6.7334,6.8704,6.813,6.8823,-47.458,-26.986,-95.067,632.7,-54.479,500.88
4.7,2.47,-2.7586,0.50548,0.72106,-0.46045,-0.38016,0.35147,10.377,8.9807,1.4251,-2.5244,-1.9591,-0.97717,-27.999,12.742,-0.59297,0,0,0,6.7336,6.872,6.8081,6.8821,-41.454,-27.45,-89.765,567.9,-38.495,558.24
4.71,2.5724,-2.6682,0.51968,0.70878,-0.46908,-0.38731,0.35718,10.095,9.1067,1.4148,-2.3587,-1.8113,-0.95322,-28.387,12.466,-1.4618,0,0,0,6.7333,6.873,6.803,6.8815,-36.1,-27.758,-83.926,502.9,-23.345,608.46
4.72,2.6719,-2.5765,0.53374,0.69708,-0.47711,-0.39367,0.36259,9.809,9.23,1.3961,-2.1807,-1.6746,-0.93103,-28.724,12.188,-2.2699,0,0,0,6.7326,6.8734,6.7981,6.8806,-31.391,-27.92,-77.622,439.26,-9.1979,650.98
4.73,2.7685,-2.4836,0.54758,0.68602,-0.48447,-0.3993,0.36772,9.5203,9.3505,1.3696,-1.9918,-1.5491,-0.91035,-29.017,11.908,-3.013,0,0,0,6.7318,6.8734,6.7937,6.8797,-27.305,-27.946,-70.934,378.52,3.7792,685.26
4.74,2.8623,-2.3895,0.56111,0.67566,-0.49114,-0.40426,0.3726,9.2288,9.4682,1.3361,-1.7938,-1.4344,-0.89084,-29.272,11.629,-3.6876,0,0,0,6.7312,6.8729,6.7901,6.8788,-23.806,-27.849,-63.946,322.25,15.418,710.73
4.75,2.9531,-2.2942,0.57428,0.66604,-0.49709,-0.40859,0.37729,8.935,9.5831,1.2961,-1.5888,-1.3301,-0.87211,-29.494,11.352,-4.2912,0,0,0,6.7309,6.8722,6.7878,6.8781,-20.84,-27.643,-56.75,272,25.55,726.85
4.76,3.041,-2.1978,0.58702,0.65719,-0.50228,-0.41234,0.38182,8.639,9.6952,1.2505,-1.3792,-1.2357,-0.85371,-29.69,11.077,-4.8222,0,0,0,6.7311,6.8711,6.7869,6.8777,-18.342,-27.344,-49.441,228.88,34.048,733.35
4.77,3.1259,-2.1003,0.59927,0.64913,-0.50671,-0.41556,0.38624,8.3413,9.8046,1.1999,-1.1676,-1.1503,-0.83527,-29.863,10.805,-5.28,0,0,0,6.732,6.8697,6.7873,6.8775,-16.24,-26.967,-42.113,192.61,40.909,730.87
4.78,3.2078,-2.0018,0.611,0.64187,-0.5104,-0.41826,0.39059,8.0418,9.9113,1.1451,-0.95655,-1.0735,-0.81652,-30.016,10.538,-5.6647,0,0,0,6.7336,6.8683,6.7889,6.8775,-14.469,-26.531,-34.851,162.64,46.154,720.23
4.79,3.2867,-1.9021,0.62216,0.63539,-0.51334,-0.42048,0.39491,7.741,10.015,1.0869,-0.74852,-1.0045,-0.7973,-30.153,10.275,-5.9775,0,0,0,6.7361,6.8668,6.7915,6.8776,-12.968,-26.05,-27.733,138.4,49.808,702.26
4.8,3.3626,-1.8015,0.63273,0.62967,-0.51558,-0.42225,0.39924,7.4388,10.117,1.0258,-0.54572,-0.94278,-0.77758,-30.276,10.017,-6.2201,0,0,0,6.7395,6.8653,6.795,6.8776,-11.684,-25.54,-20.828,119.33,51.892,677.78
4.81,3.4355,-1.6998,0.64267,0.62469,-0.51714,-0.42358,0.40361,7.1355,10.216,0.96268,-0.35017,-0.88769,-0.75743,-30.387,9.7639,-6.395,0,0,0,6.7436,6.8639,6.7991,6.8776,-10.566,-25.017,-14.196,104.88,52.428,647.61
4.82,3.5053,-1.5971,0.65198,0.6204,-0.51806,-0.4245,0.40806,6.8311,10.312,0.89813,-0.16362,-0.83878,-0.73699,-30.488,9.5163,-6.5051,0,0,0,6.7487,6.8626,6.8036,6.8774,-9.5724,-24.496,-7.8915,94.481,51.439,612.57
4.83,3.5721,-1.4936,0.66063,0.61676,-0.51839,-0.42502,0.41259,6.5258,10.406,0.83278,0.012396,-0.79569,-0.71651,-30.579,9.2739,-6.554,0,0,0,6.7545,6.8615,6.8083,6.8771,-8.6648,-23.993,-1.9582,87.575,48.948,573.49
4.84,3.6358,-1.389,0.66863,0.61372,-0.51817,-0.42515,0.41725,6.2196,10.498,0.76724,0.17666,-0.75813,-0.69629,-30.661,9.0363,-6.5456,0,0,0,6.7611,6.8606,6.8131,6.8765,-7.8111,-23.522,3.5675,83.604,44.977,531.19
4.85,3.6965,-1.2836,0.67598,0.6112,-0.51745,-0.42492,0.42203,5.9126,10.587,0.70205,0.32822,-0.7259,-0.6767,-30.735,8.8033,-6.4841,0,0,0,6.7683,6.86,6.8177,6.8757,-6.9848,-23.099,8.6575,82.007,39.548,486.48
4.86,3.7541,-1.1773,0.68268,0.60916,-0.51629,-0.42435,0.42696,5.6049,10.674,0.63772,0.4664,-0.69892,-0.65814,-30.801,8.5742,-6.374,0,0,0,6.7761,6.8597,6.8221,6.8746,-6.1649,-22.736,13.292,82.226,32.685,440.2
4.87,3.8086,-1.0701,0.68874,0.60753,-0.51472,-0.42345,0.43204,5.2966,10.758,0.57471,0.59081,-0.67719,-0.64103,-30.858,8.3483,-6.2198,0,0,0,6.7844,6.8596,6.826,6.8731,-5.3361,-22.45,17.459,83.7,24.408,393.17
4.88,3.86,-0.96215,0.69418,0.60623,-0.51281,-0.42225,0.43728,4.9878,10.841,0.51345,0.70133,-0.66076,-0.62584,-30.908,8.1249,-6.0264,0,0,0,6.793,6.8597,6.8293,6.8713,-4.4886,-22.253,21.156,85.869,14.742,346.2
4.89,3.9083,-0.85334,0.69901,0.60522,-0.51058,-0.42077,0.44268,4.6785,10.921,0.4543,0.79811,-0.64977,-0.61302,-30.948,7.9029,-5.7983,0,0,0,6.8019,6.8601,6.8318,6.8692,-3.6183,-22.159,24.386,88.174,3.7079,300.12
4.9,3.9536,-0.74374,0.70327,0.60443,-0.50809,-0.41905,0.44823,4.3688,10.999,0.39759,0.88157,-0.64442,-0.60303,-30.98,7.6813,-5.5402,0,0,0,6.8108,6.8607,6.8334,6.8666,-2.7265,-22.183,27.164,90.055,-8.6714,255.76
4.91,3.9957,-0.63337,0.70697,0.60379,-0.50536,-0.41711,0.45395,4.0589,11.074,0.34358,0.95234,-0.64495,-0.59633,-31.003,7.4588,-5.2565,0,0,0,6.8196,6.8614,6.834,6.8637,-1.8204,-22.337,29.51,90.953,-22.373,213.93
4.92,4.0348,-0.52226,0.71015,0.60325,-0.50243,-0.41498,0.45982,3.7488,11.148,0.29253,1.0113,-0.65163,-0.59334,-31.016,7.2341,-4.9513,0,0,0,6.8281,6.8623,6.8335,6.8603,-0.91236,-22.635,31.453,90.416,-37.348,175.32
4.93,4.0707,-0.41042,0.71283,0.60277,-0.49932,-0.41271,0.46586,3.4386,11.219,0.24462,1.0593,-0.66473,-0.59444,-31.021,7.0056,-4.6286,0,0,0,6.8363,6.8631,6.8318,6.8565,-0.016671,-23.088,33.027,88.513,-53.409,140.01
4.94,4.1035,-0.29788,0.71506,0.60229,-0.49605,-0.41032,0.47204,3.1284,11.288,0.2,1.0973,-0.68444,-0.59991,-31.017,6.7718,-4.2919,0,0,0,6.844,6.8638,6.8292,6.8523,0.8541,-23.706,34.264,85.47,-70.329,107.86
4.95,4.1333,-0.18467,0.71685,0.60176,-0.49264,-0.40785,0.47838,2.8183,11.355,0.15881,1.1262,-0.71089,-0.6099,-31.004,6.5309,-3.9444,0,0,0,6.851,6.8643,6.8257,6.8478,1.6897,-24.496,35.194,81.516,-87.883,78.745
4.96,4.1599,-0.070799,0.71824,0.60115,-0.48909,-0.40534,0.48488,2.5084,11.419,0.12114,1.1466,-0.74412,-0.62451,-30.983,6.2813,-3.5889,0,0,0,6.8573,6.8645,6.8214,6.8429,2.4821,-25.465,35.848,76.876,-105.84,52.54
4.97,4.1834,0.043697,0.71928,0.60043,-0.48541,-0.40283,0.49152,2.1987,11.48,0.087052,1.1593,-0.7841,-0.64371,-30.954,6.021,-3.2282,0,0,0,6.8629,6.8643,6.8164,6.8377,3.2257,-26.614,36.254,71.778,-123.99,29.118
4.98,4.2039,0.15879,0.72,0.59955,-0.4816,-0.40035,0.49831,1.8893,11.539,0.056587,1.1649,-0.83074,-0.66744,-30.919,5.7484,-2.8646,0,0,0,6.8677,6.8638,6.8109,6.8324,3.9169,-27.944,36.44,66.448,-142.08,8.3515
4.99,4.2212,0.27447,0.72042,0.59849,-0.47767,-0.39795,0.50525,1.5803,11.595,0.029763,1.164,-0.88384,-0.69553,-30.876,5.4615,-2.5001,0,0,0,6.8716,6.8629,6.8049,6.8269,4.5546,-29.455,36.43,61.113,-159.9,-9.8864
5,4.2355,0.39069,0.7206,0.59723,-0.4736,-0.39565,0.51233,1.2718,11.648,0.0065818,1.1573,-0.94316,-0.72778,-30.828,5.1587,-2.1365,0,0,0,6.8746,6.8617,6.7986,6.8213,5.1399,-31.141,36.25,56.001,-177.22,-25.722
5.01,4.2467,0.50742,0.72057,0.59573,-0.4694,-0.3935,0.51954,0.96378,11.698,-0.012976,1.1451,-1.0084,-0.76392,-30.774,4.8382,-1.7756,0,0,0,6.8768,6.8601,6.792,6.8158,5.6761,-32.997,35.923,51.338,-193.82,-39.283
5.02,4.2548,0.62464,0.72036,0.59399,-0.46505,-0.39153,0.52688,0.65634,11.745,-0.028943,1.1281,-1.0791,-0.80363,-30.714,4.4982,-1.4185,0,0,0,6.8782,6.8582,6.7854,6.8103,6.1689,-35.014,35.471,47.35,-209.46,-50.696
5.03,4.2598,0.74231,0.72,0.59199,-0.46055,-0.38977,0.53435,0.34951,11.788,-0.041363,1.1068,-1.1548,-0.84653,-30.65,4.1374,-1.0665,0,0,0,6.8787,6.856,6.7788,6.8051,6.6262,-37.182,34.916,44.265,-223.92,-60.087
5.04,4.2617,0.86039,0.71954,0.5897,-0.45589,-0.38825,0.54192,0.043346,11.828,-0.050292,1.0816,-1.235,-0.89222,-30.582,3.7541,-0.72047,0,0,0,6.8785,6.8537,6.7724,6.8002,7.058,-39.488,34.276,42.309,-236.98,-67.584
5.05,4.2607,0.97884,0.71901,0.58712,-0.45105,-0.387,0.54961,-0.26211,11.863,-0.055795,1.0531,-1.3191,-0.94024,-30.509,3.3472,-0.38119,0,0,0,6.8776,6.8512,6.7663,6.7958,7.4769,-41.916,33.57,41.71,-248.4,-73.314
5.06,4.2565,1.0976,0.71844,0.58425,-0.44604,-0.38604,0.55739,-0.56683,11.894,-0.057941,1.0219,-1.4065,-0.99011,-30.432,2.9155,-0.049226,0,0,0,6.876,6.8488,6.7607,6.792,7.8975,-44.449,32.815,42.694,-257.96,-77.402
5.07,4.2493,1.2167,0.71786,0.58107,-0.44083,-0.38538,0.56525,-0.87075,11.921,-0.056805,0.98833,-1.4963,-1.0413,-30.351,2.4579,0.27501,0,0,0,6.8738,6.8464,6.7558,6.7888,8.3368,-47.068,32.027,45.488,-265.44,-79.977
5.08,4.2391,1.336,0.71731,0.57758,-0.43542,-0.38505,0.57319,-1.1738,11.943,-0.052467,0.95314,-1.5879,-1.0932,-30.266,1.9739,0.59125,0,0,0,6.8711,6.8442,6.7515,6.7864,8.814,-49.75,31.22,50.319,-270.61,-81.165
5.09,4.2258,1.4556,0.71682,0.57379,-0.42979,-0.38505,0.58119,-1.476,11.961,-0.045007,0.91691,-1.6804,-1.1454,-30.175,1.4628,0.89939,0,0,0,6.868,6.8422,6.7482,6.785,9.3507,-52.472,30.408,57.414,-273.23,-81.093
5.1,4.2096,1.5752,0.71642,0.56969,-0.42394,-0.38539,0.58924,-1.7773,11.973,-0.034506,0.88028,-1.7729,-1.1971,-30.078,0.92442,1.1994,0,0,0,6.8645,6.8407,6.7459,6.7846,9.9706,-55.206,29.602,66.999,-273.09,-79.888
5.11,4.1903,1.695,0.71614,0.56528,-0.41786,-0.38608,0.59732,-2.0776,11.979,-0.021045,0.84397,-1.8647,-1.248,-29.975,0.35874,1.4915,0,0,0,6.8608,6.8396,6.7446,6.7852,10.7,-57.924,28.814,79.213,-270.03,-77.683
5.12,4.168,1.8148,0.71601,0.56058,-0.41154,-0.38709,0.60543,-2.3768,11.98,-0.0047021,0.80867,-1.955,-1.2973,-29.864,-0.23391,1.7758,0,0,0,6.8569,6.839,6.7444,6.7869,11.563,-60.597,28.051,93.807,-264.17,-74.642
5.13,4.1428,1.9346,0.71606,0.55559,-0.40498,-0.38842,0.61355,-2.6748,11.974,0.014446,0.77503,-2.043,-1.3447,-29.743,-0.85296,2.0526,0,0,0,6.8531,6.8391,6.7451,6.7896,12.582,-63.199,27.323,110.43,-255.75,-70.935
5.14,4.1145,2.0543,0.71631,0.55031,-0.39817,-0.39007,0.62166,-2.9716,11.963,0.036327,0.74366,-2.1283,-1.3898,-29.612,-1.4976,2.3224,0,0,0,6.8495,6.8398,6.7467,6.7932,13.777,-65.704,26.634,128.73,-244.96,-66.734
5.15,4.0833,2.1738,0.71679,0.54477,-0.39109,-0.392,0.62977,-3.267,11.944,0.060872,0.71508,-2.2105,-1.4325,-29.467,-2.1666,2.5855,0,0,0,6.8462,6.8411,6.7491,6.7976,15.161,-68.091,25.989,148.36,-232.03,-62.21
5.16,4.0492,2.2931,0.71753,0.53897,-0.38376,-0.39419,0.63785,-3.5609,11.919,0.088016,0.68973,-2.2893,-1.4725,-29.308,-2.8589,2.8423,0,0,0,6.8433,6.8431,6.7522,6.8027,16.747,-70.338,25.391,168.96,-217.18,-57.534
5.17,4.0121,2.4122,0.71856,0.53291,-0.37616,-0.39663,0.64591,-3.8531,11.887,0.1177,0.66798,-2.3645,-1.5098,-29.131,-3.5729,3.0934,0,0,0,6.8408,6.8456,6.7558,6.8084,18.543,-72.429,24.839,190.18,-200.61,-52.876
5.18,3.9721,2.5308,0.7199,0.52662,-0.36829,-0.39928,0.65392,-4.1435,11.848,0.14987,0.65009,-2.4362,-1.5444,-28.936,-4.3069,3.3393,0,0,0,6.8387,6.8487,6.7599,6.8145,20.552,-74.346,24.332,211.67,-182.55,-48.409
5.19,3.9293,2.6491,0.72157,0.5201,-0.36015,-0.40211,0.66189,-4.4318,11.801,0.18447,0.63623,-2.5042,-1.5763,-28.72,-5.0592,3.5802,0,0,0,6.8371,6.8522,6.7643,6.8209,22.776,-76.075,23.869,233.08,-163.2,-44.302
5.2,3.8835,2.7668,0.72359,0.51336,-0.35174,-0.4051,0.6698,-4.7178,11.746,0.22146,0.62648,-2.5687,-1.6057,-28.48,-5.8278,3.8168,0,0,0,6.8359,6.8561,6.7689,6.8274,25.212,-77.606,23.445,254.05,-142.79,-40.728
5.21,3.8349,2.884,0.726,0.50642,-0.34305,-0.40821,0.67766,-5.0013,11.684,0.26079,0.62081,-2.63,-1.6326,-28.215,-6.6106,4.0492,0,0,0,6.8351,6.8602,6.7736,6.8339,27.854,-78.928,23.052,274.25,-121.53,-37.856
5.22,3.7835,3.0005,0.72882,0.49928,-0.33407,-0.41143,0.68545,-5.282,11.614,0.30243,0.61907,-2.6881,-1.6574,-27.922,-7.4056,4.2779,0,0,0,6.8346,6.8644,6.7782,6.8402,30.693,-80.034,22.685,293.3,-99.629,-35.859
5.23,3.7293,3.1163,0.73206,0.49195,-0.32482,-0.41471,0.69317,-5.5596,11.536,0.34634,0.62104,-2.7434,-1.6801,-27.6,-8.2106,4.503,0,0,0,6.8344,6.8686,6.7826,6.8463,33.715,-80.919,22.332,310.87,-77.311,-34.907
5.24,3.6723,3.2312,0.73575,0.48445,-0.31528,-0.41804,0.70082,-5.8339,11.45,0.39248,0.62638,-2.7961,-1.7011,-27.247,-9.0232,4.7245,0,0,0,6.8344,6.8726,6.7867,6.8518,36.904,-81.58,21.982,326.59,-54.788,-35.172
5.25,3.6126,3.3452,0.73992,0.47676,-0.30545,-0.42139,0.70839,-6.1045,11.356,0.44081,0.63465,-2.8466,-1.7205,-26.862,-9.8414,4.9426,0,0,0,6.8345,6.8764,6.7905,6.8568,40.24,-82.015,21.624,340.13,-32.274,-36.823
5.26,3.5502,3.4583,0.74457,0.46892,-0.29534,-0.42475,0.71587,-6.371,11.253,0.49132,0.64529,-2.8949,-1.7386,-26.442,-10.663,5.1569,0,0,0,6.8346,6.8798,6.7939,6.8611,43.698,-82.226,21.241,351.12,-9.987,-40.033
5.27,3.4852,3.5703,0.74975,0.46091,-0.28495,-0.42809,0.72326,-6.6332,11.142,0.54394,0.65765,-2.9413,-1.7555,-25.987,-11.485,5.3673,0,0,0,6.8346,6.8826,6.7968,6.8647,47.253,-82.216,20.817,359.21,11.86,-44.973
5.28,3.4176,3.6811,0.75546,0.45274,-0.27427,-0.43139,0.73055,-6.8906,11.023,0.59865,0.67097,-2.9861,-1.7714,-25.497,-12.306,5.5731,0,0,0,6.8345,6.8849,6.7994,6.8675,50.872,-81.991,20.335,364.06,33.05,-51.813
5.29,3.3474,3.7907,0.76173,0.44441,-0.26332,-0.43466,0.73772,-7.143,10.896,0.65538,0.68437,-3.0291,-1.7864,-24.97,-13.124,5.7737,0,0,0,6.8342,6.8865,6.8016,6.8694,54.522,-81.558,19.774,365.31,53.369,-60.725
5.3,3.2748,3.899,0.76857,0.43594,-0.25209,-0.43787,0.74477,-7.3899,10.761,0.7141,0.69685,-3.0705,-1.8006,-24.406,-13.937,5.9682,0,0,0,6.8337,6.8874,6.8036,6.8706,58.165,-80.927,19.113,362.62,72.604,-71.872
5.31,3.1996,4.0059,0.77602,0.42732,-0.2406,-0.44102,0.75168,-7.631,10.617,0.77473,0.70734,-3.11,-1.8139,-23.807,-14.742,6.1556,0,0,0,6.8329,6.8875,6.8055,6.871,61.761,-80.11,18.329,355.95,90.658,-85.189
5.32,3.1222,4.1113,0.78407,0.41855,-0.22885,-0.44412,0.75842,-7.8659,10.466,0.83718,0.71484,-3.1475,-1.8263,-23.171,-15.539,6.3343,0,0,0,6.832,6.8869,6.8073,6.8709,65.272,-79.118,17.403,345.63,107.56,-100.35
5.33,3.0423,4.2152,0.79277,0.40963,-0.21687,-0.44716,0.765,-8.0943,10.307,0.90138,0.71847,-3.1827,-1.8378,-22.502,-16.324,6.5031,0,0,0,6.8308,6.8857,6.8092,6.8702,68.663,-77.963,16.317,332.01,123.35,-117.01
5.34,2.9603,4.3174,0.80211,0.40057,-0.20467,-0.45016,0.77137,-8.3159,10.14,0.9672,0.71747,-3.2153,-1.8481,-21.799,-17.097,6.6601,0,0,0,6.8295,6.884,6.8112,6.8692,71.902,-76.655,15.059,315.41,138.07,-134.83
5.35,2.8761,4.4179,0.81212,0.39137,-0.19227,-0.45311,0.77753,-8.5302,9.9649,1.0345,0.71121,-3.245,-1.8572,-21.064,-17.857,6.8037,0,0,0,6.8281,6.8819,6.8134,6.8681,74.962,-75.205,13.618,296.18,151.75,-153.46
5.36,2.7897,4.5167,0.8228,0.38202,-0.1797,-0.45604,0.78345,-8.737,9.7826,1.1032,0.69918,-3.2715,-1.8649,-20.3,-18.601,6.9318,0,0,0,6.8267,6.8796,6.8158,6.8668,77.818,-73.623,11.988,274.67,164.43,-172.56
5.37,2.7013,4.6136,0.83418,0.37255,-0.16698,-0.45895,0.7891,-8.9361,9.5929,1.1731,0.681,-3.2944,-1.871,-19.509,-19.329,7.0428,0,0,0,6.8253,6.877,6.8186,6.8656,80.449,-71.919,10.166,251.21,176.15,-191.8
5.38,2.611,4.7085,0.84627,0.36294,-0.15414,-0.46187,0.79448,-9.1271,9.396,1.244,0.6564,-3.3134,-1.8755,-18.692,-20.039,7.1345,0,0,0,6.824,6.8744,6.8217,6.8645,82.837,-70.103,8.153,226.15,186.95,-210.82
5.39,2.5188,4.8015,0.85907,0.35321,-0.14122,-0.46479,0.79954,-9.3099,9.1922,1.3157,0.62524,-3.3284,-1.8782,-17.853,-20.73,7.2052,0,0,0,6.823,6.8718,6.8252,6.8637,84.968,-68.183,5.9518,199.83,196.87,-229.29
5.4,2.4248,4.8923,0.87259,0.34335,-0.12824,-0.46775,0.80429,-9.4841,8.9815,1.388,0.58751,-3.3392,-1.879,-16.994,-21.402,7.253,0,0,0,6.8221,6.8693,6.829,6.8631,86.83,-66.169,3.5702,172.59,205.94,-246.86
5.41,2.3292,4.9811,0.88683,0.33338,-0.11524,-0.47074,0.80869,-9.6497,8.7642,1.4607,0.54332,-3.3455,-1.8778,-16.117,-22.054,7.2761,0,0,0,6.8215,6.867,6.8331,6.8629,88.417,-64.067,1.0189,144.77,214.21,-263.18
5.42,2.2319,5.0676,0.9018,0.3233,-0.10226,-0.47381,0.81273,-9.8064,8.5405,1.5335,0.49289,-3.3473,-1.8746,-15.226,-22.683,7.2728,0,0,0,6.8212,6.8648,6.8373,6.863,89.725,-61.887,-1.6882,116.71,221.71,-277.93
5.43,2.1331,5.1519,0.9175,0.3131,-0.089326,-0.47695,0.8164,-9.9542,8.3106,1.6061,0.43658,-3.3446,-1.8694,-14.324,-23.291,7.2418,0,0,0,6.821,6.8629,6.8417,6.8634,90.752,-59.635,-4.5333,88.752,228.48,-290.75
5.44,2.0328,5.2338,0.93392,0.30281,-0.076475,-0.48018,0.81968,-10.093,8.0747,1.6782,0.37487,-3.3375,-1.8622,-13.412,-23.876,7.1818,0,0,0,6.8211,6.8612,6.8461,6.8641,91.501,-57.32,-7.4956,61.244,234.56,-301.3
5.45,1.9312,5.3133,0.95106,0.29243,-0.063739,-0.48352,0.82257,-10.222,7.8332,1.7496,0.30833,-3.326,-1.853,-12.494,-24.437,7.0916,0,0,0,6.8213,6.8597,6.8504,6.865,91.979,-54.947,-10.551,34.522,239.98,-309.24
5.46,1.8284,5.3904,0.96891,0.28195,-0.051151,-0.48699,0.82506,-10.343,7.5861,1.8199,0.23769,-3.3102,-1.8421,-11.573,-24.975,6.9705,0,0,0,6.8216,6.8585,6.8543,6.866,92.196,-52.522,-13.671,8.9297,244.79,-314.23
5.47,1.7244,5.465,0.98745,0.27139,-0.03874,-0.49059,0.82715,-10.454,7.3338,1.8889,0.16377,-3.2905,-1.8294,-10.651,-25.488,6.8181,0,0,0,6.822,6.8574,6.8579,6.8671,92.163,-50.053,-16.824,-15.193,249.03,-315.92
5.48,1.6194,5.5371,1.0067,0.26076,-0.026533,-0.49433,0.82882,-10.556,7.0764,1.9562,0.087548,-3.2669,-1.8153,-9.7308,-25.976,6.6341,0,0,0,6.8222,6.8566,6.8608,6.8682,91.898,-47.543,-19.977,-37.503,252.72,-313.97
5.49,1.5133,5.6066,1.0266,0.25005,-0.014555,-0.49821,0.83009,-10.648,6.8143,2.0215,0.010095,-3.2398,-1.8,-8.8141,-26.438,6.4187,0,0,0,6.8224,6.856,6.8631,6.8693,91.42,-45,-23.09,-57.66,255.92,-308.04
5.5,1.4064,5.6734,1.0471,0.23928,-0.0028259,-0.50225,0.83095,-10.732,6.5477,2.0845,-0.06737,-3.2095,-1.7837,-7.9031,-26.875,6.1725,0,0,0,6.8223,6.8557,6.8645,6.8702,90.753,-42.427,-26.123,-75.37,258.65,-297.86
5.51,1.2987,5.7375,1.0683,0.22845,0.0086361,-0.50643,0.83142,-10.807,6.2769,2.1448,-0.14359,-3.1762,-1.7667,-6.9996,-27.287,5.8966,0,0,0,6.8221,6.8556,6.8651,6.8709,89.921,-39.828,-29.034,-90.665,260.9,-283.65
5.52,1.1903,5.7989,1.09,0.21757,0.019817,-0.51076,0.8315,-10.872,6.0021,2.2023,-0.21742,-3.1403,-1.7495,-6.1051,-27.672,5.5924,0,0,0,6.8216,6.8557,6.8649,6.8714,88.947,-37.21,-31.784,-103.71,262.67,-265.81
5.53,1.0813,5.8575,1.1123,0.20665,0.030706,-0.51521,0.83121,-10.929,5.7236,2.2566,-0.28781,-3.1019,-1.7321,-5.221,-28.031,5.2616,0,0,0,6.8208,6.8559,6.864,6.8716,87.853,-34.577,-34.34,-114.68,263.91,-244.76
5.54,0.97178,5.9134,1.1351,0.1957,0.041294,-0.51977,0.83056,-10.977,5.4416,2.3075,-0.35382,-3.0611,-1.7149,-4.3484,-28.363,4.9063,0,0,0,6.8197,6.8562,6.8624,6.8716,86.66,-31.934,-36.67,-123.74,264.62,-220.92
5.55,0.86181,5.9664,1.1584,0.18472,0.051576,-0.52444,0.82957,-11.016,5.1564,2.3547,-0.41462,-3.0183,-1.698,-3.4881,-28.67,4.529,0,0,0,6.8184,6.8566,6.8603,6.8714,85.384,-29.286,-38.75,-131.06,264.77,-194.71
5.56,0.7515,6.0165,1.1822,0.17373,0.061548,-0.52918,0.82825,-11.046,4.8683,2.398,-0.46948,-2.9734,-1.6816,-2.6409,-28.949,4.1322,0,0,0,6.8169,6.8572,6.8577,6.871,84.044,-26.64,-40.558,-136.8,264.33,-166.55
5.57,0.64092,6.0637,1.2064,0.16274,0.071209,-0.53397,0.82663,-11.069,4.5775,2.4372,-0.51775,-2.9266,-1.6658,-1.8074,-29.202,3.7188,0,0,0,6.8151,6.8579,6.8548,6.8704,82.653,-24.002,-42.076,-141.13,263.29,-136.84
5.58,0.53015,6.108,1.2309,0.15176,0.080558,-0.53879,0.82473,-11.083,4.2843,2.4723,-0.55891,-2.8782,-1.6509,-0.98798,-29.429,3.2917,0,0,0,6.8133,6.8587,6.8517,6.8698,81.225,-21.377,-43.291,-144.23,261.63,-106.01
5.59,0.41929,6.1494,1.2558,0.1408,0.089597,-0.54361,0.82258,-11.088,3.989,2.503,-0.59253,-2.8281,-1.6367,-0.18297,-29.63,2.854,0,0,0,6.8114,6.8597,6.8485,6.8692,79.772,-18.771,-44.194,-146.26,259.32,-74.478
5.6,0.30841,6.1878,1.281,0.12987,0.09833,-0.5484,0.82019,-11.086,3.6918,2.5294,-0.61831,-2.7766,-1.6235,0.60741,-29.805,2.4089,0,0,0,6.8095,6.8608,6.8452,6.8686,78.303,-16.192,-44.78,-147.38,256.34,-42.652
5.61,0.19759,6.2232,1.3064,0.11899,0.10676,-0.55314,0.81761,-11.076,3.393,2.5512,-0.63604,-2.7238,-1.6112,1.3831,-29.954,1.9595,0,0,0,6.8076,6.8621,6.8421,6.868,76.827,-13.647,-45.047,-147.78,252.67,-10.953
5.62,0.086912,6.2556,1.332,0.10817,0.11489,-0.55779,0.81484,-11.059,3.0928,2.5686,-0.64565,-2.6699,-1.5997,2.1439,-30.078,1.509,0,0,0,6.8059,6.8636,6.8392,6.8677,75.349,-11.141,-45,-147.6,248.29,20.203
5.63,-0.023554,6.2851,1.3577,0.097423,0.12274,-0.56233,0.81193,-11.033,2.7915,2.5814,-0.64722,-2.615,-1.5892,2.8901,-30.177,1.0605,0,0,0,6.8043,6.8651,6.8366,6.8674,73.876,-8.6835,-44.646,-147.03,243.17,50.401
5.64,-0.13373,6.3115,1.3836,0.086757,0.1303,-0.56672,0.8089,-11.001,2.4893,2.5898,-0.64091,-2.5594,-1.5793,3.6215,-30.252,0.61706,0,0,0,6.8028,6.8667,6.8344,6.8674,72.409,-6.2805,-43.997,-146.23,237.3,79.222
5.65,-0.24355,6.3349,1.4095,0.076186,0.13758,-0.57094,0.80579,-10.961,2.1865,2.5938,-0.62708,-2.5032,-1.5701,4.3383,-30.303,0.18151,0,0,0,6.8015,6.8683,6.8326,6.8676,70.951,-3.9401,-43.068,-145.37,230.65,106.25
5.66,-0.35293,6.3552,1.4355,0.065718,0.1446,-0.57497,0.80261,-10.914,1.8834,2.5934,-0.60621,-2.4466,-1.5613,5.0405,-30.331,-0.24343,0,0,0,6.8004,6.8698,6.8315,6.868,69.502,-1.6702,-41.879,-144.62,223.2,131.07
5.67,-0.46181,6.3725,1.4614,0.055363,0.15135,-0.57879,0.7994,-10.86,1.58,2.5889,-0.5789,-2.3897,-1.5528,5.7283,-30.336,-0.65529,0,0,0,6.7994,6.8712,6.8309,6.8687,68.058,0.52117,-40.455,-144.15,214.93,153.26
5.68,-0.57011,6.3868,1.4872,0.045127,0.15785,-0.58236,0.79618,-10.8,1.2767,2.5804,-0.54595,-2.3328,-1.5442,6.4017,-30.321,-1.0518,0,0,0,6.7986,6.8724,6.8311,6.8695,66.617,2.6256,-38.824,-144.11,205.82,172.42
5.69,-0.67778,6.3981,1.513,0.035016,0.1641,-0.58569,0.79297,-10.732,0.97365,2.568,-0.50828,-2.2758,-1.5353,7.0607,-30.284,-1.4312,0,0,0,6.798,6.8733,6.832,6.8706,65.174,4.6346,-37.019,-144.69,195.84,188.11
5.7,-0.78474,6.4063,1.5386,0.025035,0.17011,-0.58876,0.78981,-10.658,0.67107,2.5518,-0.46695,-2.2188,-1.5257,7.7052,-30.228,-1.7918,0,0,0,6.7975,6.8738,6.8336,6.8719,63.721,6.5396,-35.074,-145.96,185.03,200.14
5.71,-0.89093,6.4115,1.564,0.015187,0.17588,-0.59156,0.7867,-10.578,0.36915,2.5322,-0.42299,-2.1619,-1.5151,8.335,-30.154,-2.1323,0,0,0,6.797,6.874,6.8359,6.8733,62.253,8.3331,-33.027,-147.78,173.56,208.76
5.72,-0.99628,6.4137,1.5892,0.0054748,0.1814,-0.5941,0.78365,-10.492,0.068057,2.5093,-0.37737,-2.1052,-1.5031,8.9501,-30.062,-2.4521,0,0,0,6.7967,6.8738,6.8388,6.8749,60.764,10.009,-30.909,-150.01,161.6,214.29
5.73,-1.1007,6.4128,1.6142,0.004101,-0.18669,0.59636,-0.78069,-10.399,-0.23204,2.4832,-0.33091,-2.0486,-1.4896,9.5502,-29.954,-2.7504,0,0,0,6.7965,6.8733,6.8421,6.8765,59.252,11.564,-28.751,-152.48,149.33,217.03
5.74,-1.2042,6.409,1.6389,0.01354,-0.19175,0.59837,-0.77782,-10.301,-0.53097,2.4543,-0.28437,-1.9922,-1.4744,10.135,-29.831,-3.027,0,0,0,6.7964,6.8726,6.8458,6.8782,57.714,12.995,-26.577,-155.04,136.93,217.31
5.75,-1.3067,6.4022,1.6632,0.022841,-0.19656,0.60013,-0.77504,-10.197,-0.82861,2.4228,-0.23837,-1.936,-1.4573,10.704,-29.695,-3.282,0,0,0,6.7964,6.8717,6.8496,6.8798,56.151,14.303,-24.412,-157.54,124.57,215.44
5.76,-1.4082,6.3925,1.6873,0.032007,-0.20114,0.60164,-0.77237,-10.087,-1.1248,2.3887,-0.19343,-1.8802,-1.4383,11.258,-29.545,-3.5154,0,0,0,6.7965,6.8705,6.8535,6.8813,54.564,15.488,-22.274,-159.82,112.45,211.74
5.77,-1.5085,6.3797,1.711,0.041039,-0.20548,0.60292,-0.7698,-9.9716,-1.4195,2.3525,-0.14998,-1.8249,-1.4174,11.796,-29.385,-3.7276,0,0,0,6.7968,6.8693,6.8574,6.8827,52.956,16.553,-20.182,-161.72,100.72,206.52
5.78,-1.6076,6.3641,1.7343,0.049938,-0.20958,0.60398,-0.76733,-9.851,-1.7125,2.3143,-0.10833,-1.7701,-1.3948,12.317,-29.215,-3.9192,0,0,0,6.7972,6.8679,6.8611,6.8839,51.331,17.504,-18.148,-163.09,89.584,200.1
5.79,-1.7055,6.3455,1.7573,0.058708,-0.21345,0.60484,-0.76496,-9.7253,-2.0038,2.2742,-0.068693,-1.7161,-1.3705,12.822,-29.035,-4.0908,0,0,0,6.7977,6.8665,6.8644,6.8848,49.696,18.347,-16.183,-163.78,79.208,192.79
5.8,-1.8021,6.324,1.7798,0.067353,-0.21707,0.6055,-0.7627,-9.5946,-2.2932,2.2325,-0.031167,-1.663,-1.3449,13.311,-28.848,-4.2431,0,0,0,6.7984,6.8652,6.8673,6.8855,48.059,19.091,-14.294,-163.61,69.773,184.91
5.81,-1.8973,6.2996,1.8019,0.075876,-0.22046,0.606,-0.76053,-9.4591,-2.5807,2.1894,0.0042458,-1.6112,-1.3182,13.783,-28.654,-4.3769,0,0,0,6.7993,6.8638,6.8695,6.8858,46.427,19.746,-12.485,-162.45,61.458,176.77
5.82,-1.9912,6.2724,1.8236,0.084283,-0.22362,0.60633,-0.75846,-9.319,-2.8662,2.145,0.037648,-1.561,-1.2908,14.24,-28.454,-4.4931,0,0,0,6.8004,6.8626,6.8711,6.8856,44.814,20.325,-10.758,-160.13,54.441,168.69
5.83,-2.0837,6.2423,1.8448,0.09258,-0.22656,0.60651,-0.75647,-9.1744,-3.1497,2.0996,0.069243,-1.5127,-1.2633,14.68,-28.248,-4.5923,0,0,0,6.8016,6.8615,6.8717,6.885,43.229,20.84,-9.1104,-156.51,48.902,160.98
5.84,-2.1747,6.2094,1.8656,0.10078,-0.22927,0.60655,-0.75457,-9.0254,-3.4312,2.0532,0.099332,-1.4667,-1.236,15.104,-28.037,-4.6755,0,0,0,6.8031,6.8605,6.8713,6.8838,41.688,21.308,-7.5364,-151.41,45.018,153.96
5.85,-2.2642,6.1737,1.8859,0.10888,-0.23176,0.60646,-0.75275,-8.8723,-3.7105,2.0061,0.12831,-1.4236,-1.2096,15.514,-27.822,-4.7433,0,0,0,6.8047,6.8598,6.8698,6.8821,40.206,21.747,-6.0278,-144.69,42.969,147.95
5.86,-2.3521,6.1352,1.9057,0.1169,-0.23406,0.60625,-0.75101,-8.7152,-3.9876,1.9584,0.15667,-1.384,-1.1848,15.909,-27.602,-4.7963,0,0,0,6.8066,6.8593,6.8669,6.8797,38.8,22.174,-4.573,-136.2,42.933,143.26
5.87,-2.4385,6.094,1.9251,0.12485,-0.23616,0.60592,-0.74934,-8.5542,-4.2625,1.9103,0.185,-1.3485,-1.1623,16.29,-27.378,-4.8349,0,0,0,6.8086,6.859,6.8627,6.8766,37.489,22.613,-3.1572,-125.76,45.089,140.2
5.88,-2.5232,6.05,1.9439,0.13275,-0.23808,0.60546,-0.74774,-8.3894,-4.5351,1.8618,0.21396,-1.3178,-1.1429,16.659,-27.15,-4.8595,0,0,0,6.8109,6.8591,6.8569,6.8728,36.292,23.084,-1.7624,-113.24,49.615,139.1
5.89,-2.6063,6.0033,1.9623,0.14062,-0.23984,0.60488,-0.7462,-8.2211,-4.8055,1.8131,0.24429,-1.2928,-1.1275,17.016,-26.916,-4.8701,0,0,0,6.8134,6.8595,6.8495,6.8683,35.231,23.613,-0.36791,-98.563,56.635,140.16
5.9,-2.6876,5.9539,1.9802,0.14848,-0.24146,0.60417,-0.74474,-8.0492,-5.0734,1.7644,0.2767,-1.2743,-1.1167,17.364,-26.677,-4.8668,0,0,0,6.816,6.8601,6.8407,6.863,34.327,24.225,1.0471,-82.038,66.02,143.14
5.91,-2.7672,5.9018,1.9976,0.15636,-0.24296,0.60331,-0.74333,-7.8738,-5.339,1.7158,0.31174,-1.263,-1.1114,17.704,-26.431,-4.8491,0,0,0,6.8186,6.8608,6.8304,6.8571,33.595,24.941,2.5,-64.093,77.573,147.67
5.92,-2.8451,5.8471,2.0145,0.16428,-0.24435,0.60229,-0.74199,-7.6951,-5.602,1.6675,0.34981,-1.2596,-1.1121,18.037,-26.178,-4.8166,0,0,0,6.8212,6.8615,6.8191,6.8505,33.048,25.783,4.0045,-45.151,91.096,153.39
5.93,-2.9211,5.7898,2.0309,0.17229,-0.24566,0.6011,-0.7407,-7.5131,-5.8625,1.6195,0.39112,-1.2647,-1.1192,18.365,-25.915,-4.7688,0,0,0,6.8235,6.8621,6.8067,6.8435,32.694,26.769,5.5705,-25.638,106.39,159.91
5.94,-2.9953,5.7299,2.0469,0.18041,-0.24692,0.59972,-0.73947,-7.3278,-6.1203,1.5722,0.43576,-1.2787,-1.133,18.691,-25.642,-4.705,0,0,0,6.8256,6.8626,6.7936,6.836,32.536,27.916,7.2043,-5.9766,123.26,166.88
5.95,-3.0677,5.6674,2.0624,0.18868,-0.24815,0.59812,-0.73829,-7.1393,-6.3753,1.5255,0.48365,-1.302,-1.1537,19.016,-25.356,-4.6245,0,0,0,6.8274,6.8628,6.78,6.8282,32.574,29.238,8.9084,13.409,141.51,173.92
5.96,-3.1381,5.6024,2.0774,0.19714,-0.24937,0.59628,-0.73716,-6.9475,-6.6274,1.4797,0.53457,-1.3349,-1.1813,19.343,-25.057,-4.5266,0,0,0,6.8288,6.8628,6.7661,6.8201,32.802,30.75,10.682,32.095,160.93,180.66
5.97,-3.2066,5.5348,2.092,0.20582,-0.25061,0.59419,-0.73605,-6.7524,-6.8764,1.435,0.58815,-1.3775,-1.2156,19.673,-24.741,-4.4106,0,0,0,6.8298,6.8624,6.7521,6.812,33.212,32.46,12.519,49.658,181.34,186.74
5.98,-3.2731,5.4648,2.1061,0.21476,-0.25189,0.59182,-0.73497,-6.554,-7.1221,1.3916,0.64388,-1.4299,-1.2565,20.008,-24.407,-4.276,0,0,0,6.8304,6.8617,6.7383,6.804,33.79,34.379,14.413,65.673,202.52,191.77
5.99,-3.3377,5.3924,2.1198,0.22399,-0.25324,0.58914,-0.7339,-6.3522,-7.3645,1.3496,0.70115,-1.492,-1.3036,20.349,-24.052,-4.1222,0,0,0,6.8305,6.8607,6.725,6.7962,34.519,36.513,16.35,79.716,224.3,195.39
6,-3.4002,5.3176,2.1331,0.23355,-0.25469,0.58615,-0.73281,-6.147,-7.6031,1.3092,0.75919,-1.5635,-1.3563,20.699,-23.676,-3.9489,0,0,0,6.8301,6.8594,6.7124,6.7887,35.376,38.866,18.315,91.364,246.46,197.24
6.01,-3.4606,5.2404,2.146,0.24344,-0.25626,0.58282,-0.7317,-5.9382,-7.8379,1.2707,0.81714,-1.644,-1.4142,21.057,-23.274,-3.7559,0,0,0,6.8293,6.8578,6.7007,6.7818,36.337,41.443,20.288,100.19,268.81,196.93
6.02,-3.5189,5.1608,2.1585,0.25371,-0.25798,0.57914,-0.73053,-5.7258,-8.0685,1.2342,0.87404,-1.7331,-1.4764,21.426,-22.846,-3.5432,0,0,0,6.8281,6.856,6.6903,6.7755,37.369,44.242,22.245,105.78,291.15,194.11
6.03,-3.5751,5.079,2.1707,0.26436,-0.25988,0.57508,-0.72929,-5.5097,-8.2947,1.1999,0.92885,-1.83,-1.5423,21.805,-22.389,-3.3111,0,0,0,6.8266,6.8541,6.6813,6.7701,38.44,47.265,24.16,107.7,313.28,188.4
6.04,-3.6291,4.9949,2.1825,0.2754,-0.26198,0.57064,-0.72794,-5.2897,-8.5162,1.168,0.98047,-1.9341,-1.611,22.195,-21.9,-3.0602,0,0,0,6.8248,6.852,6.674,6.7657,39.51,50.507,26.002,105.52,335.01,179.42
6.05,-3.6809,4.9087,2.1941,0.28682,-0.26432,0.5658,-0.72645,-5.0657,-8.7326,1.1387,1.0278,-2.0442,-1.6815,22.595,-21.378,-2.7914,0,0,0,6.8228,6.85,6.6684,6.7623,40.535,53.963,27.737,98.836,356.14,166.82
6.06,-3.7304,4.8203,2.2053,0.29863,-0.26692,0.56057,-0.7248,-4.8377,-8.9436,1.1122,1.0696,-2.1593,-1.7531,23.005,-20.82,-2.506,0,0,0,6.8208,6.8481,6.6648,6.76,41.47,57.627,29.325,87.27,376.47,150.27
6.07,-3.7776,4.7298,2.2163,0.3108,-0.2698,0.55493,-0.72296,-4.6056,-9.1489,1.0887,1.105,-2.2783,-1.8248,23.424,-20.225,-2.2055,0,0,0,6.8187,6.8463,6.6629,6.7588,42.265,61.489,30.729,71.016,395.72,129.96
6.08,-3.8225,4.6373,2.2271,0.32331,-0.273,0.54888,-0.72088,-4.3692,-9.348,1.0682,1.133,-2.4002,-1.896,23.85,-19.59,-1.8921,0,0,0,6.8168,6.8449,6.6625,6.7587,42.876,65.537,31.914,50.561,413.61,106.36
6.09,-3.865,4.5429,2.2377,0.33614,-0.27654,0.54244,-0.71854,-4.1286,-9.5405,1.0508,1.153,-2.524,-1.9661,24.281,-18.913,-1.5681,0,0,0,6.8152,6.8438,6.6635,6.7594,43.264,69.755,32.847,26.394,429.83,79.92
6.1,-3.9051,4.4466,2.2481,0.34923,-0.28044,0.5356,-0.71591,-3.8836,-9.7261,1.0368,1.1647,-2.6488,-2.0348,24.714,-18.194,-1.2361,0,0,0,6.8139,6.8432,6.6656,6.761,43.393,74.127,33.504,-0.99714,444.1,51.104
6.11,-3.9427,4.3484,2.2584,0.36256,-0.28472,0.52837,-0.71296,-3.6343,-9.9043,1.0261,1.1678,-2.7737,-2.1017,25.148,-17.43,-0.899,0,0,0,6.8129,6.8431,6.6685,6.7632,43.235,78.63,33.863,-31.123,456.11,20.371
6.12,-3.9777,4.2485,2.2687,0.37608,-0.2894,0.52077,-0.70966,-3.3807,-10.075,1.0188,1.1624,-2.8982,-2.1667,25.578,-16.621,-0.55988,0,0,0,6.8122,6.8433,6.6718,6.766,42.764,83.241,33.907,-63.494,465.58,-11.817
6.13,-4.0103,4.1469,2.2788,0.38975,-0.2945,0.51279,-0.70598,-3.1228,-10.237,1.0149,1.1486,-3.0217,-2.2297,26.002,-15.765,-0.22196,0,0,0,6.8118,6.8438,6.6754,6.7691,41.959,87.932,33.623,-97.623,472.19,-45
6.14,-4.0402,4.0438,2.289,0.40351,-0.30004,0.50446,-0.70191,-2.8607,-10.39,1.0144,1.1267,-3.1437,-2.2909,26.416,-14.862,0.11147,0,0,0,6.8115,6.8446,6.6791,6.7723,40.807,92.674,33.005,-133.02,475.67,-78.719
6.15,-4.0675,3.9392,2.2991,0.41733,-0.30602,0.49578,-0.69742,-2.5945,-10.534,1.0171,1.097,-3.2637,-2.3502,26.817,-13.912,0.43702,0,0,0,6.8112,6.8455,6.6825,6.7756,39.296,97.434,32.049,-169.19,475.71,-112.51
6.16,-4.0921,3.8332,2.3093,0.43116,-0.31245,0.48676,-0.69249,-2.3244,-10.668,1.0231,1.0601,-3.3815,-2.4078,27.201,-12.914,0.75132,0,0,0,6.8109,6.8464,6.6856,6.7787,37.422,102.18,30.756,-205.66,472.02,-145.92
6.17,-4.1139,3.7259,2.3196,0.44496,-0.31933,0.47741,-0.68711,-2.0506,-10.792,1.0321,1.0165,-3.4967,-2.4637,27.564,-11.868,1.051,0,0,0,6.8102,6.8471,6.6881,6.7816,35.184,106.86,29.133,-241.93,464.3,-178.48
6.18,-4.1331,3.6174,2.33,0.45869,-0.32667,0.46775,-0.68125,-1.7732,-10.905,1.0441,0.9667,-3.609,-2.5182,27.903,-10.777,1.3329,0,0,0,6.8091,6.8476,6.6901,6.7841,32.586,111.45,27.191,-277.51,452.25,-209.73
6.19,-4.1494,3.5078,2.3405,0.4723,-0.33446,0.45778,-0.67491,-1.4926,-11.007,1.0587,0.91136,-3.7179,-2.5711,28.214,-9.6399,1.5938,0,0,0,6.8074,6.8477,6.6915,6.7863,29.637,115.89,24.944,-311.91,435.58,-239.22
6.2,-4.1629,3.3973,2.3512,0.48576,-0.3427,0.44752,-0.66808,-1.209,-11.098,1.0759,0.85106,-3.8231,-2.6225,28.495,-8.4596,1.8309,0,0,0,6.805,6.8473,6.6923,6.788,26.353,120.14,22.414,-344.65,414,-266.47
6.21,-4.1736,3.2859,2.362,0.49903,-0.35136,0.43697,-0.66073,-0.92282,-11.176,1.0952,0.78642,-3.924,-2.6722,28.74,-7.2379,2.0412,0,0,0,6.8017,6.8464,6.6928,6.7894,22.752,124.15,19.624,-375.24,387.2,-291.04
6.22,-4.1814,3.1738,2.3731,0.51208,-0.36044,0.42616,-0.65287,-0.63434,-11.242,1.1166,0.71806,-4.0197,-2.72,28.949,-5.9775,2.2226,0,0,0,6.7975,6.845,6.6932,6.7906,18.857,127.87,16.604,-403.18,354.89,-312.46
6.23,-4.1862,3.0611,2.3843,0.52487,-0.36992,0.4151,-0.64449,-0.34398,-11.296,1.1396,0.64664,-4.1093,-2.7654,29.117,-4.6817,2.3727,0,0,0,6.7921,6.843,6.6938,6.7917,14.698,131.23,13.387,-428.01,316.82,-330.29
6.24,-4.1882,2.9479,2.3959,0.53738,-0.37975,0.4038,-0.63558,-0.052148,-11.336,1.1639,0.57278,-4.1916,-2.8078,29.242,-3.3542,2.4898,0,0,0,6.7858,6.8406,6.6947,6.7928,10.308,134.19,10.01,-449.5,273.31,-344.42
6.25,-4.1873,2.8344,2.4076,0.54957,-0.38991,0.39229,-0.62615,0.24071,-11.363,1.1893,0.49712,-4.2656,-2.8469,29.322,-1.9995,2.5725,0,0,0,6.7788,6.838,6.6963,6.7942,5.7196,136.68,6.5104,-467.63,225.13,-354.96
6.26,-4.1834,2.7207,2.4197,0.56141,-0.40035,0.38059,-0.61619,0.53414,-11.376,1.2153,0.4202,-4.3301,-2.882,29.356,-0.62226,2.6197,0,0,0,6.7713,6.8352,6.6986,6.7958,0.96673,138.68,2.9226,-482.38,173.03,-362.04
6.27,-4.1766,2.6069,2.4319,0.57286,-0.41104,0.36874,-0.60573,0.82766,-11.375,1.2415,0.34259,-4.3843,-2.9127,29.341,0.77224,2.6307,0,0,0,6.7637,6.8326,6.7017,6.7979,-3.9166,140.13,-0.71928,-493.71,117.81,-365.79
6.28,-4.1669,2.4933,2.4445,0.58392,-0.42192,0.35677,-0.59476,1.1208,-11.36,1.2677,0.26478,-4.4275,-2.9387,29.277,2.1785,2.6052,0,0,0,6.7562,6.8302,6.7058,6.8006,-8.8961,141.02,-4.3825,-501.61,60.224,-366.34
6.29,-4.1542,2.3798,2.4573,0.59454,-0.43295,0.34471,-0.58332,1.413,-11.331,1.2935,0.18726,-4.4589,-2.9597,29.163,3.5908,2.5431,0,0,0,6.7491,6.8282,6.7109,6.8038,-13.937,141.33,-8.0357,-506.05,1.052,-363.81
6.3,-4.1386,2.2667,2.4704,0.60471,-0.44407,0.33261,-0.5714,1.7039,-11.288,1.3185,0.11049,-4.4784,-2.9755,28.998,5.0032,2.4446,0,0,0,6.7426,6.8267,6.7169,6.8076,-19.005,141.04,-11.649,-507,-58.935,-358.33
6.31,-4.1201,2.1541,2.4837,0.61441,-0.45524,0.3205,-0.55905,1.9928,-11.231,1.3423,0.034883,-4.4858,-2.986,28.783,6.4096,2.3104,0,0,0,6.7368,6.8257,6.7238,6.812,-24.066,140.15,-15.193,-504.45,-118.96,-350.03
6.32,-4.0988,2.0421,2.4972,0.62362,-0.46641,0.30843,-0.54629,2.2794,-11.16,1.3646,-0.03916,-4.4811,-2.9912,28.517,7.8042,2.1411,0,0,0,6.7318,6.8253,6.7312,6.8169,-29.083,138.67,-18.64,-498.36,-178.26,-339.03
6.33,-4.0745,1.9309,2.5109,0.63234,-0.47752,0.29645,-0.53314,2.563,-11.075,1.385,-0.11129,-4.4647,-2.9913,28.201,9.181,1.938,0,0,0,6.7277,6.8253,6.7391,6.822,-34.021,136.59,-21.965,-488.71,-236.06,-325.47
6.34,-4.0475,1.8206,2.5249,0.64055,-0.48855,0.28459,-0.51964,2.8432,-10.977,1.4032,-0.18118,-4.4372,-2.9865,27.837,10.534,1.7023,0,0,0,6.7245,6.8256,6.7472,6.8273,-38.845,133.95,-25.142,-475.48,-291.57,-309.46
6.35,-4.0177,1.7114,2.539,0.64825,-0.49945,0.2729,-0.50582,3.1196,-10.865,1.4189,-0.24854,-4.3991,-2.977,27.425,11.858,1.4357,0,0,0,6.7219,6.826,6.7551,6.8324,-43.518,130.77,-28.147,-458.64,-344.04,-291.15
6.36,-3.9851,1.6034,2.5533,0.65544,-0.51017,0.26142,-0.49171,3.3916,-10.74,1.4318,-0.31314,-4.3514,-2.9633,26.967,13.148,1.14,0,0,0,6.7198,6.8264,6.7625,6.8372,-48.005,127.08,-30.957,-438.17,-392.69,-270.64
6.37,-3.9499,1.4967,2.5676,0.66212,-0.52071,0.25018,-0.47735,3.6588,-10.602,1.4417,-0.37475,-4.2949,-2.9456,26.466,14.398,0.81728,0,0,0,6.7179,6.8265,6.7692,6.8414,-52.27,122.93,-33.553,-414.04,-436.75,-248.08
6.38,-3.912,1.3914,2.5821,0.66831,-0.53102,0.23922,-0.46278,3.9208,-10.452,1.4481,-0.43319,-4.2305,-2.9245,25.923,15.605,0.46975,0,0,0,6.7161,6.826,6.7749,6.8446,-56.274,118.37,-35.912,-386.24,-475.44,-223.59
6.39,-3.8715,1.2877,2.5966,0.67399,-0.54108,0.22857,-0.44802,4.1771,-10.29,1.451,-0.48828,-4.1593,-2.9002,25.341,16.765,0.09988,0,0,0,6.714,6.8248,6.7793,6.8468,-59.982,113.44,-38.018,-354.73,-507.99,-197.29
6.4,-3.8284,1.1856,2.6111,0.6792,-0.55088,0.21825,-0.43311,4.4275,-10.117,1.45,-0.53986,-4.0821,-2.8732,24.724,17.873,-0.28971,0,0,0,6.7114,6.8226,6.7824,6.8478,-63.356,108.23,-39.853,-319.48,-533.63,-169.31
6.41,-3.7829,1.0854,2.6256,0.68394,-0.56041,0.20828,-0.41808,4.6715,-9.9327,1.4451,-0.58776,-3.9996,-2.8437,24.075,18.928,-0.69621,0,0,0,6.7079,6.8193,6.7841,6.8475,-66.359,102.8,-41.4,-280.62,-551.88,-139.85
6.42,-3.735,0.987,2.64,0.68822,-0.56964,0.19869,-0.40297,4.9089,-9.7383,1.4361,-0.6318,-3.9124,-2.8119,23.398,19.929,-1.1167,0,0,0,6.7034,6.8148,6.7846,6.846,-68.958,97.216,-42.646,-238.63,-563.15,-109.27
6.43,-3.6848,0.89063,2.6543,0.69207,-0.57857,0.18949,-0.38781,5.1394,-9.5343,1.4228,-0.67179,-3.8208,-2.7775,22.698,20.872,-1.5481,0,0,0,6.6975,6.8089,6.7843,6.8435,-71.124,91.555,-43.583,-194.09,-568,-77.986
6.44,-3.6323,0.79635,2.6684,0.69549,-0.58719,0.18069,-0.37263,5.3628,-9.3211,1.4051,-0.70752,-3.7247,-2.7403,21.977,21.76,-1.9873,0,0,0,6.6901,6.8017,6.7833,6.8401,-72.833,85.876,-44.205,-147.55,-567,-46.403
6.45,-3.5776,0.70424,2.6824,0.69851,-0.5955,0.1723,-0.35747,5.5789,-9.0993,1.383,-0.73875,-3.624,-2.6998,21.243,22.59,-2.4311,0,0,0,6.6813,6.7932,6.7822,6.8362,-74.07,80.233,-44.511,-99.601,-560.72,-14.929
6.46,-3.5207,0.61439,2.6961,0.70114,-0.60347,0.16435,-0.34237,5.7876,-8.8695,1.3565,-0.76523,-3.5183,-2.6555,20.498,23.365,-2.8765,0,0,0,6.6712,6.7837,6.7811,6.8319,-74.822,74.677,-44.505,-50.797,-549.72,16.028
6.47,-3.4618,0.52687,2.7095,0.70341,-0.61111,0.15683,-0.32736,5.9888,-8.6322,1.3255,-0.78673,-3.4073,-2.6066,19.748,24.084,-3.3202,0,0,0,6.66,6.7732,6.7805,6.8276,-75.085,69.252,-44.194,-1.7105,-534.56,46.061
6.48,-3.401,0.44177,2.7226,0.70533,-0.61841,0.14976,-0.31249,6.1825,-8.388,1.2901,-0.803,-3.2907,-2.5524,18.998,24.75,-3.7594,0,0,0,6.648,6.7621,6.7806,6.8235,-74.858,63.998,-43.588,47.09,-515.81,74.761
6.49,-3.3382,0.35913,2.7353,0.70692,-0.62536,0.14315,-0.29781,6.3688,-8.1373,1.2503,-0.81384,-3.1683,-2.4922,18.252,25.365,-4.1911,0,0,0,6.6354,6.7505,6.7815,6.8198,-74.146,58.946,-42.704,95.035,-494.04,101.72
6.5,-3.2736,0.27904,2.7475,0.70822,-0.63194,0.13701,-0.28337,6.5476,-7.8808,1.2063,-0.8191,-3.0398,-2.4254,17.516,25.93,-4.6126,0,0,0,6.6226,6.7389,6.7836,6.8168,-72.962,54.125,-41.561,141.56,-469.82,126.53
6.51,-3.2073,0.20154,2.7594,0.70924,-0.63816,0.13135,-0.2692,6.7192,-7.6189,1.1581,-0.81874,-2.9052,-2.3515,16.794,26.448,-5.0215,0,0,0,6.6101,6.7274,6.787,6.8146,-71.321,49.556,-40.182,186.09,-443.7,148.79
6.52,-3.1393,0.12668,2.7707,0.71001,-0.64401,0.12618,-0.25536,6.8836,-7.352,1.1059,-0.81279,-2.7646,-2.27,16.091,26.922,-5.4155,0,0,0,6.5983,6.7165,6.7916,6.8133,-69.248,45.255,-38.595,228.06,-416.26,168.09
6.53,-3.0696,0.05451,2.7815,0.71056,-0.64949,0.12151,-0.24189,7.0411,-7.0806,1.0498,-0.80144,-2.6185,-2.1808,15.411,27.354,-5.7928,0,0,0,6.5875,6.7063,6.7974,6.813,-66.771,41.233,-36.831,266.9,-388.06,184.01
6.54,-2.9985,-0.014922,2.7917,0.71091,-0.65458,0.11733,-0.22884,7.1919,-6.8051,0.9901,-0.78505,-2.4673,-2.0838,14.757,27.748,-6.1517,0,0,0,6.5783,6.6972,6.8044,6.8137,-63.923,37.495,-34.927,302.04,-359.67,196.15
6.55,-2.9258,-0.081579,2.8013,0.71108,-0.6593,0.11366,-0.21626,7.3363,-6.5258,0.92687,-0.76415,-2.3118,-1.9794,14.133,28.105,-6.491,0,0,0,6.571,6.6894,6.8123,6.8152,-60.744,34.039,-32.922,332.92,-331.64,204.11
6.56,-2.8518,-0.14543,2.8102,0.71111,-0.66364,0.11049,-0.20417,7.4747,-6.2431,0.86035,-0.73949,-2.153,-1.8681,13.543,28.429,-6.8099,0,0,0,6.5661,6.6831,6.8209,6.8175,-57.28,30.859,-30.86,358.96,-304.56,207.48
6.57,-2.7763,-0.20643,2.8185,0.71102,-0.66763,0.10784,-0.19261,7.6073,-5.9573,0.79074,-0.71203,-1.9921,-1.7508,12.989,28.723,-7.1082,0,0,0,6.5638,6.6786,6.83,6.8204,-53.583,27.943,-28.79,379.6,-278.98,205.84
6.58,-2.6996,-0.26456,2.826,0.71082,-0.67126,0.10569,-0.1816,7.7346,-5.6687,0.71826,-0.68297,-1.8304,-1.6285,12.472,28.989,-7.3859,0,0,0,6.5644,6.6759,6.8391,6.8237,-49.708,25.272,-26.762,394.27,-255.47,198.79
6.59,-2.6217,-0.3198,2.8328,0.71053,-0.67456,0.10405,-0.17115,7.8569,-5.3776,0.64309,-0.65373,-1.6694,-1.5028,11.995,29.229,-7.6437,0,0,0,6.5682,6.6752,6.8479,6.827,-45.719,22.825,-24.833,402.54,-234.48,186.11
6.6,-2.5425,-0.37211,2.8389,0.71017,-0.67754,0.1029,-0.16128,7.9746,-5.0842,0.56544,-0.62578,-1.5107,-1.3752,11.558,29.446,-7.883,0,0,0,6.575,6.6763,6.8563,6.8302,-41.678,20.575,-23.056,404.75,-215.94,168.46
6.61,-2.4622,-0.42147,2.8441,0.70973,-0.68024,0.10225,-0.15197,8.0881,-4.7888,0.48549,-0.60046,-1.3558,-1.2474,11.161,29.641,-8.1055,0,0,0,6.5845,6.6793,6.8639,6.8333,-37.643,18.499,-21.477,401.41,-199.61,146.78
6.62,-2.3808,-0.46788,2.8486,0.70923,-0.68269,0.10206,-0.14322,8.1979,-4.4914,0.40338,-0.57891,-1.2058,-1.1208,10.805,29.817,-8.3134,0,0,0,6.5963,6.6838,6.8705,6.836,-33.666,16.576,-20.131,393.08,-185.25,121.99
6.63,-2.2982,-0.5113,2.8522,0.70865,-0.68492,0.10234,-0.13501,8.3044,-4.1925,0.31926,-0.56206,-1.0619,-0.99701,10.488,29.973,-8.509,0,0,0,6.6101,6.6898,6.8762,6.8383,-29.796,14.788,-19.044,380.28,-172.62,95.028
6.64,-2.2147,-0.55172,2.8549,0.70799,-0.68696,0.10306,-0.12733,8.4078,-3.892,0.23323,-0.55061,-0.9249,-0.87732,10.208,30.113,-8.6952,0,0,0,6.6254,6.6969,6.8807,6.8401,-26.074,13.119,-18.234,363.56,-161.49,66.828
6.65,-2.1301,-0.58913,2.8568,0.70725,-0.68885,0.10419,-0.12014,8.5087,-3.5903,0.14538,-0.54502,-0.7956,-0.76292,9.9655,30.236,-8.8746,0,0,0,6.6418,6.7049,6.884,6.8414,-22.536,11.554,-17.709,343.44,-151.62,38.323
6.66,-2.0445,-0.62352,2.8578,0.7064,-0.69063,0.10571,-0.11343,8.6072,-3.2874,0.055754,-0.54549,-0.67455,-0.65481,9.7569,30.344,-9.0503,0,0,0,6.6588,6.7136,6.8861,6.8421,-19.214,10.083,-17.466,320.47,-142.76,10.443
6.67,-1.958,-0.65488,2.8579,0.70543,-0.69232,0.10759,-0.10717,8.7039,-2.9835,-0.035622,-0.55196,-0.56214,-0.55384,9.5804,30.438,-9.2249,0,0,0,6.6761,6.7227,6.8869,6.8422,-16.134,8.6962,-17.495,295.18,-134.68,-15.877
6.68,-1.8704,-0.68319,2.8571,0.70433,-0.69397,0.1098,-0.10132,8.799,-2.6787,-0.12875,-0.56411,-0.45868,-0.46067,9.4334,30.518,-9.401,0,0,0,6.6933,6.7321,6.8865,6.8418,-13.317,7.3874,-17.775,268.1,-127.15,-39.706
6.69,-1.782,-0.70845,2.8554,0.70309,-0.6956,0.1123,-0.095863,8.8927,-2.3731,-0.22366,-0.58136,-0.36432,-0.37582,9.3132,30.586,-9.5811,0,0,0,6.7101,6.7415,6.8848,6.8408,-10.777,6.1521,-18.277,239.78,-119.92,-60.111
6.7,-1.6926,-0.73065,2.8526,0.7017,-0.69724,0.11505,-0.090773,8.9853,-2.067,-0.32039,-0.60282,-0.27914,-0.29963,9.2169,30.642,-9.7672,0,0,0,6.7261,6.7509,6.8818,6.8393,-8.5235,4.9887,-18.963,210.76,-112.76,-76.16
6.71,-1.6023,-0.74979,2.849,0.70014,-0.69891,0.11802,-0.086024,9.0771,-1.7603,-0.41902,-0.62734,-0.20313,-0.23228,9.1417,30.686,-9.9608,0,0,0,6.7412,6.76,6.8776,6.8374,-6.562,3.8975,-19.783,181.56,-105.43,-86.919
6.72,-1.511,-0.76585,2.8443,0.69841,-0.70063,0.12116,-0.081591,9.1682,-1.4533,-0.51964,-0.65347,-0.13623,-0.17383,9.0847,30.72,-10.163,0,0,0,6.755,6.7689,6.8723,6.8352,-4.8911,2.8815,-20.68,152.72,-97.682,-91.456
6.73,-1.4189,-0.77885,2.8386,0.69652,-0.70241,0.12443,-0.077451,9.2588,-1.146,-0.62232,-0.67944,-0.078343,-0.12421,9.0429,30.744,-10.374,0,0,0,6.7674,6.7774,6.8658,6.8329,-3.5045,1.946,-21.588,124.79,-89.29,-88.839
6.74,-1.3259,-0.78877,2.8318,0.69448,-0.70424,0.12779,-0.073582,9.3491,-0.83845,-0.72715,-0.70317,-0.02932,-0.083208,9.0137,30.759,-10.595,0,0,0,6.7782,6.7856,6.8583,6.8306,-2.3905,1.0987,-22.43,98.291,-80.011,-78.135
6.75,-1.2319,-0.79562,2.824,0.69229,-0.70613,0.1312,-0.069958,9.4391,-0.53082,-0.83423,-0.72226,0.010999,-0.050489,8.9943,30.766,-10.823,0,0,0,6.7874,6.7935,6.8499,6.8287,-1.5321,0.34956,-23.121,73.767,-69.608,-58.411
6.76,-1.1371,-0.79939,2.8151,0.68999,-0.70806,0.13463,-0.066556,9.529,-0.22315,-0.94362,-0.73394,0.042798,-0.025594,8.9823,30.766,-11.056,0,0,0,6.7947,6.8012,6.8406,6.8273,-0.90684,-0.28892,-23.565,51.753,-57.843,-28.736
6.77,-1.0414,-0.80008,2.8051,0.68762,-0.71,0.13805,-0.063348,9.6188,0.084486,-1.0554,-0.73514,0.066277,-0.0079294,8.9755,30.761,-11.293,0,0,0,6.8002,6.8086,6.8307,6.8267,-0.48697,-0.802,-23.659,32.75,-44.508,11.727
6.78,-0.94472,-0.7977,2.794,0.68523,-0.71192,0.14143,-0.060301,9.7085,0.39205,-1.1695,-0.72259,0.081627,0.0031878,8.9719,30.751,-11.528,0,0,0,6.804,6.8159,6.8203,6.827,-0.24177,-1.1747,-23.297,16.762,-29.856,62.428
6.79,-0.84718,-0.79224,2.7817,0.68287,-0.71375,0.14477,-0.057378,9.7982,0.69949,-1.2859,-0.6934,0.088972,0.0084179,8.9701,30.738,-11.757,0,0,0,6.8063,6.8231,6.8096,6.8283,-0.1429,-1.3967,-22.382,3.421,-14.477,121.78
6.8,-0.74875,-0.78371,2.7683,0.68063,-0.71544,0.14806,-0.054537,9.8879,1.0068,-1.4046,-0.64517,0.088372,0.0083735,8.9687,30.723,-11.973,0,0,0,6.8075,6.8302,6.7988,6.8305,-0.16579,-1.4638,-20.837,-7.6518,1.0282,188.17
6.81,-0.64943,-0.77211,2.7536,0.67858,-0.71691,0.15131,-0.051726,9.9776,1.314,-1.5253,-0.576,0.079832,0.0036287,8.9665,30.709,-12.171,0,0,0,6.8078,6.8373,6.7881,6.8336,-0.28964,-1.3777,-18.601,-16.834,16.06,259.99
6.82,-0.5492,-0.75743,2.7378,0.67681,-0.71809,0.15454,-0.048885,10.067,1.621,-1.6479,-0.48453,0.063299,-0.0052723,8.9626,30.696,-12.343,0,0,0,6.8075,6.8442,6.7775,6.8374,-0.49742,-1.1462,-15.625,-24.503,30.019,335.62
6.83,-0.44808,-0.73969,2.7207,0.67543,-0.71888,0.15778,-0.045948,10.157,1.9279,-1.7721,-0.36994,0.038641,-0.017809,8.9563,30.686,-12.481,0,0,0,6.8066,6.8509,6.7674,6.8419,-0.77591,-0.78291,-11.881,-31.036,42.305,413.47
6.84,-0.34606,-0.71887,2.7023,0.67451,-0.7192,0.16107,-0.042838,10.246,2.2347,-1.8974,-0.23199,0.0056154,-0.03348,8.9469,30.681,-12.578,0,0,0,6.8053,6.8572,6.7577,6.8468,-1.1156,-0.30765,-7.3537,-36.812,52.318,491.91
6.85,-0.24315,-0.69499,2.6827,0.67417,-0.71895,0.16445,-0.039471,10.336,2.5415,-2.0235,-0.070994,-0.036175,-0.051802,8.9338,30.681,-12.626,0,0,0,6.8038,6.8629,6.7484,6.852,-1.5109,0.25387,-2.046,-42.208,59.458,569.33
6.86,-0.13935,-0.66804,2.6618,0.67448,-0.71804,0.16798,-0.035759,10.425,2.8484,-2.1497,0.11214,-0.087324,-0.072313,8.9165,30.686,-12.616,0,0,0,6.8019,6.868,6.7397,6.8573,-1.9598,0.86993,4.0241,-47.602,63.125,644.12
6.87,-0.034653,-0.63803,2.6397,0.67554,-0.71635,0.17172,-0.031602,10.514,3.1553,-2.2756,0.3159,-0.14866,-0.094573,8.8944,30.698,-12.543,0,0,0,6.7999,6.8721,6.7314,6.8624,-2.4642,1.5028,10.822,-53.371,62.72,714.68
6.88,0.070932,-0.60494,2.6163,0.67741,-0.71381,0.1757,-0.026901,10.603,3.4623,-2.4003,0.53819,-0.22126,-0.11817,8.867,30.716,-12.398,0,0,0,6.7978,6.8752,6.7237,6.8672,-3.0297,2.1087,18.298,-59.893,57.642,779.39
6.89,0.1774,-0.56878,2.5917,0.68016,-0.7103,0.17997,-0.021552,10.691,3.7696,-2.5233,0.77625,-0.30645,-0.14275,8.8336,30.74,-12.175,0,0,0,6.7958,6.8771,6.7166,6.8714,-3.6658,2.6381,26.385,-67.546,47.292,836.63
6.9,0.28476,-0.52954,2.5659,0.68382,-0.70575,0.18456,-0.015451,10.78,4.0772,-2.6435,1.0267,-0.40574,-0.16798,8.7934,30.769,-11.868,0,0,0,6.7939,6.8777,6.7102,6.8749,-4.3857,3.035,35.001,-76.708,31.069,884.81
6.91,0.39299,-0.48723,2.5389,0.68843,-0.70007,0.18947,-0.008498,10.867,4.385,-2.7603,1.2855,-0.52073,-0.19361,8.7455,30.8,-11.473,0,0,0,6.7925,6.8772,6.7045,6.8776,-5.2063,3.2379,44.046,-87.756,8.3742,922.3
6.92,0.5021,-0.44184,2.5107,0.69397,-0.69318,0.19469,-0.00060397,10.954,4.6932,-2.8727,1.5478,-0.65293,-0.21945,8.6889,30.832,-10.986,0,0,0,6.7918,6.8756,6.7,6.8794,-6.1483,3.1789,53.406,-101.07,-21.393,947.5
6.93,0.61208,-0.39337,2.4814,0.70043,-0.68503,0.20016,0.0083069,11.041,5.0016,-2.9797,1.8084,-0.80357,-0.24537,8.6221,30.863,-10.405,0,0,0,6.7921,6.8732,6.6968,6.8803,-7.2364,2.7844,62.949,-117.02,-58.831,958.79
6.94,0.72292,-0.34181,2.4511,0.70775,-0.67558,0.2058,0.018288,11.127,5.3104,-3.0805,2.0613,-0.97333,-0.27136,8.5436,30.887,-9.7271,0,0,0,6.7939,6.8702,6.6953,6.8803,-8.4988,1.9747,72.53,-136,-104.54,954.57
6.95,0.83461,-0.28716,2.4198,0.71585,-0.66482,0.21148,0.029365,11.212,5.6193,-3.174,2.3003,-1.1621,-0.29747,8.4514,30.9,-8.9544,0,0,0,6.7973,6.8671,6.6958,6.8795,-9.9677,0.66403,81.984,-158.37,-159.12,933.22
6.96,0.94715,-0.22942,2.3877,0.72462,-0.65276,0.21703,0.041527,11.296,5.9283,-3.2593,2.519,-1.3687,-0.32385,8.3434,30.898,-8.0885,0,0,0,6.8026,6.8642,6.6986,6.8778,-11.679,-1.2391,91.132,-184.44,-223.05,893.32
6.97,1.0605,-0.16859,2.3547,0.73396,-0.63945,0.22228,0.054727,11.379,6.2372,-3.3354,2.7116,-1.5908,-0.35071,8.2169,30.873,-7.1334,0,0,0,6.8096,6.8619,6.7036,6.8756,-13.667,-3.8251,99.79,-213.79,-295.41,835.55
6.98,1.1747,-0.10468,2.321,0.74372,-0.62498,0.22702,0.068875,11.46,6.5457,-3.4016,2.8737,-1.8253,-0.37821,8.069,30.819,-6.0948,0,0,0,6.818,6.8605,6.7107,6.8731,-15.962,-7.1695,107.79,-245.51,-374.42,761.85
6.99,1.2897,-0.037683,2.2867,0.75377,-0.60945,0.23102,0.083848,11.54,6.8535,-3.4571,3.0027,-2.0684,-0.40645,7.8966,30.727,-4.9803,0,0,0,6.8273,6.8599,6.7193,6.8705,-18.583,-11.33,114.98,-278.7,-458.31,674.21
7,1.4055,0.032386,2.2519,0.76397,-0.59299,0.2341,0.099499,11.618,7.1601,-3.501,3.0978,-2.316,-0.4355,7.6963,30.59,-3.7984,0,0,0,6.8367,6.8601,6.7288,6.8679,-21.538,-16.346,121.23,-312.46,-545.29,574.6
7.01,1.5221,0.10551,2.2167,0.77422,-0.57575,0.23606,0.11566,11.694,7.4651,-3.5329,3.1599,-2.5645,-0.46539,7.4647,30.397,-2.5591,0,0,0,6.8456,6.8606,6.738,6.8651,-24.831,-22.24,126.44,-345.88,-633.57,465.01
7.02,1.6394,0.18168,2.1813,0.78439,-0.55786,0.23675,0.13216,11.767,7.7678,-3.552,3.1913,-2.8104,-0.49617,7.1986,30.142,-1.2734,0,0,0,6.8531,6.8607,6.7459,6.8617,-28.452,-29.016,130.51,-378.05,-721.37,347.4
7.03,1.7574,0.26086,2.1457,0.79442,-0.53947,0.23605,0.14884,11.838,8.0677,-3.5582,3.1956,-3.0518,-0.52786,6.8946,29.814,0.047044,0,0,0,6.8583,6.8594,6.7511,6.8572,-32.384,-36.66,133.37,-408.08,-806.9,223.76
7.04,1.8761,0.34302,2.1102,0.80423,-0.52069,0.23388,0.16554,11.905,8.3639,-3.551,3.1772,-3.2875,-0.5605,6.5499,29.406,1.3898,0,0,0,6.86,6.8557,6.7523,6.8508,-36.603,-45.14,134.97,-435.06,-888.38,96.069
7.05,1.9955,0.42812,2.0747,0.81377,-0.50163,0.23017,0.18213,11.968,8.6555,-3.5304,3.141,-3.5177,-0.59417,6.1617,28.909,2.7421,0,0,0,6.8573,6.8482,6.7478,6.8414,-41.072,-54.408,135.28,-458.08,-964.02,-33.701
7.06,2.1155,0.51611,2.0396,0.82301,-0.48235,0.22489,0.19852,12.028,8.9417,-3.4962,3.0917,-3.7438,-0.62891,5.7278,28.315,4.0911,0,0,0,6.8489,6.8357,6.7364,6.8282,-45.748,-64.395,134.29,-476.25,-1032,-163.57
7.07,2.236,0.60694,2.0049,0.83194,-0.46291,0.21803,0.2146,12.083,9.2215,-3.4486,3.0343,-3.9682,-0.6648,5.2463,27.619,5.4237,0,0,0,6.8339,6.8167,6.7167,6.8099,-50.578,-75.017,132.02,-488.65,-1090.7,-291.56
7.08,2.3571,0.70052,1.9707,0.84053,-0.44333,0.20956,0.23034,12.133,9.4937,-3.3878,2.9731,-4.1941,-0.70188,4.7159,26.813,6.7272,0,0,0,6.811,6.7901,6.6876,6.7855,-55.499,-86.171,128.48,-494.39,-1138.1,-415.7
7.09,2.4787,0.79678,1.9371,0.84878,-0.42359,0.19949,0.24567,12.177,9.7573,-3.3142,2.9119,-4.4248,-0.74018,4.1362,25.894,7.9892,0,0,0,6.7796,6.755,6.6483,6.7541,-60.441,-97.736,123.72,-492.56,-1172.5,-534.01
7.1,2.6006,0.89563,1.9044,0.85667,-0.40366,0.1878,0.26059,12.215,10.011,-3.2282,2.8543,-4.664,-0.77965,3.5073,24.857,9.1978,0,0,0,6.7389,6.7106,6.5985,6.715,-65.322,-109.57,117.82,-482.25,-1192.2,-644.5
7.11,2.723,0.99697,1.8726,0.86421,-0.38347,0.17447,0.27506,12.247,10.254,-3.1305,2.803,-4.9147,-0.82016,2.8302,23.702,10.342,0,0,0,6.6886,6.6569,6.5383,6.6679,-70.055,-121.53,110.86,-462.57,-1195.4,-745.21
7.12,2.8456,1.1007,1.8418,0.87136,-0.36295,0.15948,0.28907,12.272,10.485,-3.0216,2.7603,-5.1793,-0.86143,2.107,22.427,11.412,0,0,0,6.6286,6.594,6.4685,6.6128,-74.539,-133.42,102.96,-432.61,-1180.2,-834.15
7.13,2.9684,1.2066,1.8122,0.87811,-0.342,0.14279,0.30261,12.289,10.702,-2.9025,2.7281,-5.4584,-0.90301,1.3406,21.034,12.399,0,0,0,6.5592,6.5229,6.3908,6.5502,-78.669,-145.06,94.228,-391.46,-1144.9,-909.36
7.14,3.0913,1.3147,1.7838,0.88441,-0.32052,0.12439,0.31562,12.298,10.905,-2.774,2.7076,-5.7506,-0.94421,0.5352,19.527,13.294,0,0,0,6.4815,6.4454,6.3074,6.4809,-82.331,-156.25,84.82,-339.05,-1089.1,-969.78
7.15,3.2143,1.4247,1.7568,0.8902,-0.2984,0.10426,0.32808,12.3,11.092,-2.6369,2.6994,-6.0524,-0.98426,-0.30406,17.912,14.093,0,0,0,6.3971,6.3636,6.2211,6.4063,-85.417,-166.78,74.879,-276.72,-1014.6,-1016
7.16,3.3373,1.5365,1.7311,0.89541,-0.27554,0.082413,0.3399,12.292,11.263,-2.4924,2.7036,-6.3575,-1.0223,-1.1709,16.195,14.791,0,0,0,6.3081,6.2804,6.1353,6.3282,-87.837,-176.49,64.543,-206.02,-923.82,-1049
7.17,3.4601,1.6499,1.7069,0.89995,-0.25186,0.058903,0.35099,12.276,11.416,-2.3415,2.7199,-6.6575,-1.0575,-2.0583,14.385,15.383,0,0,0,6.2172,6.199,6.0538,6.2488,-89.515,-185.21,53.941,-128.46,-818.87,-1069.4
7.18,3.5828,1.7647,1.6843,0.90372,-0.22728,0.033826,0.36123,12.251,11.55,-2.1851,2.7473,-6.9411,-1.0888,-2.9585,12.494,15.869,0,0,0,6.1271,6.1229,5.9804,6.1705,-90.389,-192.82,43.195,-45.561,-701.99,-1078.1
7.19,3.7051,1.8808,1.6633,0.90663,-0.20178,0.0073427,0.37048,12.217,11.666,-2.0245,2.7846,-7.1952,-1.1155,-3.8633,10.533,16.247,0,0,0,6.0411,6.0554,5.919,6.0958,-90.413,-199.22,32.417,41.14,-575.41,-1075.8
7.2,3.8271,1.998,1.6438,0.90858,-0.17536,-0.020316,0.37858,12.174,11.761,-1.8605,2.8304,-7.4055,-1.1366,-4.7639,8.514,16.517,0,0,0,5.9625,5.9998,5.8728,6.0276,-89.558,-204.31,21.712,130.12,-441.34,-1063.5
7.21,3.9486,2.116,1.626,0.9095,-0.14808,-0.048847,0.38536,12.122,11.836,-1.6945,2.883,-7.5577,-1.1517,-5.6515,6.4512,16.682,0,0,0,5.8945,5.9586,5.8443,5.9685,-87.808,-208.03,11.177,219.86,-302.02,-1041.9
7.22,4.0695,2.2346,1.6099,0.90934,-0.12003,-0.077881,0.39068,12.061,11.89,-1.5273,2.9406,-7.6394,-1.1604,-6.5171,4.3582,16.742,0,0,0,5.8405,5.9336,5.8346,5.9208,-85.164,-210.34,0.90186,308.83,-159.66,-1011.9
7.23,4.1897,2.3537,1.5955,0.90811,-0.091338,-0.10699,0.3944,11.991,11.923,-1.36,3.0015,-7.6414,-1.1628,-7.3518,2.2492,16.701,0,0,0,5.8032,5.9257,5.8439,5.887,-81.639,-211.22,-9.0341,395.51,-16.48,-974.13
7.24,4.3093,2.473,1.5827,0.90586,-0.062165,-0.13573,0.39639,11.914,11.935,-1.1936,3.0641,-7.5595,-1.1595,-8.147,0.13859,16.563,0,0,0,5.7848,5.935,5.8711,5.8686,-77.266,-210.67,-18.558,478.37,125.29,-929.56
7.25,4.428,2.5923,1.5716,0.9027,-0.032677,-0.16363,0.3966,11.829,11.926,-1.029,3.1273,-7.3945,-1.1515,-8.8944,-1.9595,16.331,0,0,0,5.7862,5.9605,5.914,5.8666,-72.09,-208.72,-27.605,555.89,263.43,-878.97
7.26,4.5458,2.7114,1.5621,0.89877,-0.00304,-0.19026,0.39498,11.736,11.896,-0.86723,3.1901,-7.1525,-1.14,-9.5863,-4.0314,16.012,0,0,0,5.8075,6.0006,5.97,5.8812,-66.171,-205.42,-36.12,626.54,395.72,-823.15
7.27,4.6627,2.8302,1.5543,0.89424,0.026602,-0.21523,0.39154,11.637,11.845,-0.70905,3.2518,-6.8437,-1.1267,-10.216,-6.0637,15.611,0,0,0,5.8476,6.0532,6.0358,5.9115,-59.587,-200.84,-44.054,688.8,519.94,-762.92
7.28,4.7785,2.9483,1.548,0.8893,0.056134,-0.23822,0.38633,11.532,11.775,-0.55527,3.3123,-6.4809,-1.1131,-10.776,-8.0441,15.133,0,0,0,5.9039,6.1158,6.1086,5.9558,-52.428,-195.06,-51.366,741.14,633.86,-699.1
7.29,4.8933,3.0656,1.5431,0.88413,0.085472,-0.25896,0.3794,11.422,11.685,-0.40662,3.3711,-6.078,-1.1009,-11.263,-9.9613,14.586,0,0,0,5.9736,6.1856,6.1852,6.0117,-44.802,-188.2,-58.026,782.03,735.26,-632.5
7.3,5.007,3.1819,1.5398,0.8789,0.11457,-0.27727,0.37084,11.307,11.576,-0.26377,3.4282,-5.6482,-1.0913,-11.671,-11.805,13.975,0,0,0,6.0529,6.2598,6.2631,6.0761,-36.831,-180.4,-64.01,809.96,821.92,-563.92
7.31,5.1194,3.2971,1.5378,0.87376,0.14341,-0.29302,0.36073,11.189,11.449,-0.12731,3.4832,-5.2035,-1.0855,-11.999,-13.567,13.308,0,0,0,6.138,6.3358,6.3401,6.1462,-28.651,-171.82,-69.301,823.52,891.78,-494.16
7.32,5.2307,3.4108,1.5372,0.86879,0.17198,-0.30614,0.34916,11.067,11.305,0.0022248,3.5355,-4.7537,-1.0842,-12.244,-15.239,12.591,0,0,0,6.2254,6.4111,6.4144,6.2188,-20.408,-162.62,-73.891,822.85,944.68,-423.79
7.33,5.3408,3.5231,1.5379,0.86406,0.2003,-0.31659,0.33623,10.944,11.144,0.12438,3.5839,-4.3057,-1.0875,-12.407,-16.818,11.832,0,0,0,6.3117,6.4835,6.4847,6.291,-12.238,-152.98,-77.776,809.11,981.79,-353.18
7.34,5.4496,3.6337,1.5397,0.8596,0.22837,-0.32437,0.32204,10.82,10.969,0.23875,3.6269,-3.864,-1.0956,-12.489,-18.298,11.038,0,0,0,6.3941,6.5513,6.5501,6.3604,-4.2652,-143.04,-80.955,783.5,1004.3,-282.75
7.35,5.5572,3.7424,1.5426,0.85541,0.25617,-0.32951,0.30672,10.695,10.779,0.34504,3.6623,-3.4314,-1.1079,-12.493,-19.678,10.216,0,0,0,6.4707,6.6129,6.6098,6.4252,3.3968,-132.94,-83.433,747.22,1013.4,-212.87
7.36,5.6635,3.8492,1.5466,0.85144,0.28367,-0.33204,0.2904,10.57,10.575,0.443,3.6875,-3.0097,-1.1239,-12.423,-20.957,9.3718,0,0,0,6.5399,6.6672,6.6631,6.484,10.648,-122.81,-85.216,701.47,1010.2,-143.94
7.37,5.7686,3.9539,1.5514,0.84763,0.3108,-0.33205,0.27325,10.446,10.36,0.53243,3.6998,-2.6001,-1.1429,-12.282,-22.134,8.5136,0,0,0,6.6009,6.7134,6.71,6.5361,17.399,-112.77,-86.316,647.42,996.03,-76.364
7.38,5.8724,4.0564,1.5572,0.84392,0.33746,-0.32963,0.25546,10.325,10.133,0.61324,3.6961,-2.2041,-1.1637,-12.077,-23.213,7.6477,0,0,0,6.6532,6.751,6.7502,6.5812,23.573,-102.92,-86.749,586.29,971.96,-10.522
7.39,5.9751,4.1565,1.5637,0.84023,0.36353,-0.32493,0.23725,10.205,9.8959,0.68538,3.6737,-1.8233,-1.1852,-11.813,-24.194,6.7807,0,0,0,6.6967,6.7796,6.7841,6.6192,29.105,-93.359,-86.534,519.26,939.21,53.19
7.4,6.0765,4.2542,1.5709,0.83647,0.38884,-0.31814,0.21887,10.088,9.6495,0.74887,3.6302,-1.4601,-1.2062,-11.497,-25.081,5.9191,0,0,0,6.7317,6.7995,6.8119,6.6506,33.942,-84.163,-85.693,447.53,898.96,114.38
7.41,6.1769,4.3495,1.5786,0.8326,0.41324,-0.30947,0.20059,9.9752,9.3946,0.8038,3.5637,-1.1172,-1.2252,-11.136,-25.878,5.0689,0,0,0,6.7587,6.811,6.8342,6.6761,38.044,-75.401,-84.256,372.29,852.4,172.65
7.42,6.2761,4.4421,1.5869,0.82856,0.43657,-0.2992,0.18267,9.8658,9.1322,0.85031,3.4735,-0.79779,-1.2406,-10.739,-26.591,4.2359,0,0,0,6.7784,6.8146,6.8516,6.6966,41.38,-67.132,-82.251,294.73,800.72,227.61
7.43,6.3742,4.5321,1.5956,0.82435,0.45867,-0.2876,0.16538,9.7605,8.863,0.88859,3.3596,-0.50519,-1.251,-10.311,-27.223,3.4256,0,0,0,6.7914,6.8111,6.8647,6.7129,43.935,-59.4,-79.716,216.06,745.1,278.87
7.44,6.4713,4.6193,1.6047,0.81997,0.47942,-0.27501,0.14893,9.6597,8.588,0.91891,3.2228,-0.24248,-1.2548,-9.8625,-27.781,2.6432,0,0,0,6.7987,6.8014,6.8742,6.7262,45.702,-52.239,-76.688,137.46,686.72,326.04
7.45,6.5674,4.7038,1.614,0.81544,0.49872,-0.26173,0.13351,9.5633,8.3077,0.94157,3.0652,-0.01229,-1.2504,-9.3999,-28.27,1.8934,0,0,0,6.8011,6.7865,6.8807,6.7373,46.688,-45.671,-73.21,60.126,626.77,368.72
7.46,6.6626,4.7855,1.6235,0.81084,0.51651,-0.24807,0.11924,9.4717,8.0228,0.9569,2.8893,0.18346,-1.2365,-8.9313,-28.696,1.1803,0,0,0,6.7995,6.7677,6.885,6.747,46.912,-39.705,-69.329,-14.744,566.44,406.52
7.47,6.7568,4.8643,1.6331,0.80621,0.53277,-0.23432,0.10621,9.3847,7.7339,0.96531,2.6979,0.34375,-1.212,-8.4641,-29.066,0.50795,0,0,0,6.7949,6.7462,6.8875,6.7561,46.405,-34.339,-65.097,-85.957,506.9,439.04
7.48,6.8503,4.9402,1.6427,0.80164,0.54749,-0.22072,0.09442,9.3024,7.4416,0.96721,2.4945,0.46848,-1.176,-8.0055,-29.385,-0.1206,0,0,0,6.788,6.7232,6.8887,6.7651,45.209,-29.56,-60.567,-152.32,449.35,465.9
7.49,6.9429,5.0131,1.6524,0.79719,0.56071,-0.2075,0.083851,9.2246,7.1464,0.96305,2.2825,0.55851,-1.128,-7.562,-29.659,-0.70261,0,0,0,6.7798,6.7001,6.889,6.7741,43.379,-25.342,-55.799,-212.64,394.97,486.7
7.5,7.0348,5.0831,1.662,0.79295,0.57248,-0.19483,0.074429,9.1511,6.8486,0.95332,2.0652,0.6156,-1.0682,-7.1398,-29.893,-1.236,0,0,0,6.7709,6.6779,6.8886,6.7833,40.981,-21.646,-50.855,-265.72,344.95,501.05
7.51,7.1259,5.1501,1.6715,0.78897,0.58287,-0.18285,0.066052,9.0817,6.5486,0.9385,1.8459,0.6423,-0.99705,-6.744,-30.093,-1.7193,0,0,0,6.7621,6.6578,6.8876,6.7926,38.092,-18.425,-45.801,-310.66,300.2,508.72
7.52,7.2164,5.214,1.6807,0.7853,0.59195,-0.17165,0.058598,9.0161,6.2468,0.9191,1.6278,0.64169,-0.9155,-6.3793,-30.263,-2.1519,0,0,0,6.7538,6.6405,6.8862,6.8018,34.794,-15.625,-40.702,-347.67,260.64,510.06
7.53,7.3063,5.275,1.6898,0.78198,0.59982,-0.1613,0.051933,8.954,5.9434,0.89563,1.4134,0.61709,-0.82477,-6.0493,-30.407,-2.5334,0,0,0,6.7465,6.6263,6.8845,6.8108,31.164,-13.196,-35.619,-377.2,225.98,505.57
7.54,7.3955,5.3329,1.6986,0.77906,0.60656,-0.15182,0.04592,8.895,5.6387,0.8686,1.205,0.57188,-0.72629,-5.7569,-30.528,-2.8645,0,0,0,6.7403,6.6154,6.8826,6.8194,27.273,-11.09,-30.608,-399.72,195.91,495.75
7.55,7.4842,5.3878,1.7072,0.77654,0.61224,-0.14324,0.040423,8.8387,5.3329,0.83851,1.0046,0.50941,-0.62158,-5.5044,-30.63,-3.146,0,0,0,6.7354,6.608,6.8806,6.8276,23.191,-9.2634,-25.72,-415.69,170.11,481.09
7.56,7.5723,5.4396,1.7154,0.77443,0.61697,-0.13553,0.035312,8.7847,5.0262,0.80584,0.81363,0.43288,-0.51229,-5.2935,-30.714,-3.3794,0,0,0,6.732,6.604,6.8784,6.8351,18.98,-7.6745,-21.001,-425.55,148.3,462.1
7.57,7.6599,5.4883,1.7233,0.77273,0.62081,-0.12868,0.030468,8.7327,4.7187,0.77107,0.63352,0.34531,-0.4001,-5.1251,-30.784,-3.5667,0,0,0,6.7302,6.6033,6.8762,6.8418,14.699,-6.2851,-16.491,-429.78,130.16,439.26
7.58,7.747,5.5339,1.7308,0.77142,0.62386,-0.12265,0.025783,8.6821,4.4106,0.73465,0.46529,0.24946,-0.28665,-4.9996,-30.841,-3.7101,0,0,0,6.7299,6.6058,6.8741,6.8478,10.402,-5.06,-12.227,-428.82,115.4,413.09
7.59,7.8335,5.5765,1.738,0.7705,0.62618,-0.1174,0.021161,8.6326,4.1019,0.69701,0.30977,0.14786,-0.17352,-4.9169,-30.886,-3.8122,0,0,0,6.7312,6.6113,6.8719,6.8529,6.138,-3.967,-8.2388,-423.15,103.69,384.06
7.6,7.9196,5.616,1.7448,0.76994,0.62784,-0.11287,0.016516,8.5836,3.7929,0.65854,0.16761,0.042764,-0.062212,-4.8766,-30.92,-3.8759,0,0,0,6.7339,6.6194,6.8699,6.8573,1.9529,-2.9769,-4.5533,-413.21,94.747,352.68
7.61,8.0052,5.6523,1.7512,0.7697,0.62892,-0.10902,0.011779,8.5349,3.4836,0.61961,0.039297,-0.063825,0.045945,-4.8775,-30.945,-3.9043,0,0,0,6.738,6.6299,6.868,6.8609,-2.1135,-2.0638,-1.1913,-399.47,88.258,319.46
7.62,8.0903,5.6856,1.7572,0.76975,0.62948,-0.10578,0.0068893,8.4859,3.174,0.58056,-0.07487,-0.17015,0.14976,-4.9183,-30.962,-3.9008,0,0,0,6.7434,6.6425,6.8663,6.864,-6.0253,-1.2046,1.8313,-382.38,83.919,284.87
7.63,8.1749,5.7158,1.7628,0.77006,0.62959,-0.1031,0.0017991,8.4364,2.8644,0.54169,-0.17475,-0.2747,0.24824,-4.9974,-30.97,-3.8689,0,0,0,6.7499,6.6568,6.8649,6.8666,-9.7514,-0.3793,4.5033,-362.4,81.425,249.42
7.64,8.259,5.7429,1.768,0.77057,0.6293,-0.10093,-0.0035289,8.3859,2.5546,0.50326,-0.26036,-0.37618,0.34056,-5.1126,-30.969,-3.812,0,0,0,6.7574,6.6725,6.8638,6.8688,-13.265,0.42903,6.8186,-340,80.473,213.62
7.65,8.3426,5.7669,1.7728,0.77126,0.62867,-0.099209,-0.0091218,8.334,2.245,0.46552,-0.33188,-0.47349,0.4261,-5.2619,-30.961,-3.7337,0,0,0,6.7657,6.6893,6.8631,6.8707,-16.545,1.2343,8.776,-315.62,80.756,177.94
7.66,8.4257,5.7878,1.7773,0.77208,0.62776,-0.097885,-0.014998,8.2805,1.9355,0.42865,-0.38966,-0.56573,0.50443,-5.4427,-30.945,-3.6376,0,0,0,6.7746,6.7068,6.8628,6.8723,-19.573,2.0473,10.379,-289.74,81.971,142.9
7.67,8.5082,5.8056,1.7814,0.77298,0.62662,-0.096909,-0.021166,8.2251,1.6261,0.39282,-0.43422,-0.65219,0.57531,-5.6525,-30.92,-3.5272,0,0,0,6.784,6.7247,6.863,6.8739,-22.336,2.8758,11.638,-262.8,83.813,108.98
7.68,8.5902,5.8203,1.7852,0.77393,0.6253,-0.096233,-0.02763,8.1674,1.3171,0.35814,-0.46622,-0.73233,0.63865,-5.8885,-30.887,-3.406,0,0,0,6.7937,6.7425,6.8635,6.8753,-24.827,3.7246,12.564,-235.27,85.976,76.687
7.69,8.6716,5.832,1.7886,0.77489,0.62385,-0.095815,-0.034383,8.1072,1.0084,0.32472,-0.48649,-0.80576,0.69453,-6.1481,-30.845,-3.277,0,0,0,6.8034,6.7601,6.8643,6.8767,-27.041,4.5954,13.179,-207.61,88.157,46.516
7.7,8.7523,5.8405,1.7917,0.77582,0.6223,-0.095616,-0.041416,8.0444,0.7002,0.29262,-0.49602,-0.87225,0.74316,-6.4284,-30.795,-3.1434,0,0,0,6.813,6.777,6.8655,6.8779,-28.98,5.4868,13.504,-180.27,90.051,18.963
7.71,8.8325,5.846,1.7944,0.77668,0.62069,-0.095601,-0.048714,7.9786,0.39254,0.26186,-0.49592,-0.93173,0.78488,-6.7268,-30.736,-3.0078,0,0,0,6.8222,6.793,6.8668,6.8789,-30.649,6.3944,13.568,-153.71,91.352,-5.4756
7.72,8.9119,5.8484,1.7969,0.77746,0.61906,-0.095738,-0.056255,7.9098,0.085518,0.23246,-0.48745,-0.98423,0.82012,-7.0405,-30.667,-2.8728,0,0,0,6.831,6.8077,6.8684,6.8798,-32.058,7.3108,13.406,-128.4,91.756,-26.302
7.73,8.9906,5.8477,1.7991,0.77812,0.61743,-0.096,-0.064019,7.8377,-0.22077,0.2044,-0.47198,-1.03,0.84939,-7.3671,-30.589,-2.7403,0,0,0,6.8392,6.8211,6.87,6.8804,-33.223,8.2256,13.056,-104.74,91,-43.092
7.74,9.0686,5.844,1.801,0.77864,0.61583,-0.096364,-0.07198,7.7624,-0.52624,0.17764,-0.45091,-1.0692,0.87324,-7.7042,-30.503,-2.6121,0,0,0,6.8467,6.833,6.8715,6.8806,-34.159,9.1271,12.557,-82.851,89.12,-55.928
7.75,9.1459,5.8372,1.8026,0.77902,0.61428,-0.096811,-0.080112,7.6836,-0.8308,0.15214,-0.42554,-1.1022,0.89218,-8.0496,-30.407,-2.4895,0,0,0,6.8534,6.8434,6.873,6.8804,-34.885,10.005,11.949,-62.721,86.277,-65.108
7.76,9.2223,5.8273,1.804,0.77924,0.61279,-0.097323,-0.088389,7.6014,-1.1344,0.12783,-0.39709,-1.1295,0.9067,-8.4013,-30.303,-2.3734,0,0,0,6.8593,6.8523,6.8741,6.8798,-35.419,10.85,11.266,-44.33,82.633,-70.932
7.77,9.2979,5.8145,1.8052,0.77929,0.61136,-0.097886,-0.096783,7.5156,-1.4368,0.10464,-0.36667,-1.1512,0.91726,-8.7574,-30.19,-2.2643,0,0,0,6.8644,6.8597,6.875,6.8788,-35.778,11.655,10.541,-27.665,78.352,-73.7
7.78,9.3726,5.7986,1.8061,0.77917,0.61001,-0.098489,-0.10527,7.4262,-1.7381,0.082516,-0.33528,-1.1679,0.9243,-9.1163,-30.07,-2.1626,0,0,0,6.8686,6.8657,6.8755,6.8772,-35.978,12.415,9.8016,-12.708,73.594,-73.712
7.79,9.4464,5.7797,1.8069,0.77889,0.60873,-0.099121,-0.11382,7.3333,-2.0382,0.061367,-0.30383,-1.1799,0.92821,-9.4765,-29.942,-2.0683,0,0,0,6.872,6.8705,6.8756,6.8753,-36.038,13.126,9.0748,0.55582,68.523,-71.269
7.8,9.5193,5.7579,1.8074,0.77844,0.60753,-0.099773,-0.12242,7.2367,-2.3369,0.041127,-0.27312,-1.1877,0.92938,-9.8366,-29.807,-1.981,0,0,0,6.8747,6.8739,6.8754,6.8729,-35.973,13.785,8.3834,12.142,63.301,-66.668
7.81,9.5911,5.733,1.8077,0.77783,0.6064,-0.10044,-0.13103,7.1365,-2.6343,0.021725,-0.24387,-1.1918,0.92819,-10.196,-29.666,-1.9004,0,0,0,6.8766,6.8762,6.8749,6.8702,-35.8,14.392,7.7476,22.067,58.091,-60.212
7.82,9.662,5.7052,1.8078,0.77708,0.60533,-0.10111,-0.13965,7.0328,-2.9303,0.0030985,-0.21667,-1.1927,0.92499,-10.552,-29.52,-1.8258,0,0,0,6.8779,6.8774,6.8741,6.8673,-35.537,14.948,7.1844,30.346,53.055,-52.199
7.83,9.7318,5.6744,1.8077,0.77618,0.60432,-0.10178,-0.14825,6.9255,-3.2247,-0.014809,-0.19203,-1.191,0.92015,-10.906,-29.368,-1.7564,0,0,0,6.8786,6.8776,6.8731,6.8642,-35.199,15.454,6.7078,36.995,48.355,-42.93
7.84,9.8005,5.6407,1.8075,0.77516,0.60335,-0.10244,-0.15683,6.8147,-3.5176,-0.032044,-0.17035,-1.1871,0.914,-11.256,-29.211,-1.6913,0,0,0,6.8787,6.8769,6.8718,6.861,-34.802,15.917,6.329,42.03,44.154,-32.703
7.85,9.8681,5.604,1.8071,0.77402,0.60242,-0.1031,-0.16537,6.7004,-3.8089,-0.048646,-0.15192,-1.1817,0.90692,-11.602,-29.049,-1.6295,0,0,0,6.8783,6.8754,6.8705,6.8579,-34.364,16.34,6.0559,45.466,40.614,-21.82
7.86,9.9345,5.5645,1.8065,0.77278,0.60152,-0.10374,-0.17386,6.5827,-4.0986,-0.064642,-0.13693,-1.1754,0.89927,-11.943,-28.884,-1.5698,0,0,0,6.8774,6.8731,6.8691,6.8549,-33.898,16.732,5.8937,47.319,37.897,-10.58
7.87,9.9997,5.5221,1.8058,0.77144,0.60062,-0.10437,-0.1823,6.4615,-4.3866,-0.080047,-0.12546,-1.1687,0.89141,-12.28,-28.715,-1.5112,0,0,0,6.8762,6.8703,6.8677,6.8522,-33.422,17.101,5.8445,47.606,36.167,0.71652
7.88,10.064,5.4768,1.8049,0.77003,0.59973,-0.10499,-0.19069,6.3371,-4.6729,-0.094866,-0.11748,-1.1624,0.88375,-12.612,-28.542,-1.4526,0,0,0,6.8747,6.8668,6.8663,6.8499,-32.951,17.459,5.9073,46.341,35.585,11.771
7.89,10.126,5.4286,1.8039,0.76854,0.59881,-0.10559,-0.19904,6.2093,-4.9574,-0.10909,-0.11287,-1.1571,0.87669,-12.939,-28.366,-1.3927,0,0,0,6.8728,6.8629,6.8652,6.848,-32.501,17.817,6.0781,43.541,36.313,22.282
7.9,10.188,5.3776,1.8028,0.767,0.59787,-0.10619,-0.20733,6.0783,-5.2402,-0.12271,-0.11136,-1.1535,0.87065,-13.262,-28.186,-1.3307,0,0,0,6.8707,6.8585,6.8642,6.8467,-32.086,18.19,6.3501,39.222,38.515,31.951
7.91,10.248,5.3238,1.8015,0.76541,0.59688,-0.10678,-0.21559,5.9441,-5.5211,-0.1357,-0.1126,-1.1523,0.86609,-13.581,-28.002,-1.2654,0,0,0,6.8682,6.8537,6.8634,6.8461,-31.721,18.593,6.7133,33.403,42.345,40.486
7.92,10.307,5.2672,1.8,0.76377,0.59584,-0.10737,-0.22383,5.8067,-5.8002,-0.14801,-0.11614,-1.154,0.86345,-13.897,-27.814,-1.1961,0,0,0,6.8656,6.8485,6.8628,6.8461,-31.422,19.042,7.1556,26.207,47.791,47.755
7.93,10.364,5.2078,1.7985,0.76209,0.59474,-0.10797,-0.23204,5.6662,-6.0774,-0.1596,-0.1215,-1.1594,0.86314,-14.21,-27.621,-1.1221,0,0,0,6.8627,6.8431,6.8624,6.8467,-31.201,19.553,7.6643,17.848,54.691,53.779
7.94,10.42,5.1457,1.7969,0.76038,0.59355,-0.10859,-0.24025,5.5225,-6.3526,-0.17043,-0.12819,-1.169,0.86552,-14.521,-27.422,-1.0427,0,0,0,6.8596,6.8374,6.8622,6.8478,-31.068,20.14,8.2271,8.5438,62.878,58.581
7.95,10.475,5.0808,1.7951,0.75863,0.59229,-0.10926,-0.24847,5.3758,-6.6258,-0.18044,-0.1357,-1.1831,0.87089,-14.831,-27.218,-0.95742,0,0,0,6.8564,6.8316,6.8621,6.8494,-31.033,20.815,8.8319,-1.4887,72.181,62.186
7.96,10.528,5.0132,1.7933,0.75685,0.59092,-0.10997,-0.25671,5.2259,-6.8969,-0.18956,-0.14353,-1.2021,0.87947,-15.142,-27.006,-0.86594,0,0,0,6.853,6.8256,6.8622,6.8514,-31.1,21.587,9.4669,-12.031,82.434,64.617
7.97,10.579,4.9429,1.7913,0.75502,0.58945,-0.11077,-0.26499,5.0729,-7.1659,-0.19774,-0.15119,-1.2262,0.89143,-15.454,-26.786,-0.76802,0,0,0,6.8496,6.8196,6.8622,6.8536,-31.274,22.466,10.12,-22.866,93.467,65.9
7.98,10.629,4.8699,1.7893,0.75315,0.58788,-0.11166,-0.27331,4.9168,-7.4326,-0.2049,-0.15819,-1.2557,0.9069,-15.768,-26.556,-0.66351,0,0,0,6.8461,6.8136,6.8623,6.856,-31.557,23.458,10.781,-33.776,105.11,66.058
7.99,10.677,4.7942,1.7872,0.75123,0.58618,-0.11267,-0.28169,4.7575,-7.697,-0.21098,-0.16408,-1.2904,0.9259,-16.085,-26.316,-0.55241,0,0,0,6.8425,6.8076,6.8623,6.8584,-31.949,24.57,11.438,-44.543,117.2,65.115
8,10.724,4.7159,1.7851,0.74925,0.58437,-0.11382,-0.29014,4.5951,-7.9589,-0.21593,-0.1684,-1.3304,0.94843,-16.407,-26.064,-0.4348,0,0,0,6.8389,6.8018,6.8623,6.8609,-32.447,25.803,12.08,-54.95,129.57,63.096
8.01,10.769,4.635,1.7829,0.74721,0.58243,-0.11514,-0.29866,4.4294,-8.2182,-0.21966,-0.17075,-1.3756,0.97441,-16.734,-25.8,-0.3109,0,0,0,6.8353,6.796,6.8621,6.8632,-33.046,27.162,12.696,-64.778,142.04,60.025
8.02,10.813,4.5516,1.7807,0.7451,0.58036,-0.11665,-0.30725,4.2604,-8.4748,-0.22212,-0.17077,-1.4257,1.0037,-17.068,-25.521,-0.181,0,0,0,6.8317,6.7905,6.8618,6.8654,-33.74,28.644,13.277,-73.811,154.46,55.927
8.03,10.854,4.4656,1.7785,0.74291,0.57815,-0.11839,-0.31593,4.088,-8.7286,-0.22326,-0.16811,-1.4803,1.0361,-17.41,-25.226,-0.045511,0,0,0,6.8282,6.7853,6.8614,6.8673,-34.519,30.25,13.812,-81.83,166.64,50.825
8.04,10.894,4.377,1.7762,0.74062,0.57581,-0.12037,-0.32469,3.9122,-8.9793,-0.22302,-0.16251,-1.5391,1.0714,-17.759,-24.915,0.095048,0,0,0,6.8249,6.7804,6.8608,6.8689,-35.372,31.976,14.29,-88.617,178.42,44.744
8.05,10.933,4.286,1.774,0.73824,0.57334,-0.12262,-0.33353,3.7328,-9.2268,-0.22134,-0.15373,-1.6016,1.1092,-18.117,-24.586,0.24007,0,0,0,6.8218,6.7759,6.8601,6.8702,-36.287,33.816,14.703,-93.956,189.64,37.708
8.06,10.969,4.1925,1.7718,0.73575,0.57073,-0.12518,-0.34245,3.5498,-9.471,-0.2182,-0.14161,-1.6671,1.1492,-18.485,-24.239,0.38886,0,0,0,6.819,6.7719,6.8592,6.8711,-37.246,35.766,15.041,-97.628,200.13,29.742
8.07,11.004,4.0966,1.7697,0.73314,0.56799,-0.12805,-0.35143,3.3631,-9.7115,-0.21356,-0.12605,-1.7351,1.191,-18.862,-23.871,0.54062,0,0,0,6.8165,6.7685,6.8582,6.8715,-38.233,37.816,15.295,-99.416,209.71,20.869
8.08,11.036,3.9983,1.7675,0.7304,0.56511,-0.13126,-0.36047,3.1725,-9.9483,-0.20738,-0.107,-1.8047,1.2341,-19.249,-23.482,0.69445,0,0,0,6.8145,6.7658,6.8571,6.8715,-39.227,39.957,15.456,-99.102,218.23,11.114
8.09,11.067,3.8976,1.7655,0.72753,0.5621,-0.13483,-0.36955,2.978,-10.181,-0.19966,-0.084494,-1.8753,1.2781,-19.647,-23.071,0.84939,0,0,0,6.8129,6.7639,6.856,6.871,-40.207,42.176,15.514,-96.475,225.5,0.50307
8.1,11.096,3.7947,1.7636,0.72451,0.55896,-0.13876,-0.37866,2.7795,-10.41,-0.1904,-0.058628,-1.9458,1.3224,-20.053,-22.638,1.0044,0,0,0,6.8118,6.7627,6.8548,6.8702,-41.149,44.462,15.463,-91.507,231.46,-10.875
8.11,11.123,3.6894,1.7617,0.72135,0.5557,-0.14308,-0.38779,2.5769,-10.634,-0.17958,-0.029556,-2.0156,1.3664,-20.469,-22.182,1.1583,0,0,0,6.8113,6.7623,6.8537,6.869,-42.03,46.801,15.295,-84.378,236.12,-22.863
8.12,11.147,3.582,1.76,0.71802,0.55233,-0.14779,-0.39691,2.3701,-10.853,-0.16724,0.0025147,-2.084,1.4099,-20.894,-21.702,1.3099,0,0,0,6.8113,6.7625,6.8527,6.8676,-42.83,49.181,15.004,-75.28,239.51,-35.3
8.13,11.17,3.4724,1.7584,0.71453,0.54884,-0.15288,-0.40602,2.159,-11.068,-0.1534,0.037333,-2.1503,1.4525,-21.326,-21.198,1.4579,0,0,0,6.8119,6.7635,6.8519,6.8661,-43.53,51.587,14.588,-64.403,241.65,-48.024
8.14,11.191,3.3607,1.7569,0.71087,0.54524,-0.15836,-0.41508,1.9436,-11.277,-0.1381,0.074616,-2.2141,1.4937,-21.764,-20.67,1.6012,0,0,0,6.8129,6.765,6.8513,6.8645,-44.113,54.009,14.044,-51.939,242.55,-60.874
8.15,11.209,3.2469,1.7556,0.70704,0.54154,-0.16423,-0.42409,1.7237,-11.481,-0.12139,0.11405,-2.2748,1.5335,-22.208,-20.118,1.7384,0,0,0,6.8145,6.7671,6.8509,6.8629,-44.564,56.434,13.371,-38.078,242.25,-73.688
8.16,11.225,3.1311,1.7545,0.70303,0.53775,-0.17047,-0.43302,1.4994,-11.679,-0.10335,0.15531,-2.3321,1.5715,-22.655,-19.542,1.8682,0,0,0,6.8165,6.7696,6.8508,6.8614,-44.87,58.851,12.57,-23.011,240.77,-86.305
8.17,11.239,3.0133,1.7535,0.69884,0.53387,-0.17708,-0.44186,1.2706,-11.872,-0.084057,0.19806,-2.3858,1.6077,-23.104,-18.941,1.9894,0,0,0,6.8188,6.7725,6.851,6.86,-45.021,61.246,11.646,-6.93,238.12,-98.564
8.18,11.25,2.8937,1.7528,0.69446,0.52991,-0.18405,-0.4506,1.0373,-12.058,-0.063598,0.24195,-2.4357,1.6419,-23.555,-18.317,2.1007,0,0,0,6.8216,6.7758,6.8514,6.8588,-45.006,63.609,10.601,9.9751,234.34,-110.3
8.19,11.26,2.7722,1.7523,0.6899,0.52588,-0.19135,-0.45922,0.79954,-12.238,-0.04208,0.28662,-2.4816,1.674,-24.004,-17.669,2.201,0,0,0,6.8246,6.7792,6.8521,6.8576,-44.819,65.929,9.4419,27.513,229.44,-121.36
8.2,11.266,2.6489,1.752,0.68514,0.52177,-0.19897,-0.4677,0.55727,-12.411,-0.019618,0.33173,-2.5236,1.7041,-24.45,-16.998,2.2892,0,0,0,6.8278,6.7829,6.8529,6.8566,-44.454,68.194,8.1764,45.492,223.44,-131.58
8.21,11.271,2.524,1.7519,0.6802,0.5176,-0.2069,-0.47603,0.31055,-12.578,0.0036601,0.37694,-2.5615,1.7322,-24.892,-16.305,2.3642,0,0,0,6.8313,6.7866,6.854,6.8558,-43.908,70.394,6.8137,63.723,216.38,-140.79
8.22,11.273,2.3974,1.752,0.67507,0.51337,-0.21511,-0.48421,0.059438,-12.737,0.027619,0.4219,-2.5956,1.7582,-25.328,-15.591,2.4252,0,0,0,6.8348,6.7902,6.8551,6.855,-43.18,72.518,5.3646,82.013,208.27,-148.84
8.23,11.272,2.2692,1.7524,0.66974,0.50909,-0.22358,-0.49223,-0.19599,-12.89,0.052114,0.46628,-2.6258,1.7823,-25.755,-14.855,2.4713,0,0,0,6.8383,6.7938,6.8564,6.8542,-42.269,74.556,3.8414,100.17,199.14,-155.56
8.24,11.269,2.1396,1.7531,0.66422,0.50475,-0.2323,-0.50007,-0.45564,-13.034,0.076992,0.50972,-2.6522,1.8044,-26.173,-14.1,2.5018,0,0,0,6.8417,6.7972,6.8576,6.8534,-41.177,76.498,2.2584,118.01,189,-160.79
8.25,11.263,2.0086,1.754,0.65852,0.50037,-0.24123,-0.50774,-0.7194,-13.172,0.1021,0.5519,-2.6752,1.8247,-26.578,-13.326,2.5163,0,0,0,6.8451,6.8003,6.8588,6.8526,-39.91,78.333,0.63115,135.33,177.88,-164.37
8.26,11.254,1.8762,1.7551,0.65262,0.49594,-0.25035,-0.51522,-0.98716,-13.301,0.12726,0.59245,-2.6948,1.8432,-26.97,-12.534,2.5143,0,0,0,6.8483,6.8031,6.8599,6.8516,-38.473,80.052,-1.023,151.95,165.81,-166.14
8.27,11.243,1.7426,1.7565,0.64654,0.49147,-0.25965,-0.52252,-1.2588,-13.422,0.15233,0.63103,-2.7111,1.8601,-27.347,-11.725,2.4958,0,0,0,6.8513,6.8055,6.8609,6.8504,-36.874,81.646,-2.6852,167.67,152.81,-165.94
8.28,11.229,1.6078,1.7582,0.64027,0.48695,-0.26909,-0.52964,-1.5341,-13.535,0.17712,0.66724,-2.7244,1.8753,-27.707,-10.901,2.4607,0,0,0,6.8541,6.8076,6.8617,6.8489,-35.123,83.105,-4.3348,182.32,138.9,-163.64
8.29,11.212,1.4719,1.7601,0.63383,0.48239,-0.27866,-0.53657,-1.8128,-13.64,0.20149,0.70073,-2.7347,1.8889,-28.049,-10.063,2.4092,0,0,0,6.8567,6.8094,6.8624,6.8472,-33.232,84.421,-5.9512,195.81,124.16,-159.32
8.3,11.193,1.335,1.7622,0.62721,0.47779,-0.28832,-0.54332,-2.095,-13.737,0.22525,0.73118,-2.7422,1.9009,-28.372,-9.2133,2.3418,0,0,0,6.859,6.8108,6.8628,6.8451,-31.211,85.586,-7.5152,208.1,108.68,-153.2
8.31,11.17,1.1972,1.7646,0.62042,0.47315,-0.29805,-0.54989,-2.3802,-13.824,0.24827,0.75832,-2.7469,1.9113,-28.673,-8.3522,2.2591,0,0,0,6.8611,6.8119,6.863,6.8427,-29.074,86.593,-9.0099,219.16,92.559,-145.5
8.32,11.145,1.0585,1.7672,0.61347,0.46846,-0.30783,-0.55628,-2.6684,-13.904,0.27039,0.78195,-2.7488,1.9201,-28.953,-7.4819,2.1619,0,0,0,6.8629,6.8128,6.8629,6.84,-26.832,87.435,-10.421,228.94,75.899,-136.42
8.33,11.117,0.91915,1.77,0.60636,0.46372,-0.31762,-0.5625,-2.9592,-13.974,0.29146,0.80191,-2.748,1.9273,-29.209,-6.6041,2.051,0,0,0,6.8645,6.8135,6.8626,6.8369,-24.499,88.109,-11.735,237.42,58.792,-126.19
8.34,11.086,0.7791,1.773,0.5991,0.45895,-0.32741,-0.56855,-3.2525,-14.036,0.31137,0.81809,-2.7445,1.9328,-29.442,-5.7203,1.9276,0,0,0,6.8659,6.8141,6.8621,6.8337,-22.088,88.61,-12.941,244.56,41.336,-115.02
8.35,11.052,0.63847,1.7762,0.5917,0.45413,-0.33716,-0.57444,-3.548,-14.088,0.32998,0.83046,-2.7382,1.9366,-29.651,-4.8325,1.7926,0,0,0,6.867,6.8145,6.8614,6.8301,-19.613,88.935,-14.032,250.32,23.627,-103.12
8.36,11.015,0.49736,1.7796,0.58418,0.44926,-0.34685,-0.58017,-3.8454,-14.132,0.34718,0.83899,-2.7292,1.9387,-29.835,-3.9422,1.6473,0,0,0,6.868,6.815,6.8605,6.8264,-17.087,89.082,-15.002,254.66,5.7619,-90.704
8.37,10.975,0.35585,1.7831,0.57653,0.44435,-0.35646,-0.58574,-4.1446,-14.167,0.36289,0.84375,-2.7173,1.9389,-29.993,-3.0514,1.493,0,0,0,6.8688,6.8154,6.8595,6.8225,-14.524,89.05,-15.846,257.55,-12.163,-77.991
8.38,10.932,0.21404,1.7868,0.56878,0.43941,-0.36596,-0.59117,-4.4452,-14.193,0.37702,0.84484,-2.7027,1.9373,-30.125,-2.1618,1.3308,0,0,0,6.8694,6.8159,6.8582,6.8185,-11.94,88.839,-16.561,258.96,-30.051,-65.193
8.39,10.886,0.072014,1.7907,0.56093,0.43442,-0.37533,-0.59645,-4.747,-14.211,0.38949,0.8424,-2.6853,1.9338,-30.231,-1.2752,1.1622,0,0,0,6.8699,6.8164,6.8567,6.8143,-9.3502,88.45,-17.15,258.84,-47.806,-52.525
8.4,10.837,-0.070141,1.7946,0.553,0.4294,-0.38455,-0.6016,-5.0497,-14.219,0.40024,0.83664,-2.665,1.9283,-30.312,-0.39342,0.98826,0,0,0,6.8702,6.8171,6.855,6.8101,-6.7689,87.884,-17.613,257.16,-65.33,-40.201
8.41,10.785,-0.21233,1.7987,0.545,0.42436,-0.3936,-0.60661,-5.3531,-14.218,0.40924,0.82781,-2.6419,1.9208,-30.367,0.48186,0.81032,0,0,0,6.8703,6.8178,6.8531,6.8058,-4.2124,87.144,-17.956,253.88,-82.528,-28.436
8.42,10.73,-0.35448,1.8028,0.53694,0.41929,-0.40246,-0.61149,-5.657,-14.209,0.41644,0.81623,-2.6159,1.9111,-30.396,1.3489,0.62953,0,0,0,6.8702,6.8187,6.8511,6.8014,-1.6967,86.234,-18.184,248.97,-99.303,-17.443
8.43,10.672,-0.49649,1.807,0.52884,0.41421,-0.41111,-0.61624,-5.961,-14.191,0.42182,0.80227,-2.587,1.8993,-30.401,2.206,0.44698,0,0,0,6.87,6.8197,6.8487,6.7971,0.76153,85.16,-18.308,242.4,-115.56,-7.4376
8.44,10.611,-0.63828,1.8112,0.5207,0.40912,-0.41955,-0.62086,-6.2649,-14.165,0.42538,0.78633,-2.5553,1.8853,-30.381,3.0516,0.26368,0,0,0,6.8695,6.8208,6.8462,6.7927,3.1455,83.925,-18.337,234.11,-131.2,1.3666
8.45,10.547,-0.77977,1.8155,0.51255,0.40403,-0.42775,-0.62536,-6.5685,-14.131,0.4271,0.76891,-2.5206,1.869,-30.338,3.884,0.08051,0,0,0,6.8689,6.8221,6.8433,6.7884,5.438,82.538,-18.285,224.09,-146.12,8.755
8.46,10.48,-0.92086,1.8198,0.5044,0.39895,-0.43571,-0.62974,-6.8716,-14.088,0.42699,0.75052,-2.4831,1.8504,-30.273,4.7018,-0.1018,0,0,0,6.868,6.8236,6.8402,6.7841,7.6214,81.006,-18.167,212.29,-160.24,14.513
8.47,10.409,-1.0615,1.824,0.49626,0.3939,-0.44343,-0.63399,-7.1739,-14.037,0.42507,0.73175,-2.4426,1.8294,-30.186,5.5037,-0.28268,0,0,0,6.8669,6.8253,6.8368,6.7799,9.6777,79.336,-18.001,198.69,-173.45,18.452
8.48,10.336,-1.2016,1.8283,0.48814,0.38888,-0.45089,-0.63811,-7.4753,-13.978,0.42134,0.71321,-2.3992,1.806,-30.08,6.2881,-0.46172,0,0,0,6.8656,6.8272,6.8332,6.7757,11.59,77.54,-17.804,183.47,-185.69,20.7
8.49,10.26,-1.341,1.8325,0.48006,0.38392,-0.4581,-0.6421,-7.7755,-13.911,0.41584,0.69537,-2.3527,1.7801,-29.955,7.0541,-0.63871,0,0,0,6.8642,6.8292,6.8293,6.7717,13.343,75.626,-17.592,166.95,-196.9,21.598
8.5,10.181,-1.4798,1.8366,0.47203,0.37903,-0.46505,-0.64595,-8.0743,-13.837,0.40858,0.67857,-2.3033,1.7516,-29.814,7.8003,-0.81354,0,0,0,6.8628,6.8314,6.8254,6.7677,14.925,73.605,-17.375,149.44,-207.05,21.492
8.51,10.098,-1.6177,1.8406,0.46406,0.37421,-0.47175,-0.64966,-8.3717,-13.755,0.39958,0.66305,-2.2508,1.7206,-29.657,8.5258,-0.98623,0,0,0,6.8613,6.8337,6.8213,6.7638,16.329,71.489,-17.164,131.26,-216.07,20.73
8.52,10.013,-1.7548,1.8446,0.45616,0.3695,-0.47821,-0.65323,-8.6674,-13.666,0.38886,0.6489,-2.1955,1.6871,-29.488,9.2298,-1.1569,0,0,0,6.8598,6.836,6.8173,6.7602,17.549,69.288,-16.962,112.72,-223.92,19.656
8.53,9.925,-1.891,1.8484,0.44835,0.3649,-0.48442,-0.65664,-8.9614,-13.57,0.37645,0.6361,-2.1373,1.651,-29.307,9.9114,-1.3255,0,0,0,6.8585,6.8384,6.8135,6.7567,18.584,67.015,-16.771,94.15,-230.55,18.618
8.54,9.8339,-2.0262,1.8521,0.44064,0.36043,-0.49038,-0.65989,-9.2535,-13.468,0.36236,0.62449,-2.0764,1.6125,-29.117,10.57,-1.4923,0,0,0,6.8573,6.8408,6.8098,6.7535,19.433,64.681,-16.588,75.855,-235.91,17.961
8.55,9.74,-2.1604,1.8556,0.43303,0.3561,-0.49611,-0.66299,-9.5437,-13.359,0.34661,0.61383,-2.0131,1.5718,-28.919,11.205,-1.6573,0,0,0,6.8562,6.8432,6.8064,6.7506,20.103,62.301,-16.409,58.157,-239.94,18.032
8.56,9.6431,-2.2934,1.859,0.42555,0.35192,-0.5016,-0.66592,-9.8319,-13.244,0.32922,0.60373,-1.9476,1.5289,-28.715,11.816,-1.8205,0,0,0,6.8554,6.8454,6.8034,6.7481,20.6,59.887,-16.224,41.37,-242.61,19.177
8.57,9.5433,-2.4252,1.8622,0.4182,0.34792,-0.50686,-0.66869,-10.118,-13.123,0.3102,0.59371,-1.8803,1.4841,-28.507,12.403,-1.9817,0,0,0,6.8548,6.8475,6.801,6.7461,20.934,57.453,-16.021,25.813,-243.85,21.742
8.58,9.4407,-2.5558,1.8652,0.41099,0.34408,-0.5119,-0.67131,-10.402,-12.996,0.28959,0.58318,-1.8116,1.4377,-28.297,12.965,-2.1408,0,0,0,6.8545,6.8493,6.7991,6.7445,21.121,55.015,-15.783,11.801,-243.63,26.074
8.59,9.3353,-2.6851,1.868,0.40394,0.34043,-0.5167,-0.67377,-10.684,-12.864,0.2674,0.57145,-1.742,1.39,-28.085,13.503,-2.2972,0,0,0,6.8544,6.8507,6.7979,6.7436,21.177,52.586,-15.492,-0.34824,-241.88,32.518
8.6,9.2271,-2.8131,1.8706,0.39705,0.33696,-0.52126,-0.67609,-10.964,-12.726,0.24366,0.5577,-1.6723,1.3415,-27.874,14.017,-2.4504,0,0,0,6.8546,6.8516,6.7974,6.7432,21.121,50.182,-15.125,-10.318,-238.57,41.421
8.61,9.116,-2.9396,1.8729,0.39032,0.33367,-0.5256,-0.67828,-11.241,-12.583,0.2184,0.54104,-1.603,1.2928,-27.663,14.507,-2.5993,0,0,0,6.855,6.852,6.7978,6.7435,20.979,47.82,-14.655,-17.792,-233.64,53.129
8.62,9.0022,-3.0647,1.8749,0.38377,0.33055,-0.52969,-0.68035,-11.517,-12.436,0.19169,0.52048,-1.5351,1.2443,-27.454,14.973,-2.743,0,0,0,6.8557,6.8516,6.7991,6.7445,20.775,45.515,-14.052,-22.453,-227.03,67.988
8.63,8.8857,-3.1883,1.8767,0.3774,0.32761,-0.53354,-0.68234,-11.791,-12.284,0.16357,0.49492,-1.4694,1.1967,-27.248,15.417,-2.8798,0,0,0,6.8566,6.8504,6.8014,6.7462,20.54,43.285,-13.283,-23.985,-218.71,86.345
8.64,8.7664,-3.3104,1.8782,0.37121,0.32482,-0.53712,-0.68425,-12.062,-12.128,0.13412,0.46319,-1.407,1.1508,-27.044,15.839,-3.008,0,0,0,6.8576,6.8482,6.8046,6.7488,20.307,41.147,-12.312,-22.071,-208.62,108.54
8.65,8.6445,-3.4309,1.8794,0.36519,0.32216,-0.54043,-0.68614,-12.331,-11.967,0.10344,0.42402,-1.3491,1.1073,-26.842,16.24,-3.1253,0,0,0,6.8587,6.8447,6.8089,6.7522,20.111,39.119,-11.098,-16.394,-196.71,134.94
8.66,8.5198,-3.5497,1.8802,0.35935,0.31962,-0.54345,-0.68803,-12.599,-11.803,0.071659,0.37604,-1.2968,1.0673,-26.641,16.622,-3.229,0,0,0,6.8598,6.8399,6.8143,6.7564,19.992,37.219,-9.5982,-6.6538,-182.94,165.83
8.67,8.3925,-3.6669,1.8808,0.35367,0.31716,-0.54615,-0.68996,-12.864,-11.635,0.038918,0.31794,-1.2516,1.0317,-26.441,16.985,-3.3161,0,0,0,6.8609,6.8338,6.8206,6.7613,19.991,35.466,-7.768,7.1294,-167.51,200.83
8.68,8.2625,-3.7824,1.881,0.34813,0.31476,-0.54851,-0.692,-13.128,-11.463,0.0054037,0.24862,-1.2147,1.0013,-26.241,17.332,-3.3831,0,0,0,6.8618,6.8264,6.8277,6.7669,20.147,33.873,-5.5714,24.647,-150.84,238.92
8.69,8.1299,-3.8962,1.8809,0.34273,0.31237,-0.5505,-0.69419,-13.389,-11.288,-0.028665,0.16736,-1.1873,0.97692,-26.038,17.663,-3.4262,0,0,0,6.8624,6.8178,6.8352,6.773,20.496,32.452,-2.9828,45.58,-133.34,279.06
8.7,7.9948,-4.0082,1.8805,0.33744,0.30995,-0.5521,-0.6966,-13.648,-11.11,-0.063028,0.073765,-1.1702,0.95914,-25.83,17.982,-3.4414,0,0,0,6.8627,6.8083,6.8431,6.7793,21.069,31.208,0.01307,69.609,-115.42,320.2
8.71,7.857,-4.1184,1.8796,0.33223,0.30746,-0.55327,-0.69927,-13.906,-10.929,-0.097387,-0.032247,-1.1645,0.94847,-25.616,18.288,-3.4246,0,0,0,6.8626,6.798,6.8509,6.7858,21.897,30.143,3.421,96.414,-97.515,361.3
8.72,7.7167,-4.2267,1.8785,0.32708,0.30486,-0.55397,-0.70228,-14.161,-10.744,-0.1314,-0.15042,-1.1709,0.94525,-25.391,18.585,-3.3717,0,0,0,6.862,6.7869,6.8586,6.7923,23.006,29.256,7.2354,125.68,-80.034,401.31
8.73,7.5738,-4.3332,1.877,0.32195,0.30209,-0.55418,-0.70567,-14.413,-10.557,-0.16469,-0.28019,-1.1899,0.94965,-25.154,18.874,-3.2786,0,0,0,6.8609,6.7754,6.8658,6.7984,24.418,28.54,11.44,157.08,-63.396,439.2
8.74,7.4284,-4.4379,1.8752,0.31679,0.2991,-0.55388,-0.70951,-14.664,-10.367,-0.19683,-0.42066,-1.2222,0.96171,-24.902,19.156,-3.1416,0,0,0,6.8592,6.7635,6.8723,6.8042,26.153,27.984,16.009,190.3,-48.02,473.92
8.75,7.2805,-4.5406,1.8731,0.31158,0.29584,-0.55302,-0.71383,-14.911,-10.174,-0.22736,-0.57065,-1.268,0.98126,-24.63,19.434,-2.9573,0,0,0,6.857,6.7515,6.878,6.8094,28.229,27.574,20.904,225.02,-34.325,504.42
8.76,7.1302,-4.6413,1.8707,0.30628,0.29226,-0.5516,-0.71869,-15.156,-9.9782,-0.2558,-0.72866,-1.3276,1.008,-24.336,19.708,-2.7226,0,0,0,6.8543,6.7398,6.8827,6.8139,30.658,27.29,26.08,260.92,-22.728,529.66
8.77,6.9774,-4.7401,1.868,0.30083,0.28831,-0.54959,-0.72411,-15.398,-9.7797,-0.28164,-0.89287,-1.4011,1.0414,-24.016,19.98,-2.435,0,0,0,6.8511,6.7285,6.8864,6.8177,33.45,27.111,31.477,297.68,-13.648,548.61
8.78,6.8222,-4.8369,1.8651,0.2952,0.28392,-0.54698,-0.73011,-15.636,-9.5786,-0.30432,-1.0612,-1.4882,1.081,-23.666,20.251,-2.0926,0,0,0,6.8476,6.718,6.8889,6.8206,36.613,27.008,37.027,334.98,-7.5036,560.2
8.79,6.6647,-4.9317,1.8619,0.28934,0.27904,-0.54377,-0.7367,-15.871,-9.3747,-0.3233,-1.2312,-1.5886,1.1258,-23.282,20.52,-1.6942,0,0,0,6.844,6.7087,6.8903,6.8229,40.15,26.949,42.653,372.51,-4.7126,563.41
8.8,6.5048,-5.0244,1.8586,0.28323,0.27362,-0.53996,-0.74388,-16.102,-9.1682,-0.33802,-1.4003,-1.7016,1.175,-22.862,20.79,-1.2396,0,0,0,6.8403,6.7009,6.8907,6.8245,44.063,26.901,48.264,409.94,-5.6935,557.19
8.81,6.3427,-5.115,1.8552,0.27683,0.26759,-0.53555,-0.75163,-16.328,-8.9589,-0.34791,-1.5655,-1.8264,1.2278,-22.4,21.058,-0.72929,0,0,0,6.8368,6.6951,6.8902,6.8257,48.348,26.822,53.762,446.95,-10.865,540.49
8.82,6.1783,-5.2036,1.8517,0.27011,0.2609,-0.53057,-0.75991,-16.55,-8.747,-0.35242,-1.7239,-1.9617,1.283,-21.893,21.326,-0.16507,0,0,0,6.8336,6.6914,6.8891,6.8267,52.999,26.668,59.036,483.23,-20.644,512.27
8.83,6.0117,-5.29,1.8481,0.26305,0.2535,-0.52506,-0.76867,-16.766,-8.5324,-0.35104,-1.8723,-2.1061,1.3396,-21.339,21.591,0.45028,0,0,0,6.8309,6.6902,6.8874,6.8276,58.009,26.392,63.966,518.42,-35.318,471.79
8.84,5.843,-5.3742,1.8447,0.25564,0.24534,-0.51905,-0.77785,-16.976,-8.3152,-0.34326,-2.0077,-2.2577,1.3968,-20.732,21.853,1.1127,0,0,0,6.8288,6.6913,6.8857,6.8288,63.363,25.947,68.433,552,-54.46,419.91
8.85,5.6722,-5.4563,1.8413,0.24788,0.23638,-0.51259,-0.78736,-17.18,-8.0954,-0.32864,-2.1279,-2.4151,1.4537,-20.07,22.11,1.817,0,0,0,6.8274,6.6946,6.8841,6.8305,69.042,25.29,72.331,583.39,-77.409,358.03
8.86,5.4994,-5.5361,1.8381,0.23977,0.22659,-0.50574,-0.79712,-17.378,-7.873,-0.3068,-2.2312,-2.5765,1.5099,-19.35,22.358,2.5571,0,0,0,6.8269,6.6996,6.883,6.8327,75.021,24.388,75.565,612,-103.5,287.54
8.87,5.3246,-5.6137,1.8352,0.23132,0.21593,-0.49856,-0.80703,-17.567,-7.6483,-0.27741,-2.3165,-2.7404,1.5649,-18.569,22.596,3.3259,0,0,0,6.8271,6.7061,6.8825,6.8356,81.27,23.212,78.058,637.24,-132.07,209.86
8.88,5.1481,-5.6891,1.8326,0.22256,0.20439,-0.49112,-0.817,-17.749,-7.4212,-0.24021,-2.3833,-2.9057,1.6186,-17.724,22.821,4.1156,0,0,0,6.8281,6.7137,6.8826,6.8391,87.753,21.741,79.743,658.54,-162.46,126.38
8.89,4.9697,-5.7621,1.8304,0.21351,0.19195,-0.48347,-0.82694,-17.922,-7.1919,-0.19505,-2.4317,-3.071,1.6708,-16.813,23.03,4.9179,0,0,0,6.8297,6.7218,6.8833,6.8432,94.426,19.959,80.571,675.31,-194.01,38.499
8.9,4.7897,-5.8329,1.8287,0.20419,0.1786,-0.47568,-0.83674,-18.085,-6.9606,-0.14184,-2.4621,-3.2357,1.7215,-15.835,23.22,5.724,0,0,0,6.8318,6.7301,6.8845,6.8476,101.24,17.859,80.503,686.96,-226.05,-52.382
8.91,4.608,-5.9013,1.8276,0.19463,0.16433,-0.46781,-0.84633,-18.238,-6.7276,-0.08059,-2.4756,-3.399,1.7709,-14.788,23.386,6.5249,0,0,0,6.8342,6.7381,6.886,6.8521,108.15,15.439,79.518,692.92,-257.92,-144.86
8.92,4.4249,-5.9674,1.8271,0.18487,0.14916,-0.45991,-0.85561,-18.38,-6.493,-0.011393,-2.4733,-3.5606,1.8192,-13.672,23.527,7.3113,0,0,0,6.8364,6.7452,6.8875,6.8565,115.08,12.703,77.605,692.6,-288.95,-237.54
8.93,4.2405,-6.0312,1.8274,0.17492,0.13308,-0.45202,-0.86451,-18.511,-6.2571,0.065556,-2.4566,-3.7203,1.8664,-12.487,23.639,8.0739,0,0,0,6.8384,6.7512,6.8886,6.8602,121.98,9.6645,74.771,685.42,-318.49,-329.02
8.94,4.0548,-6.0926,1.8285,0.16483,0.1161,-0.44419,-0.87295,-18.63,-6.0203,0.14997,-2.427,-3.8781,1.9129,-11.233,23.72,8.8037,0,0,0,6.8397,6.7557,6.8891,6.8629,128.76,6.3407,71.033,670.79,-345.87,-417.9
8.95,3.8679,-6.1516,1.8304,0.1546,0.098244,-0.43645,-0.88089,-18.736,-5.7828,0.24149,-2.3861,-4.0338,1.9586,-9.912,23.765,9.4917,0,0,0,6.8402,6.7585,6.8887,6.8643,135.36,2.7566,66.426,648.13,-370.42,-502.78
8.96,3.6801,-6.2082,1.8333,0.14427,0.079515,-0.42882,-0.88824,-18.828,-5.5451,0.33964,-2.3353,-4.1873,2.0036,-8.5265,23.774,10.129,0,0,0,6.8397,6.7596,6.887,6.864,141.7,-1.0562,60.996,616.86,-391.5,-582.26
8.97,3.4914,-6.2625,1.8372,0.13385,0.059935,-0.42133,-0.89497,-18.906,-5.3075,0.44388,-2.276,-4.3382,2.0478,-7.0793,23.744,10.709,0,0,0,6.8379,6.7591,6.8839,6.8617,147.67,-5.0595,54.804,576.39,-408.42,-654.93
8.98,3.302,-6.3144,1.8422,0.12337,0.03953,-0.414,-0.90101,-18.969,-5.0704,0.5536,-2.2094,-4.4857,2.0909,-5.5746,23.672,11.223,0,0,0,6.835,6.7573,6.8793,6.857,153.19,-9.2086,47.925,526.14,-420.54,-719.41
8.99,3.1121,-6.3639,1.8483,0.11285,0.018329,-0.40682,-0.90633,-19.017,-4.8342,0.66811,-2.1366,-4.6284,2.1323,-4.0173,23.559,11.666,0,0,0,6.831,6.7548,6.8732,6.8499,158.16,-13.452,40.447,465.62,-427.23,-774.36
9,2.9217,-6.4111,1.8556,0.10229,-0.0036257,-0.3998,-0.91087,-19.049,-4.5993,0.78666,-2.0582,-4.7647,2.1715,-2.4135,23.403,12.031,0,0,0,6.8262,6.7521,6.8659,6.8406,162.47,-17.735,32.47,395.46,-428.48,-819.44
9.01,2.7311,-6.4559,1.8641,0.091735,-0.026281,-0.39295,-0.91459,-19.065,-4.3663,0.90845,-1.9749,-4.8923,2.2075,-0.77032,23.204,12.314,0,0,0,6.8208,6.7497,6.8576,6.8295,166.04,-22.005,24.09,317.12,-424.72,-855.01
9.02,2.5405,-6.4984,1.8738,0.081193,-0.049572,-0.38627,-0.91747,-19.065,-4.1354,1.0326,-1.887,-5.0092,2.2397,0.90456,22.963,12.511,0,0,0,6.8153,6.7482,6.8488,6.817,168.79,-26.214,15.401,232.04,-416.34,-881.4
9.03,2.3499,-6.5386,1.8847,0.07069,-0.07342,-0.37975,-0.91946,-19.047,-3.9071,1.1584,-1.7948,-5.1134,2.2674,2.6026,22.68,12.621,0,0,0,6.8101,6.7481,6.84,6.804,170.66,-30.318,6.4916,141.66,-403.78,-898.98
9.04,2.1596,-6.5766,1.8969,0.060247,-0.097735,-0.3734,-0.92054,-19.013,-3.6819,1.2848,-1.6985,-5.203,2.29,4.3148,22.357,12.641,0,0,0,6.8057,6.7498,6.8317,6.7909,171.61,-34.277,-2.5506,47.446,-387.45,-908.09
9.05,1.9697,-6.6123,1.9104,0.049887,-0.12242,-0.36722,-0.92069,-18.961,-3.4601,1.4109,-1.5982,-5.2763,2.3067,6.0317,21.996,12.57,0,0,0,6.8025,6.7535,6.8243,6.7784,171.61,-38.056,-11.643,-49.159,-367.77,-909.1
9.06,1.7804,-6.6458,1.9252,0.039629,-0.14736,-0.36122,-0.91991,-18.892,-3.2421,1.5359,-1.4941,-5.3321,2.3173,7.7436,21.597,12.408,0,0,0,6.8007,6.7594,6.8181,6.767,170.63,-41.623,-20.707,-146.7,-345.16,-902.34
9.07,1.5919,-6.6771,1.9411,0.029492,-0.17244,-0.35542,-0.91819,-18.806,-3.0283,1.6587,-1.3864,-5.3696,2.3214,9.4409,21.164,12.156,0,0,0,6.8006,6.7675,6.8134,6.7572,168.67,-44.951,-29.665,-243.73,-320.03,-888.19
9.08,1.4044,-6.7064,1.9583,0.019488,-0.19754,-0.34984,-0.91554,-18.703,-2.819,1.7787,-1.2753,-5.3885,2.3187,11.114,20.699,11.815,0,0,0,6.8023,6.7776,6.8103,6.7494,165.76,-48.016,-38.447,-338.8,-292.8,-866.98
9.09,1.2179,-6.7335,1.9767,0.009627,-0.22256,-0.34448,-0.91198,-18.584,-2.6144,1.8948,-1.1611,-5.3891,2.3095,12.753,20.204,11.388,0,0,0,6.8058,6.7894,6.8089,6.7436,161.91,-50.801,-46.983,-430.46,-263.9,-839.07
9.1,1.0327,-6.7587,1.9962,8.9597e-05,0.24736,0.33939,0.90754,-18.448,-2.415,2.0062,-1.0441,-5.3723,2.2938,14.349,19.684,10.877,0,0,0,6.8108,6.8023,6.809,6.74,157.17,-53.29,-55.207,-517.26,-233.73,-804.82
9.11,0.84899,-6.7818,2.0168,0.0096655,0.27185,0.3346,0.90225,-18.297,-2.2208,2.112,-0.92464,-5.3392,2.2719,15.894,19.14,10.285,0,0,0,6.817,6.8158,6.8103,6.7384,151.58,-55.473,-63.059,-597.74,-202.73,-764.58
9.12,0.66684,-6.8031,2.0384,0.019113,0.29591,0.33014,0.89615,-18.131,-2.0322,2.2116,-0.80309,-5.2915,2.2445,17.378,18.575,9.6168,0,0,0,6.824,6.8291,6.8126,6.7385,145.24,-57.343,-70.48,-670.45,-171.3,-718.7
9.13,0.48643,-6.8225,2.061,0.028451,0.31948,0.32605,0.88928,-17.95,-1.8494,2.3041,-0.67988,-5.2312,2.2121,18.796,17.994,8.8769,0,0,0,6.8313,6.8417,6.8155,6.74,138.21,-58.899,-77.416,-733.95,-139.86,-667.54
9.14,0.30789,-6.8401,2.0845,0.037709,0.34245,0.32239,0.88169,-17.755,-1.6724,2.3889,-0.55546,-5.1603,2.1756,20.14,17.398,8.0703,0,0,0,6.8384,6.8527,6.8186,6.7424,130.59,-60.142,-83.814,-786.79,-108.84,-611.45
9.15,0.13137,-6.856,2.1087,0.046923,0.36477,0.31919,0.87342,-17.547,-1.5014,2.4653,-0.43031,-5.0809,2.1359,21.406,16.792,7.2026,0,0,0,6.8446,6.8617,6.8215,6.7453,122.51,-61.078,-89.629,-827.5,-78.649,-550.78
9.16,-0.043011,-6.8701,2.1337,0.056138,0.38638,0.31652,0.86451,-17.327,-1.3366,2.5328,-0.30496,-4.9949,2.094,22.589,16.178,6.2798,0,0,0,6.8496,6.868,6.8241,6.7481,114.09,-61.719,-94.816,-855.15,-49.628,-485.95
9.17,-0.21513,-6.8827,2.1594,0.065409,0.40723,0.31443,0.855,-17.096,-1.1779,2.5908,-0.17985,-4.9037,2.0506,23.687,15.559,5.3085,0,0,0,6.853,6.8719,6.8259,6.7502,105.45,-62.075,-99.337,-870.37,-21.859,-417.61
9.18,-0.38489,-6.8937,2.1855,0.074795,0.42726,0.31298,0.84492,-16.854,-1.0254,2.6388,-0.05528,-4.808,2.0067,24.698,14.937,4.2954,0,0,0,6.8547,6.8732,6.8268,6.7512,96.718,-62.16,-103.16,-874.14,4.6306,-346.46
9.19,-0.55218,-6.9032,2.2121,0.084367,0.44644,0.31224,0.83431,-16.602,-0.87916,2.6766,0.068578,-4.7081,1.9626,25.622,14.316,3.2477,0,0,0,6.8545,6.8723,6.8266,6.7506,88.001,-61.987,-106.26,-867.46,29.812,-273.19
9.2,-0.7169,-6.9113,2.239,0.0942,0.46472,0.31228,0.82319,-16.342,-0.73909,2.7037,0.19165,-4.6035,1.9187,26.459,13.698,2.1727,0,0,0,6.8526,6.8694,6.8252,6.7482,79.4,-61.568,-108.62,-851.3,53.657,-198.48
9.21,-0.87898,-6.918,2.2662,0.10438,0.48203,0.31318,0.81158,-16.073,-0.60517,2.7199,0.31394,-4.4932,1.8752,27.21,13.086,1.0779,0,0,0,6.8492,6.8649,6.8229,6.7441,71.004,-60.918,-110.23,-826.65,76.137,-123.04
9.22,-1.0383,-6.9235,2.2934,0.11501,0.49832,0.31505,0.7995,-15.798,-0.47735,2.7252,0.43544,-4.3761,1.8321,27.88,12.481,-0.029297,0,0,0,6.8444,6.8592,6.8196,6.7382,62.892,-60.05,-111.08,-794.48,97.225,-47.565
9.23,-1.1949,-6.9276,2.3206,0.12618,0.51349,0.31799,0.78695,-15.516,-0.35553,2.7193,0.55616,-4.2506,1.7894,28.469,11.885,-1.1412,0,0,0,6.8388,6.8525,6.8158,6.7309,55.136,-58.978,-111.18,-755.77,116.89,27.264
9.24,-1.3486,-6.9306,2.3477,0.13802,0.52746,0.32214,0.77393,-15.229,-0.2396,2.7024,0.67602,-4.1151,1.747,28.984,11.302,-2.2504,0,0,0,6.8327,6.8453,6.8115,6.7222,47.795,-57.717,-110.54,-711.52,135.11,100.75
9.25,-1.4995,-6.9324,2.3746,0.15067,0.54009,0.32765,0.76043,-14.936,-0.12945,2.6744,0.79486,-3.9679,1.7045,29.427,10.732,-3.3495,0,0,0,6.8265,6.838,6.807,6.7126,40.921,-56.281,-109.17,-662.7,151.85,172.19
9.26,-1.6474,-6.9332,2.4012,0.16426,0.55124,0.33468,0.74642,-14.64,-0.02492,2.6354,0.9123,-3.8073,1.6617,29.804,10.177,-4.4315,0,0,0,6.8207,6.8308,6.8026,6.7024,34.553,-54.685,-107.1,-610.29,167.08,240.91
9.27,-1.7923,-6.9329,2.4273,0.17895,0.56074,0.34342,0.73185,-14.341,0.074141,2.5858,1.0277,-3.6315,1.6182,30.12,9.6384,-5.4894,0,0,0,6.8157,6.8239,6.7985,6.6918,28.724,-52.945,-104.36,-555.27,180.78,306.2
9.28,-1.9342,-6.9317,2.4529,0.19491,0.56837,0.35408,0.71665,-14.038,0.16791,2.5258,1.1401,-3.4394,1.5738,30.38,9.1182,-6.5167,0,0,0,6.8119,6.8176,6.7948,6.6814,23.453,-51.075,-100.99,-498.64,192.91,367.37
9.29,-2.073,-6.9296,2.4778,0.2123,0.57389,0.36684,0.70072,-13.733,0.25657,2.4556,1.2478,-3.2297,1.528,30.591,8.6173,-7.5073,0,0,0,6.8096,6.812,6.7916,6.6715,18.753,-49.092,-97.033,-441.36,203.46,423.73
9.3,-2.2088,-6.9266,2.5019,0.23125,0.577,0.38191,0.68391,-13.426,0.34032,2.3758,1.3486,-3.0022,1.4805,30.757,8.1367,-8.4555,0,0,0,6.8091,6.8069,6.7889,6.6624,14.625,-47.011,-92.537,-384.42,212.38,474.59
9.31,-2.3415,-6.9228,2.5253,0.25186,0.57741,0.39941,0.66606,-13.118,0.41937,2.2866,1.4395,-2.757,1.4309,30.885,7.6773,-9.3564,0,0,0,6.8106,6.8024,6.7866,6.6543,11.06,-44.85,-87.562,-328.8,219.66,519.25
9.32,-2.4712,-6.9182,2.5477,0.27415,0.57477,0.41941,0.64697,-12.809,0.49394,2.1888,1.5164,-2.4957,1.3792,30.98,7.2399,-10.205,0,0,0,6.814,6.7984,6.7846,6.6477,8.0411,-42.624,-82.175,-275.49,225.26,557.01
9.33,-2.5977,-6.9129,2.569,0.29801,0.5688,0.44181,0.62646,-12.499,0.56425,2.0827,1.5745,-2.2215,1.325,31.048,6.825,-10.999,0,0,0,6.8192,6.7948,6.7827,6.6429,5.5396,-40.35,-76.447,-225.46,229.16,587.19
9.34,-2.7211,-6.907,2.5893,0.32314,0.5593,0.46633,0.60439,-12.188,0.63052,1.969,1.6087,-1.9394,1.2683,31.092,6.433,-11.733,0,0,0,6.8259,6.7915,6.7806,6.6399,3.5186,-38.046,-70.457,-179.42,231.36,609.43
9.35,-2.8415,-6.9003,2.6084,0.34908,0.54623,0.49246,0.58075,-11.877,0.69298,1.8483,1.6137,-1.6566,1.2092,31.119,6.0641,-12.407,0,0,0,6.8338,6.7885,6.7784,6.6389,1.9379,-35.728,-64.283,-137.38,231.93,624.18
9.36,-2.9587,-6.8931,2.6262,0.37517,0.52979,0.51943,0.55566,-11.566,0.75188,1.7211,1.5859,-1.3824,1.1478,31.133,5.7184,-13.019,0,0,0,6.8422,6.7857,6.7758,6.6399,0.75791,-33.413,-57.997,-99.261,230.98,632.02
9.37,-3.0728,-6.8853,2.6428,0.40065,0.51048,0.54635,0.52952,-11.254,0.80743,1.5881,1.5236,-1.1269,1.0844,31.136,5.3958,-13.567,0,0,0,6.8506,6.7833,6.7729,6.6427,-0.060091,-31.114,-51.664,-64.971,228.58,633.53
9.38,-3.1838,-6.877,2.658,0.42476,0.48908,0.57227,0.50289,-10.943,0.85987,1.4499,1.4284,-0.89979,1.0195,31.132,5.096,-14.052,0,0,0,6.8584,6.7813,6.7698,6.647,-0.55397,-28.845,-45.345,-34.422,224.84,629.3
9.39,-3.2916,-6.8681,2.6718,0.44686,0.46653,0.59636,0.47646,-10.632,0.90942,1.3073,1.3054,-0.70873,0.95347,31.126,4.8187,-14.474,0,0,0,6.8652,6.7798,6.7666,6.6527,-0.7607,-26.621,-39.095,-7.526,219.84,619.9
9.4,-3.3964,-6.8588,2.6841,0.46659,0.4438,0.61804,0.45096,-10.32,0.95632,1.1607,1.1614,-0.55776,0.88686,31.118,4.5634,-14.834,0,0,0,6.8707,6.779,6.7637,6.6593,-0.71638,-24.453,-32.963,15.804,213.67,605.91
9.41,-3.498,-6.849,2.695,0.48382,0.42173,0.63699,0.42698,-10.009,1.0008,1.0108,1.0045,-0.44718,0.82027,31.112,4.3295,-15.134,0,0,0,6.8747,6.7788,6.7612,6.6666,-0.45622,-22.351,-26.99,35.655,206.42,587.92
9.42,-3.5966,-6.8388,2.7043,0.49864,0.40095,0.65314,0.40497,-9.6981,1.043,0.85819,0.84191,-0.37415,0.7543,31.11,4.1161,-15.375,0,0,0,6.8773,6.7792,6.7594,6.6744,-0.014582,-20.327,-21.216,52.116,198.19,566.5
9.43,-3.692,-6.8282,2.7121,0.5113,0.38186,0.66663,0.38517,-9.387,1.0832,0.70347,0.6797,-0.33375,0.68954,31.112,3.9226,-15.559,0,0,0,6.8785,6.78,6.7585,6.6826,0.57508,-18.39,-15.67,65.273,189.07,542.24
9.44,-3.7843,-6.8171,2.7184,0.52213,0.36463,0.67769,0.36764,-9.0758,1.1215,0.54718,0.52226,-0.32018,0.6266,31.121,3.748,-15.689,0,0,0,6.8785,6.7814,6.7585,6.6911,1.2802,-16.549,-10.378,75.216,179.15,515.72
9.45,-3.8735,-6.8057,2.7231,0.53146,0.34928,0.6866,0.35233,-8.7645,1.1582,0.38986,0.37253,-0.32758,0.56604,31.138,3.5913,-15.768,0,0,0,6.8777,6.7831,6.7596,6.6999,2.069,-14.81,-5.3611,82.031,168.51,487.51
9.46,-3.9596,-6.794,2.7262,0.53962,0.33569,0.69365,0.33908,-8.453,1.1934,0.232,0.23229,-0.35062,0.50838,31.163,3.4515,-15.797,0,0,0,6.8763,6.7853,6.7618,6.7092,2.9107,-13.181,-0.63179,85.807,157.25,458.21
9.47,-4.0426,-6.7819,2.7277,0.54687,0.3237,0.69911,0.32772,-8.1412,1.2273,0.074066,0.10247,-0.38476,0.45409,31.196,3.3273,-15.781,0,0,0,6.8745,6.788,6.7652,6.7189,3.7753,-11.667,3.8013,86.63,145.47,428.38
9.48,-4.1224,-6.7694,2.7277,0.55345,0.31311,0.70322,0.31802,-7.829,1.26,-0.083486,-0.016552,-0.42631,0.40355,31.238,3.2177,-15.722,0,0,0,6.8727,6.7912,6.7696,6.7292,4.6337,-10.273,7.9359,84.589,133.24,398.61
9.49,-4.1992,-6.7567,2.726,0.55955,0.30372,0.70619,0.30977,-7.5164,1.2917,-0.24025,-0.12476,-0.47241,0.35708,31.289,3.1215,-15.623,0,0,0,6.8711,6.7949,6.7752,6.74,5.4578,-9.0029,11.776,79.771,120.67,369.48
9.5,-4.2728,-6.7436,2.7229,0.56532,0.29532,0.7082,0.30275,-7.2032,1.3224,-0.39583,-0.22237,-0.52093,0.31494,31.347,3.0372,-15.488,0,0,0,6.8699,6.7991,6.7817,6.7514,6.2202,-7.8601,15.33,72.263,107.84,341.56
9.51,-4.3432,-6.7302,2.7181,0.57088,0.28773,0.70939,0.29677,-6.8894,1.3524,-0.54989,-0.3098,-0.57042,0.27726,31.413,2.9638,-15.318,0,0,0,6.8692,6.8039,6.7893,6.7634,6.8944,-6.8466,18.613,62.155,94.847,315.45
9.52,-4.4105,-6.7166,2.7119,0.57631,0.28078,0.70991,0.29164,-6.575,1.3817,-0.70208,-0.38758,-0.61997,0.24412,31.485,2.8999,-15.116,0,0,0,6.8693,6.8091,6.7976,6.7758,7.4549,-5.9634,21.647,49.533,81.778,291.73
9.53,-4.4747,-6.7026,2.7041,0.58171,0.27431,0.70984,0.28721,-6.2597,1.4105,-0.85211,-0.45635,-0.66914,0.21553,31.562,2.8441,-14.886,0,0,0,6.8701,6.8146,6.8067,6.7885,7.8769,-5.211,24.457,34.485,68.726,270.96
9.54,-4.5357,-6.6884,2.6948,0.5871,0.26821,0.70929,0.28334,-5.9437,1.4387,-0.9997,-0.51693,-0.71789,0.19141,31.642,2.7952,-14.628,0,0,0,6.8718,6.8203,6.8161,6.8014,8.1368,-4.5886,27.077,17.127,55.787,253.66
9.55,-4.5936,-6.6738,2.6841,0.59255,0.26238,0.70831,0.27989,-5.6269,1.4664,-1.1446,-0.57011,-0.76644,0.1716,31.724,2.7519,-14.345,0,0,0,6.874,6.8261,6.8257,6.8142,8.2136,-4.0942,29.54,-1.9784,43.151,239.2
9.56,-4.6483,-6.659,2.6719,0.59808,0.25672,0.70696,0.27677,-5.3092,1.4937,-1.2865,-0.6165,-0.81489,0.15588,31.806,2.7129,-14.037,0,0,0,6.8766,6.8319,6.8351,6.8265,8.0945,-3.7237,31.866,-21.92,31.077,226.06
9.57,-4.6998,-6.644,2.6584,0.60372,0.25117,0.70528,0.27388,-4.9908,1.5207,-1.4253,-0.65645,-0.86314,0.14393,31.885,2.6771,-13.708,0,0,0,6.8792,6.8377,6.8441,6.8381,7.7755,-3.4699,34.06,-41.776,19.829,212.67
9.58,-4.7481,-6.6286,2.6434,0.60948,0.24568,0.70332,0.27114,-4.6715,1.5473,-1.5606,-0.69004,-0.91077,0.13536,31.96,2.6432,-13.357,0,0,0,6.8815,6.8433,6.8523,6.8486,7.2623,-3.3235,36.113,-60.624,9.6689,197.51
9.59,-4.7932,-6.613,2.6272,0.61538,0.2402,0.70109,0.26848,-4.3516,1.5735,-1.6923,-0.71712,-0.95708,0.12971,32.03,2.6103,-12.986,0,0,0,6.8831,6.8488,6.8594,6.8576,6.5695,-3.272,37.999,-77.545,0.85923,179
9.6,-4.8351,-6.5971,2.6096,0.62141,0.2347,0.69864,0.26583,-4.031,1.5995,-1.8203,-0.73731,-1.0009,0.12648,32.091,2.5775,-12.597,0,0,0,6.8837,6.8541,6.8653,6.8649,5.7209,-3.3009,39.677,-91.616,-6.3372,155.62
9.61,-4.8738,-6.581,2.5908,0.62757,0.22915,0.69599,0.26315,-3.7098,1.6251,-1.9442,-0.74999,-1.0408,0.12511,32.144,2.544,-12.193,0,0,0,6.8831,6.8593,6.8698,6.8704,4.7497,-3.3925,41.09,-101.92,-11.658,125.8
9.62,-4.9093,-6.5646,2.5707,0.63384,0.22354,0.69317,0.26037,-3.3881,1.6503,-2.0641,-0.75436,-1.0747,0.125,32.186,2.5095,-11.777,0,0,0,6.881,6.8645,6.8729,6.8737,3.698,-3.527,42.167,-107.62,-14.861,88.336
9.63,-4.9416,-6.548,2.5495,0.64019,0.21786,0.69023,0.25746,-3.0661,1.6752,-2.1797,-0.74974,-1.1004,0.12554,32.218,2.4734,-11.351,0,0,0,6.8777,6.8696,6.8746,6.875,2.6126,-3.6825,42.837,-108.74,-15.883,44.828
9.64,-4.9706,-6.5311,2.5272,0.64658,0.21213,0.68719,0.25438,-2.7438,1.6998,-2.2911,-0.736,-1.1162,0.12614,32.238,2.4358,-10.921,0,0,0,6.8735,6.8743,6.8749,6.8743,1.5371,-3.8374,43.054,-105.69,-14.744,-1.7363
9.65,-4.9964,-6.514,2.5037,0.65296,0.20634,0.68412,0.2511,-2.4214,1.724,-2.3982,-0.7137,-1.121,0.12623,32.248,2.3968,-10.492,0,0,0,6.8687,6.8784,6.8741,6.8718,0.51118,-3.9702,42.802,-98.893,-11.468,-48.359
9.66,-5.019,-6.4967,2.4792,0.65928,0.20053,0.68104,0.24763,-2.0989,1.7477,-2.5009,-0.68399,-1.1144,0.12525,32.249,2.3566,-10.067,0,0,0,6.8638,6.8818,6.8721,6.8677,-0.42969,-4.0597,42.096,-88.759,-6.077,-92.043
9.67,-5.0384,-6.4791,2.4537,0.66549,0.19473,0.678,0.24397,-1.7764,1.7711,-2.5995,-0.64863,-1.0965,0.12268,32.24,2.3158,-9.6513,0,0,0,6.8593,6.8843,6.8693,6.8623,-1.2543,-4.0848,40.981,-75.711,1.4057,-129.79
9.68,-5.0546,-6.4612,2.4272,0.67154,0.18895,0.67503,0.24014,-1.4541,1.794,-2.694,-0.60988,-1.0686,0.11798,32.224,2.2751,-9.2485,0,0,0,6.8556,6.8859,6.8657,6.8557,-1.9356,-4.0247,39.53,-60.167,10.958,-158.6
9.69,-5.0675,-6.4432,2.3998,0.67739,0.18324,0.67215,0.23617,-1.132,1.8166,-2.7845,-0.57049,-1.0323,0.11066,32.202,2.2356,-8.8614,0,0,0,6.8532,6.8865,6.8614,6.8484,-2.4507,-3.8588,37.848,-42.546,22.555,-175.49
9.7,-5.0772,-6.4249,2.3716,0.68301,0.17761,0.66939,0.2321,-0.81007,1.8388,-2.8713,-0.53349,-0.99059,0.10023,32.176,2.1984,-8.4918,0,0,0,6.8526,6.886,6.8566,6.8408,-2.7818,-3.5677,36.066,-23.542,35.884,-178.87
9.71,-5.0837,-6.4064,2.3424,0.68837,0.17209,0.66675,0.22799,-0.48846,1.8606,-2.9544,-0.50147,-0.9462,0.086407,32.147,2.1647,-8.14,0,0,0,6.8534,6.8848,6.8519,6.8335,-2.9217,-3.1391,34.309,-4.576,49.847,-170.97
9.72,-5.087,-6.3877,2.3125,0.69348,0.16667,0.66422,0.22387,-0.16713,1.8821,-3.0342,-0.47612,-0.90173,0.069234,32.118,2.1361,-7.8052,0,0,0,6.8554,6.8832,6.8476,6.8272,-2.8785,-2.5727,32.675,12.809,63.224,-154.63
9.73,-5.0871,-6.3688,2.2818,0.69834,0.16136,0.6618,0.21979,0.15391,1.9033,-3.1106,-0.45823,-0.85934,0.049076,32.09,2.1137,-7.4859,0,0,0,6.8584,6.8815,6.8443,6.8226,-2.6759,-1.8806,31.235,27.072,74.79,-132.7
9.74,-5.0839,-6.3496,2.2503,0.70297,0.15613,0.65946,0.21579,0.47468,1.9244,-3.1839,-0.44773,-0.82071,0.026613,32.065,2.0988,-7.1798,0,0,0,6.862,6.8799,6.8424,6.8202,-2.3527,-1.087,30.03,36.67,83.325,-108.02
9.75,-5.0776,-6.3303,2.2181,0.7074,0.15098,0.65719,0.21188,0.79522,1.9453,-3.2542,-0.44376,-0.78704,0.0028294,32.043,2.0922,-6.8844,0,0,0,6.8658,6.8788,6.8423,6.8206,-1.9632,-0.22831,29.074,40.061,87.604,-83.437
9.76,-5.068,-6.3107,2.1852,0.71165,0.14588,0.65496,0.20808,1.1156,1.9662,-3.3216,-0.44471,-0.75899,-0.020998,32.026,2.0943,-6.5975,0,0,0,6.8695,6.8782,6.8443,6.824,-1.5773,0.64681,28.351,35.705,86.405,-61.788
9.77,-5.0553,-6.291,2.1517,0.71575,0.14084,0.65276,0.20439,1.4357,1.9872,-3.3862,-0.4483,-0.73664,-0.043326,32.011,2.105,-6.3168,0,0,0,6.8724,6.8781,6.8484,6.8305,-1.2798,1.4777,27.819,22.231,78.645,-45.75
9.78,-5.0393,-6.271,2.1175,0.71971,0.13583,0.65057,0.20081,1.7558,2.0084,-3.448,-0.45204,-0.71966,-0.062599,31.999,2.1235,-6.0407,0,0,0,6.8745,6.8783,6.8542,6.8396,-1.1596,2.2006,27.417,0.69784,65.181,-35.602
9.79,-5.0201,-6.2508,2.0827,0.72357,0.13088,0.64837,0.19733,2.0757,2.0297,-3.507,-0.45406,-0.70758,-0.077778,31.987,2.1485,-5.7682,0,0,0,6.876,6.879,6.861,6.85,-1.2832,2.7699,27.092,-26.049,48.302,-29.868
9.8,-4.9978,-6.2304,2.0474,0.72732,0.12599,0.64615,0.19394,2.3955,2.0514,-3.5634,-0.45334,-0.69996,-0.088456,31.973,2.1783,-5.4987,0,0,0,6.8772,6.8796,6.8677,6.8604,-1.6883,3.163,26.81,-55.121,30.327,-27.026
9.81,-4.9722,-6.2098,2.0115,0.731,0.12117,0.64391,0.19063,2.7152,2.0733,-3.617,-0.44965,-0.69633,-0.094818,31.953,2.2111,-5.2319,0,0,0,6.878,6.88,6.8735,6.8695,-2.3838,3.3806,26.547,-83.634,13.58,-25.557
9.82,-4.9435,-6.1889,1.975,0.7346,0.11645,0.64163,0.18739,3.0346,2.0956,-3.668,-0.44355,-0.69628,-0.09761,31.924,2.2454,-4.9677,0,0,0,6.8785,6.8798,6.8774,6.8761,-3.3495,3.4464,26.299,-108.7,0.38034,-23.941
9.83,-4.9115,-6.1679,1.9381,0.73814,0.11185,0.6393,0.18422,3.3536,2.1182,-3.7164,-0.43629,-0.6994,-0.098104,31.885,2.2797,-4.7059,0,0,0,6.8787,6.8787,6.8786,6.8791,-4.5367,3.4077,26.074,-127.43,-6.9503,-20.658
9.84,-4.8764,-6.1466,1.9007,0.74163,0.10735,0.63691,0.18112,3.6722,2.1412,-3.7621,-0.42983,-0.70535,-0.098064,31.833,2.3134,-4.4461,0,0,0,6.8788,6.8766,6.8765,6.8775,-5.8674,3.3347,25.897,-136.94,-6.0906,-14.188
9.85,-4.8381,-6.125,1.8629,0.74508,0.10296,0.63446,0.17808,3.9902,2.1645,-3.8053,-0.42675,-0.7138,-0.099691,31.767,2.3466,-4.1876,0,0,0,6.879,6.8735,6.8708,6.8707,-7.2378,3.319,25.805,-135.37,4.5196,-3.3741
9.86,-4.7966,-6.1033,1.8246,0.74851,0.098643,0.63193,0.17512,4.3075,2.1881,-3.8459,-0.42965,-0.72456,-0.10514,31.688,2.3803,-3.9295,0,0,0,6.879,6.8691,6.8617,6.8594,-8.5447,3.4533,25.843,-124.74,23.583,11.577
9.87,-4.7519,-6.0813,1.786,0.75193,0.09436,0.62932,0.17222,4.624,2.2121,-3.8839,-0.44064,-0.73762,-0.11607,31.597,2.4164,-3.6702,0,0,0,6.8787,6.8634,6.8497,6.8444,-9.712,3.8123,26.049,-107.96,49.129,30.137
9.88,-4.7041,-6.059,1.7469,0.75536,0.090054,0.6266,0.1694,4.9394,2.2365,-3.9193,-0.46129,-0.75321,-0.13369,31.495,2.4575,-3.4079,0,0,0,6.878,6.8567,6.8357,6.8269,-10.693,4.4509,26.456,-87.942,79.192,51.781
9.89,-4.6532,-6.0365,1.7076,0.75882,0.085657,0.62377,0.16663,5.2538,2.2613,-3.952,-0.49264,-0.77178,-0.15867,31.384,2.5065,-3.1403,0,0,0,6.8771,6.8491,6.8204,6.808,-11.47,5.4046,27.093,-67.617,111.8,75.982
9.9,-4.5991,-6.0138,1.6679,0.76233,0.081098,0.62081,0.16392,5.5671,2.2866,-3.9821,-0.53518,-0.79401,-0.19124,31.266,2.5667,-2.8652,0,0,0,6.876,6.841,6.8047,6.7889,-12.054,6.6889,27.982,-49.9,144.99,102.21
9.91,-4.5418,-5.9908,1.628,0.76592,0.0763,0.61769,0.16126,5.8791,2.3127,-4.0093,-0.58886,-0.82087,-0.23114,31.143,2.6414,-2.5798,0,0,0,6.8751,6.8325,6.7893,6.7708,-12.486,8.2997,29.142,-37.709,176.78,129.94
9.92,-4.4815,-5.9675,1.5877,0.76961,0.07119,0.61439,0.15863,6.1899,2.3395,-4.0336,-0.65306,-0.85363,-0.27768,31.017,2.7337,-2.2814,0,0,0,6.8743,6.824,6.7751,6.7549,-12.836,10.213,30.584,-33.946,205.22,158.65
9.93,-4.418,-5.944,1.5473,0.77342,0.065702,0.61087,0.15601,6.4995,2.3674,-4.0549,-0.72668,-0.89381,-0.32975,30.887,2.8465,-1.9671,0,0,0,6.8738,6.8157,6.7624,6.742,-13.199,12.389,32.316,-40.136,229.11,187.78
9.94,-4.3515,-5.9202,1.5066,0.77739,0.059778,0.6071,0.1534,6.8077,2.3965,-4.0729,-0.80836,-0.94293,-0.38618,30.752,2.9822,-1.6341,0,0,0,6.8738,6.8078,6.7516,6.7321,-13.67,14.78,34.339,-55.487,248.49,216.71
9.95,-4.2819,-5.8961,1.4658,0.78153,0.053372,0.60302,0.15077,7.1145,2.4271,-4.0875,-0.89668,-1.0023,-0.44581,30.612,3.1427,-1.2794,0,0,0,6.8744,6.8006,6.7426,6.7254,-14.336,17.344,36.648,-78.982,263.53,244.85
9.96,-4.2092,-5.8716,1.4249,0.78587,0.046452,0.59859,0.14813,7.4199,2.4595,-4.0984,-0.99015,-1.0732,-0.50761,30.465,3.3295,-0.90023,0,0,0,6.8756,6.7942,6.7354,6.7217,-15.273,20.037,39.232,-109.6,274.43,271.57
9.97,-4.1335,-5.8469,1.3839,0.79044,0.038996,0.59373,0.14546,7.7237,2.4938,-4.1054,-1.0872,-1.1564,-0.57057,30.306,3.5437,-0.49392,0,0,0,6.8773,6.7885,6.7299,6.7209,-16.548,22.819,42.073,-146.34,281.34,296.27
9.98,-4.0547,-5.8218,1.3428,0.79526,0.030999,0.5884,0.14276,8.0259,2.5304,-4.1082,-1.1864,-1.2526,-0.63384,30.132,3.7861,-0.057994,0,0,0,6.8793,6.7837,6.7259,6.7224,-18.217,25.652,45.148,-188.16,284.46,318.34
9.99,-3.973,-5.7963,1.3017,0.80034,0.022468,0.58253,0.14004,8.3263,2.5696,-4.1064,-1.286,-1.3624,-0.69664,29.94,4.0568,0.40973,0,0,0,6.8815,6.7795,6.723,6.7261,-20.325,28.496,48.429,-234.07,283.95,337.16
10,-3.8882,-5.7704,1.2607,0.8057,0.013422,0.57603,0.13731,8.6247,2.6117,-4.0999,-1.3848,-1.4858,-0.75831,29.724,4.3559,0.91115,0,0,0,6.8836,6.7759,6.721,6.7314,-22.908,31.319,51.879,-283.03,279.98,352.12
10.01,-3.8005,-5.744,1.2198,0.81134,0.0038963,0.56885,0.13459,8.9207,2.6568,-4.0881,-1.4812,-1.6227,-0.81831,29.48,4.683,1.4477,0,0,0,6.8854,6.7728,6.7196,6.738,-25.992,34.085,55.456,-334.04,272.75,362.6
10.02,-3.7098,-5.7172,1.179,0.81728,-0.0060657,0.56092,0.13189,9.2142,2.7054,-4.0708,-1.574,-1.7726,-0.87619,29.203,5.0373,2.0205,0,0,0,6.8867,6.7701,6.7186,6.7455,-29.592,36.764,59.114,-386.07,262.41,368.01
10.03,-3.6162,-5.6899,1.1384,0.82349,-0.016409,0.55216,0.12926,9.5046,2.7577,-4.0476,-1.6621,-1.9348,-0.93163,28.887,5.4179,2.6301,0,0,0,6.8874,6.7678,6.7178,6.7534,-33.714,39.324,62.797,-438.12,249.16,367.72
10.04,-3.5197,-5.662,1.098,0.82999,-0.02707,0.54252,0.12673,9.7918,2.8138,-4.0181,-1.7444,-2.108,-0.98435,28.527,5.8233,3.2764,0,0,0,6.8873,6.7657,6.7171,6.7615,-38.351,41.738,66.447,-489.15,233.16,361.13
10.05,-3.4204,-5.6336,1.058,0.83674,-0.03798,0.53195,0.12433,10.075,2.8742,-3.9819,-1.8202,-2.2907,-1.0342,28.118,6.252,3.9587,0,0,0,6.8862,6.7639,6.7164,6.7695,-43.49,43.978,69.997,-538.17,214.58,347.62
10.06,-3.3182,-5.6045,1.0184,0.84372,-0.049066,0.52039,0.12213,10.354,2.939,-3.9388,-1.8887,-2.4812,-1.0809,27.655,6.7022,4.6757,0,0,0,6.8843,6.7626,6.7159,6.7772,-49.105,46.021,73.374,-584.15,193.62,326.58
10.07,-3.2133,-5.5748,0.97927,0.85092,-0.060256,0.50781,0.12016,10.628,3.0083,-3.8883,-1.9497,-2.677,-1.1246,27.134,7.1717,5.4254,0,0,0,6.8814,6.7617,6.7155,6.7845,-55.159,47.843,76.501,-626.06,170.44,297.4
10.08,-3.1057,-5.5444,0.94067,0.85827,-0.071477,0.49419,0.11848,10.896,3.0825,-3.8302,-2.003,-2.8755,-1.165,26.551,7.6583,6.2046,0,0,0,6.8776,6.7615,6.7156,6.7915,-61.609,49.423,79.293,-662.91,145.21,259.47
10.09,-2.9954,-5.5131,0.9027,0.86575,-0.082661,0.47951,0.11712,11.159,3.1615,-3.7641,-2.0486,-3.0738,-1.2022,25.901,8.1593,7.0098,0,0,0,6.8732,6.7622,6.7165,6.798,-68.397,50.741,81.66,-693.67,118.12,212.18
10.1,-2.8826,-5.4811,0.86542,0.87329,-0.093745,0.46377,0.11614,11.414,3.2457,-3.6899,-2.0867,-3.2686,-1.2361,25.182,8.6722,7.8361,0,0,0,6.8682,6.764,6.7184,6.8042,-75.459,51.78,83.504,-717.47,89.36,155.17
10.11,-2.7672,-5.4482,0.82893,0.88084,-0.10468,0.44701,0.11555,11.662,3.335,-3.6074,-2.118,-3.4565,-1.2667,24.391,9.1939,8.6778,0,0,0,6.8631,6.767,6.7216,6.8102,-82.723,52.524,84.734,-734.2,59.221,89.484
10.12,-2.6493,-5.4144,0.7933,0.88832,-0.11541,0.42925,0.11541,11.902,3.4296,-3.5163,-2.1432,-3.6349,-1.294,23.527,9.7216,9.5285,0,0,0,6.8584,6.7713,6.726,6.8162,-90.12,52.961,85.27,-743.99,28.027,16.55
10.13,-2.5292,-5.3796,0.75863,0.89566,-0.12591,0.41055,0.11571,12.132,3.5294,-3.4168,-2.1634,-3.8015,-1.3182,22.589,10.252,10.381,0,0,0,6.8543,6.7768,6.7318,6.8222,-97.58,53.082,85.046,-746.97,-3.9003,-62.183
10.14,-2.4067,-5.3438,0.72499,0.9028,-0.13615,0.39095,0.11648,12.353,3.6346,-3.3087,-2.1798,-3.9545,-1.3395,21.576,10.782,11.227,0,0,0,6.8513,6.7836,6.7389,6.8284,-105.04,52.882,84.012,-743.26,-36.238,-145.27
10.15,-2.2821,-5.3069,0.69248,0.90967,-0.14613,0.37054,0.11773,12.564,3.7451,-3.1923,-2.1936,-4.093,-1.3581,20.488,11.309,12.058,0,0,0,6.8496,6.7914,6.7471,6.8348,-112.42,52.357,82.131,-732.99,-68.662,-231.27
10.16,-2.1555,-5.2689,0.66117,0.91618,-0.15583,0.34937,0.11944,12.763,3.8608,-3.0676,-2.2062,-4.2163,-1.3744,19.328,11.828,12.866,0,0,0,6.8491,6.8001,6.7562,6.8413,-119.68,51.509,79.381,-716.29,-100.85,-318.73
10.17,-2.0269,-5.2297,0.63115,0.92229,-0.16527,0.32753,0.12162,12.95,3.9816,-2.9351,-2.2188,-4.3246,-1.3887,18.095,12.338,13.643,0,0,0,6.85,6.8094,6.7659,6.848,-126.73,50.342,75.756,-693.29,-132.48,-406.22
10.18,-1.8965,-5.1892,0.6025,0.92793,-0.17445,0.30509,0.12426,13.124,4.1075,-2.7949,-2.2327,-4.4182,-1.4013,16.794,12.834,14.379,0,0,0,6.8521,6.819,6.7759,6.8547,-133.52,48.862,71.262,-664.1,-163.23,-492.28
10.19,-1.7645,-5.1475,0.57528,0.93304,-0.1834,0.28213,0.12733,13.286,4.2382,-2.6477,-2.249,-4.4983,-1.4126,15.426,13.314,15.065,0,0,0,6.8551,6.8284,6.7857,6.861,-139.99,47.081,65.92,-628.86,-192.78,-575.47
10.2,-1.6309,-5.1044,0.54957,0.93757,-0.19214,0.2587,0.13083,13.433,4.3737,-2.4938,-2.2687,-4.5659,-1.4231,13.995,13.775,15.694,0,0,0,6.8587,6.8372,6.7949,6.8669,-146.08,45.012,59.767,-587.7,-220.8,-654.36
10.21,-1.4959,-5.06,0.52542,0.94149,-0.2007,0.23489,0.13473,13.565,4.5137,-2.334,-2.2925,-4.6223,-1.4329,12.506,14.213,16.258,0,0,0,6.8625,6.8451,6.803,6.8719,-151.72,42.671,52.852,-540.74,-246.97,-727.48
10.22,-1.3596,-5.0142,0.50291,0.94474,-0.20912,0.21074,0.13903,13.683,4.6579,-2.1689,-2.3213,-4.6691,-1.4424,10.962,14.627,16.749,0,0,0,6.8659,6.8516,6.8096,6.8758,-156.87,40.08,45.241,-488.1,-270.97,-793.4
10.23,-1.2223,-4.9668,0.48206,0.94729,-0.21742,0.18631,0.1437,13.784,4.8061,-1.9993,-2.3554,-4.7074,-1.4518,9.3703,15.014,17.161,0,0,0,6.8685,6.8565,6.8146,6.8784,-161.47,37.26,37.013,-429.92,-292.48,-850.68
10.24,-1.084,-4.918,0.46293,0.94912,-0.22564,0.16165,0.14875,13.87,4.9581,-1.826,-2.3951,-4.7383,-1.4612,7.7351,15.372,17.488,0,0,0,6.8697,6.8594,6.8175,6.8794,-165.45,34.239,28.261,-366.33,-311.17,-897.87
10.25,-0.94491,-4.8677,0.44555,0.95019,-0.23382,0.13681,0.15414,13.939,5.1134,-1.6498,-2.4401,-4.7625,-1.4707,6.0634,15.698,17.725,0,0,0,6.8692,6.8604,6.8185,6.8789,-168.78,31.047,19.094,-297.44,-326.72,-933.52
10.26,-0.80525,-4.8157,0.42994,0.95046,-0.24198,0.11183,0.15988,13.991,5.2719,-1.4718,-2.4901,-4.7802,-1.4801,4.3619,15.992,17.868,0,0,0,6.8666,6.8595,6.8177,6.8769,-171.39,27.717,9.6337,-223.44,-338.83,-956.31
10.27,-0.66514,-4.7622,0.41612,0.94992,-0.25015,0.086767,0.16595,14.026,5.4332,-1.2928,-2.5443,-4.791,-1.4892,2.6382,16.252,17.917,0,0,0,6.8618,6.8569,6.8152,6.8735,-173.23,24.282,0.01056,-145.08,-347.52,-966.24
10.28,-0.52478,-4.7071,0.40409,0.94855,-0.25836,0.061667,0.17235,14.044,5.5969,-1.1138,-2.6017,-4.7942,-1.4976,0.89998,16.478,17.869,0,0,0,6.8548,6.853,6.8116,6.869,-174.28,20.777,-9.651,-63.448,-352.99,-964.12
10.29,-0.38432,-4.6503,0.39384,0.94631,-0.26663,0.036591,0.17907,14.044,5.7626,-0.93573,-2.6611,-4.7886,-1.505,-0.84456,16.668,17.724,0,0,0,6.8459,6.8481,6.8072,6.8638,-174.49,17.232,-19.234,20.346,-355.43,-950.78
10.3,-0.24395,-4.5918,0.38537,0.9432,-0.27497,0.011609,0.18608,14.027,5.9301,-0.75961,-2.7215,-4.7727,-1.511,-2.5871,16.822,17.484,0,0,0,6.8354,6.8428,6.8026,6.8582,-173.87,13.678,-28.632,105.2,-355.06,-927.02
10.31,-0.10384,-4.5317,0.37864,0.93921,-0.28341,-0.013204,0.19339,13.992,6.0989,-0.58635,-2.7814,-4.7453,-1.5151,-4.3191,16.941,17.152,0,0,0,6.8238,6.8374,6.7982,6.8526,-172.39,10.14,-37.743,190.01,-352.06,-893.68
10.32,0.035838,-4.4698,0.37363,0.93432,-0.29195,-0.037765,0.20096,13.941,6.2688,-0.41686,-2.8395,-4.7049,-1.5169,-6.032,17.025,16.731,0,0,0,6.8115,6.8323,6.7945,6.8476,-170.07,6.6445,-46.476,273.68,-346.65,-851.58
10.33,0.17492,-4.4063,0.37029,0.92855,-0.30059,-0.061984,0.20878,13.872,6.4393,-0.25201,-2.8944,-4.6504,-1.516,-7.7177,17.075,16.224,0,0,0,6.7992,6.8281,6.7918,6.8434,-166.92,3.2144,-54.748,355.1,-339.02,-801.54
10.34,0.31322,-4.341,0.36857,0.92192,-0.30936,-0.085766,0.21681,13.786,6.6102,-0.092638,-2.9447,-4.5808,-1.5122,-9.3678,17.09,15.638,0,0,0,6.7872,6.8249,6.7903,6.8405,-162.98,-0.12924,-62.483,433.17,-329.38,-744.39
10.35,0.45059,-4.2741,0.36841,0.91444,-0.31824,-0.10902,0.22503,13.685,6.781,0.060493,-2.989,-4.4957,-1.505,-10.975,17.072,14.977,0,0,0,6.776,6.823,6.7903,6.8389,-158.27,-3.3672,-69.615,506.79,-317.93,-680.93
10.36,0.58686,-4.2054,0.36975,0.90615,-0.32724,-0.13164,0.23341,13.567,6.9515,0.20667,-3.026,-4.395,-1.4944,-12.531,17.023,14.248,0,0,0,6.7659,6.8224,6.7916,6.8388,-152.86,-6.4825,-76.084,574.85,-304.87,-612.01
10.37,0.72188,-4.1351,0.37252,0.8971,-0.33634,-0.15354,0.24189,13.434,7.1214,0.34524,-3.0546,-4.2793,-1.4802,-14.03,16.943,13.457,0,0,0,6.7572,6.8232,6.7942,6.8402,-146.8,-9.4599,-81.84,636.26,-290.4,-538.43
10.38,0.8555,-4.063,0.37663,0.88735,-0.34554,-0.17464,0.25043,13.287,7.2903,0.47564,-3.0737,-4.1494,-1.4627,-15.465,16.834,12.613,0,0,0,6.7501,6.8252,6.7978,6.8429,-140.16,-12.286,-86.84,689.9,-274.72,-461.02
10.39,0.98757,-3.9893,0.382,0.87696,-0.35482,-0.19486,0.259,13.125,7.458,0.59735,-3.0822,-4.0069,-1.4418,-16.831,16.698,11.723,0,0,0,6.7447,6.8283,6.8022,6.8467,-133.03,-14.951,-91.05,734.67,-258.04,-380.61
10.4,1.118,-3.9138,0.38855,0.866,-0.36416,-0.21413,0.26755,12.95,7.6242,0.70997,-3.0794,-3.8535,-1.4181,-18.124,16.536,10.795,0,0,0,6.7408,6.8322,6.8068,6.8514,-125.5,-17.445,-94.445,769.48,-240.56,-298.01
10.41,1.2465,-3.8368,0.39617,0.85455,-0.37354,-0.23242,0.27602,12.763,7.7886,0.81316,-3.0646,-3.6916,-1.3919,-19.34,16.35,9.8371,0,0,0,6.7384,6.8368,6.8113,6.8565,-117.68,-19.76,-97.006,793.22,-222.47,-214.05
10.42,1.3732,-3.7581,0.40478,0.84271,-0.38292,-0.24968,0.28438,12.564,7.9511,0.90664,-3.0375,-3.5236,-1.3639,-20.477,16.141,8.8577,0,0,0,6.7374,6.8417,6.8152,6.8616,-109.68,-21.893,-98.724,805.14,-203.98,-129.54
10.43,1.4978,-3.6778,0.41427,0.83055,-0.39227,-0.2659,0.29258,12.354,8.1114,0.99027,-2.9974,-3.352,-1.3346,-21.534,15.912,7.8654,0,0,0,6.7373,6.8467,6.8183,6.8667,-101.61,-23.839,-99.597,805.95,-185.2,-45.227
10.44,1.6202,-3.5959,0.42455,0.81818,-0.40153,-0.28107,0.3006,12.133,8.2693,1.0639,-2.9441,-3.1789,-1.3047,-22.51,15.665,6.8686,0,0,0,6.7378,6.8517,6.8206,6.8713,-93.591,-25.596,-99.631,796.75,-166.27,38.146
10.45,1.7404,-3.5124,0.43552,0.80567,-0.41067,-0.2952,0.30839,11.904,8.4246,1.1277,-2.877,-3.0064,-1.2745,-23.406,15.401,5.8756,0,0,0,6.7385,6.8565,6.8219,6.8755,-85.708,-27.164,-98.84,778.63,-147.3,119.84
10.46,1.8583,-3.4274,0.44707,0.79312,-0.41963,-0.30831,0.31593,11.666,8.5772,1.1815,-2.7958,-2.836,-1.2446,-24.225,15.122,4.8945,0,0,0,6.7391,6.861,6.8222,6.8791,-78.045,-28.542,-97.243,752.68,-128.41,199.11
10.47,1.9737,-3.3409,0.45911,0.78062,-0.42835,-0.32043,0.32321,11.42,8.727,1.2256,-2.7002,-2.6692,-1.2151,-24.968,14.831,3.9333,0,0,0,6.7394,6.865,6.8215,6.882,-70.676,-29.733,-94.868,720.02,-109.72,275.22
10.48,2.0866,-3.2528,0.47155,0.76827,-0.43678,-0.33158,0.3302,11.166,8.8738,1.2602,-2.59,-2.5072,-1.1864,-25.639,14.528,2.9996,0,0,0,6.7394,6.8684,6.82,6.8842,-63.663,-30.738,-91.751,681.72,-91.352,347.44
10.49,2.197,-3.1634,0.48429,0.75615,-0.44485,-0.34181,0.33691,10.907,9.0175,1.2857,-2.4655,-2.351,-1.1584,-26.243,14.217,2.1006,0,0,0,6.7389,6.8712,6.8177,6.8857,-57.057,-31.561,-87.935,638.89,-73.422,415.01
10.5,2.3048,-3.0725,0.49724,0.74435,-0.4525,-0.35115,0.34333,10.642,9.1581,1.3024,-2.3269,-2.2016,-1.1314,-26.782,13.898,1.2431,0,0,0,6.738,6.8733,6.8149,6.8867,-50.897,-32.208,-83.469,592.63,-56.051,477.21
10.51,2.4098,-2.9802,0.51031,0.73295,-0.45967,-0.35966,0.34948,10.372,9.2955,1.3107,-2.1747,-2.0595,-1.1054,-27.262,13.573,0.43319,0,0,0,6.7366,6.8748,6.8116,6.887,-45.212,-32.685,-78.411,544.02,-39.36,533.29
10.52,2.5122,-2.8866,0.52343,0.72203,-0.46631,-0.36736,0.35536,10.097,9.4296,1.3112,-2.0099,-1.9253,-1.0801,-27.688,13.245,-0.3234,0,0,0,6.735,6.8756,6.8082,6.8868,-40.021,-32.998,-72.826,494.17,-23.467,582.51
10.53,2.6117,-2.7917,0.53651,0.71165,-0.47237,-0.37431,0.36099,9.8179,9.5604,1.3045,-1.8336,-1.7992,-1.0556,-28.064,12.914,-1.0218,0,0,0,6.7332,6.8757,6.8048,6.8863,-35.329,-33.157,-66.786,444.17,-8.4924,624.13
10.54,2.7085,-2.6954,0.54949,0.70187,-0.4778,-0.38055,0.36642,9.5356,9.6878,1.291,-1.6475,-1.6815,-1.0317,-28.396,12.582,-1.6579,0,0,0,6.7313,6.8751,6.8017,6.8853,-31.134,-33.171,-60.371,395.12,5.4445,657.41
10.55,2.8024,-2.5979,0.56231,0.69275,-0.48258,-0.38611,0.37166,9.2501,9.812,1.2715,-1.4535,-1.572,-1.0081,-28.688,12.251,-2.2283,0,0,0,6.7296,6.8738,6.7992,6.8841,-27.42,-33.052,-53.668,348.11,18.224,681.62
10.56,2.8935,-2.4992,0.5749,0.68432,-0.48668,-0.39103,0.37675,8.9619,9.9329,1.2467,-1.2539,-1.4707,-0.98459,-28.946,11.921,-2.7306,0,0,0,6.7282,6.872,6.7975,6.8827,-24.162,-32.811,-46.772,304.24,29.726,696.01
10.57,2.9817,-2.3993,0.58723,0.67661,-0.49008,-0.39536,0.38173,8.6713,10.05,1.2171,-1.0513,-1.3771,-0.96092,-29.173,11.595,-3.1634,0,0,0,6.7273,6.8695,6.7968,6.8812,-21.321,-32.462,-39.783,264.6,39.832,699.85
10.58,3.0669,-2.2982,0.59923,0.66962,-0.49279,-0.39911,0.38663,8.3786,10.165,1.1836,-0.84875,-1.291,-0.93682,-29.374,11.272,-3.5263,0,0,0,6.7272,6.8666,6.7972,6.8796,-18.853,-32.02,-32.811,229.96,48.447,692.81
10.59,3.1492,-2.196,0.61089,0.66336,-0.49481,-0.40231,0.39148,8.0839,10.276,1.1468,-0.64919,-1.2119,-0.9121,-29.551,10.955,-3.82,0,0,0,6.728,6.8633,6.7987,6.8778,-16.706,-31.498,-25.96,200.1,55.554,675.79
10.6,3.2286,-2.0927,0.62216,0.65781,-0.49618,-0.405,0.39632,7.7876,10.384,1.1075,-0.45545,-1.1393,-0.88669,-29.709,10.643,-4.0462,0,0,0,6.7299,6.8599,6.8012,6.8761,-14.836,-30.914,-19.325,174.64,61.146,649.89
10.61,3.305,-1.9883,0.63303,0.65294,-0.49692,-0.40719,0.40117,7.4898,10.489,1.0661,-0.27011,-1.0729,-0.86061,-29.849,10.337,-4.2075,0,0,0,6.7328,6.8565,6.8046,6.8743,-13.2,-30.28,-12.988,153.22,65.218,616.22
10.62,3.3784,-1.8829,0.64348,0.64871,-0.49707,-0.40892,0.40604,7.1907,10.591,1.0235,-0.095408,-1.0124,-0.83401,-29.973,10.037,-4.3073,0,0,0,6.7369,6.8532,6.8087,6.8726,-11.76,-29.614,-7.0229,135.45,67.763,575.87
10.63,3.4488,-1.7765,0.6535,0.64508,-0.4967,-0.4102,0.41097,6.8904,10.69,0.98019,0.066684,-0.95734,-0.80708,-30.084,9.7443,-4.3494,0,0,0,6.7422,6.8504,6.8135,6.8709,-10.48,-28.93,-1.4897,120.96,68.776,529.94
10.64,3.5162,-1.6691,0.66308,0.64198,-0.49584,-0.41107,0.41597,6.589,10.786,0.9367,0.21455,-0.90767,-0.78011,-30.183,9.4585,-4.3387,0,0,0,6.7488,6.848,6.8187,6.8694,-9.3306,-28.244,3.5609,109.37,68.252,479.53
10.65,3.5806,-1.5608,0.67224,0.63936,-0.49455,-0.41154,0.42103,6.2868,10.879,0.89357,0.34694,-0.8632,-0.75344,-30.271,9.1794,-4.28,0,0,0,6.7565,6.8462,6.8243,6.868,-8.2842,-27.57,8.0897,100.31,66.184,425.76
10.66,3.6419,-1.4516,0.68096,0.63716,-0.4929,-0.41165,0.42617,5.9836,10.969,0.85125,0.46293,-0.82387,-0.72747,-30.349,8.907,-4.1787,0,0,0,6.7653,6.845,6.8302,6.8668,-7.3173,-26.925,12.068,93.389,62.566,369.71
10.67,3.7002,-1.3414,0.68926,0.6353,-0.49095,-0.41143,0.43139,5.6798,11.057,0.81012,0.562,-0.78967,-0.7026,-30.418,8.6408,-4.0405,0,0,0,6.7751,6.8446,6.836,6.8658,-6.4105,-26.324,15.48,88.242,57.393,312.49
10.68,3.7555,-1.2304,0.69717,0.63371,-0.48874,-0.41092,0.43668,5.3753,11.142,0.77054,0.64398,-0.76063,-0.67928,-30.478,8.3803,-3.871,0,0,0,6.7856,6.8449,6.8417,6.8649,-5.5478,-25.783,18.318,84.49,50.66,255.2
10.69,3.8078,-1.1186,0.70468,0.63234,-0.48634,-0.41014,0.44204,5.0703,11.225,0.73279,0.70909,-0.73684,-0.65796,-30.529,8.1249,-3.676,0,0,0,6.7968,6.8458,6.8471,6.8641,-4.7173,-25.316,20.587,81.755,42.359,198.95
10.7,3.8569,-1.006,0.71183,0.63112,-0.4838,-0.40915,0.44746,4.7648,11.305,0.69709,0.75788,-0.71842,-0.6391,-30.572,7.8737,-3.4611,0,0,0,6.8084,6.8474,6.8518,6.8634,-3.9106,-24.941,22.304,79.662,32.486,144.83
10.71,3.903,-0.89252,0.71863,0.62998,-0.48117,-0.40798,0.45294,4.4589,11.382,0.66361,0.79127,-0.7055,-0.62314,-30.607,7.6257,-3.2317,0,0,0,6.82,6.8495,6.8557,6.8626,-3.1232,-24.672,23.495,77.833,21.035,93.939
10.72,3.9461,-0.77832,0.72511,0.62888,-0.47847,-0.40668,0.45846,4.1526,11.457,0.63248,0.8105,-0.69826,-0.61054,-30.635,7.3798,-2.9928,0,0,0,6.8315,6.8519,6.8585,6.8615,-2.3543,-24.525,24.197,75.893,7.9999,47.389
10.73,3.9861,-0.66339,0.73129,0.62776,-0.47576,-0.40529,0.46402,3.8462,11.53,0.60377,0.81708,-0.69689,-0.60173,-30.654,7.1347,-2.7492,0,0,0,6.8425,6.8545,6.8599,6.8601,-1.607,-24.517,24.461,73.464,-6.6253,6.2767
10.74,4.023,-0.54774,0.73719,0.62658,-0.47304,-0.40385,0.46962,3.5396,11.6,0.5775,0.81285,-0.70161,-0.59714,-30.667,6.889,-2.5049,0,0,0,6.8527,6.8573,6.8597,6.8582,-0.88786,-24.663,24.345,70.2,-22.832,-28.378
10.75,4.0569,-0.4314,0.74285,0.6253,-0.47034,-0.4024,0.47523,3.2329,11.667,0.55366,0.79976,-0.71268,-0.59716,-30.672,6.6409,-2.2634,0,0,0,6.862,6.8598,6.8577,6.8558,-0.20578,-24.978,23.915,66.092,-40.457,-56.462
10.76,4.0877,-0.3144,0.74827,0.6239,-0.46767,-0.40099,0.48088,2.9261,11.733,0.53222,0.77963,-0.73027,-0.6021,-30.671,6.3888,-2.0274,0,0,0,6.87,6.862,6.854,6.8526,0.43183,-25.476,23.236,61.34,-59.24,-78.425
10.77,4.1154,-0.19676,0.7535,0.62234,-0.46503,-0.39964,0.48654,2.6195,11.795,0.51309,0.7541,-0.75454,-0.61218,-30.664,6.1307,-1.7993,0,0,0,6.8768,6.8636,6.8486,6.8486,1.0196,-26.166,22.365,56.149,-78.92,-94.728
10.78,4.1401,-0.078505,0.75854,0.6206,-0.46241,-0.39841,0.49224,2.3129,11.855,0.4962,0.72467,-0.7856,-0.62753,-30.651,5.8648,-1.5806,0,0,0,6.8821,6.8645,6.8416,6.8438,1.554,-27.057,21.358,50.722,-99.234,-105.83
10.79,4.1617,0.040335,0.76343,0.61867,-0.45981,-0.39731,0.49796,2.0065,11.912,0.48144,0.69263,-0.82349,-0.64823,-30.633,5.5889,-1.3724,0,0,0,6.886,6.8645,6.833,6.8381,2.0339,-28.152,20.265,45.263,-119.92,-112.19
10.8,4.1802,0.15973,0.76818,0.61653,-0.4572,-0.39639,0.50372,1.7002,11.967,0.46871,0.65915,-0.86823,-0.67426,-30.61,5.3011,-1.1754,0,0,0,6.8883,6.8637,6.8229,6.8315,2.4599,-29.455,19.129,39.976,-140.72,-114.27
10.81,4.1957,0.27966,0.77281,0.61417,-0.45456,-0.39566,0.50953,1.3943,12.018,0.4579,0.62525,-0.91976,-0.70558,-30.584,4.9991,-0.98983,0,0,0,6.8891,6.8619,6.8115,6.8242,2.8347,-30.966,17.992,35.065,-161.37,-112.53
10.82,4.2081,0.40009,0.77734,0.61158,-0.45188,-0.39516,0.51538,1.0886,12.067,0.44888,0.59183,-0.97797,-0.74204,-30.554,4.681,-0.81546,0,0,0,6.8884,6.8593,6.7989,6.8162,3.1631,-32.681,16.89,30.733,-181.61,-107.42
10.83,4.2174,0.52099,0.78179,0.60875,-0.44913,-0.3949,0.5213,0.7832,12.112,0.44155,0.55964,-1.0427,-0.78345,-30.521,4.3448,-0.65181,0,0,0,6.8863,6.8558,6.7855,6.8076,3.4519,-34.596,15.853,27.185,-201.17,-99.414
10.84,4.2238,0.64232,0.78618,0.60568,-0.44629,-0.39489,0.52729,0.47817,12.154,0.43581,0.52935,-1.1137,-0.82955,-30.485,3.9885,-0.49809,0,0,0,6.8829,6.8516,6.7714,6.7987,3.7101,-36.702,14.909,24.624,-219.8,-88.963
10.85,4.227,0.76405,0.79051,0.60236,-0.44331,-0.39517,0.53337,0.17351,12.192,0.43156,0.50149,-1.1906,-0.88002,-30.447,3.6102,-0.35324,0,0,0,6.8783,6.8468,6.7569,6.7896,3.9484,-38.988,14.081,23.255,-237.23,-76.528
10.86,4.2272,0.88614,0.79481,0.59878,-0.44018,-0.39572,0.53954,-0.13076,12.226,0.42872,0.47653,-1.273,-0.93445,-30.406,3.2082,-0.21604,0,0,0,6.8727,6.8415,6.7424,6.7805,4.1798,-41.442,13.384,23.281,-253.21,-62.57
10.87,4.2244,1.0085,0.79909,0.59495,-0.43686,-0.39657,0.54582,-0.4346,12.256,0.42722,0.4548,-1.3604,-0.99238,-30.363,2.7808,-0.085079,0,0,0,6.8662,6.836,6.7281,6.7717,4.4193,-44.046,12.833,24.905,-267.46,-47.548
10.88,4.2185,1.1312,0.80336,0.59085,-0.43332,-0.39772,0.55222,-0.73801,12.281,0.427,0.43657,-1.4523,-1.0533,-30.318,2.3268,0.04113,0,0,0,6.859,6.8304,6.7145,6.7635,4.6839,-46.784,12.435,28.333,-279.73,-31.921
10.89,4.2096,1.2542,0.80764,0.5865,-0.42954,-0.39916,0.55874,-1.0409,12.302,0.42803,0.42202,-1.5478,-1.1165,-30.269,1.8448,0.16415,0,0,0,6.8513,6.8249,6.7018,6.7561,4.9927,-49.634,12.195,33.767,-289.76,-16.149
10.9,4.1977,1.3773,0.81193,0.58187,-0.42548,-0.40089,0.5654,-1.3434,12.318,0.43028,0.41123,-1.6462,-1.1815,-30.218,1.3338,0.28555,0,0,0,6.8434,6.8197,6.6905,6.7497,5.3666,-52.571,12.111,41.412,-297.29,-0.69161
10.91,4.1828,1.5005,0.81625,0.57699,-0.42113,-0.4029,0.57219,-1.6453,12.329,0.43374,0.40421,-1.7467,-1.2474,-30.162,0.79317,0.40687,0,0,0,6.8353,6.815,6.6808,6.7447,5.829,-55.57,12.178,51.471,-302.05,13.991
10.92,4.1648,1.6238,0.82061,0.57184,-0.41646,-0.40519,0.57913,-1.9466,12.334,0.43842,0.40089,-1.8482,-1.3135,-30.101,0.22232,0.52958,0,0,0,6.8273,6.811,6.6731,6.7411,6.4048,-58.602,12.387,64.148,-303.78,27.44
10.93,4.1438,1.7472,0.82502,0.56642,-0.41145,-0.40773,0.5862,-2.2473,12.333,0.44434,0.4011,-1.9497,-1.379,-30.033,-0.37888,0.65503,0,0,0,6.8197,6.8079,6.6675,6.7392,7.1213,-61.635,12.721,79.648,-302.22,39.195
10.94,4.1199,1.8705,0.8295,0.56074,-0.40609,-0.41051,0.59341,-2.5472,12.326,0.45153,0.40464,-2.0503,-1.4431,-29.958,-1.0103,0.78437,0,0,0,6.8126,6.8058,6.6644,6.7392,8.0077,-64.634,13.163,98.132,-297.14,48.831
10.95,4.0929,1.9937,0.83405,0.55481,-0.40036,-0.41351,0.60076,-2.8464,12.313,0.46005,0.41123,-2.1488,-1.5052,-29.872,-1.6713,0.91858,0,0,0,6.8063,6.8049,6.6637,6.7409,9.0931,-67.566,13.691,119.37,-288.63,56.255
10.96,4.0629,2.1167,0.8387,0.54862,-0.39426,-0.4167,0.60822,-3.1446,12.293,0.46993,0.42063,-2.2445,-1.5645,-29.775,-2.3612,1.0584,0,0,0,6.8009,6.8052,6.6652,6.7444,10.403,-70.396,14.282,142.89,-276.96,61.561
10.97,4.03,2.2395,0.84346,0.54219,-0.38778,-0.42006,0.6158,-3.4418,12.265,0.48123,0.43259,-2.3367,-1.6206,-29.663,-3.0788,1.2044,0,0,0,6.7966,6.8068,6.6689,6.7496,11.957,-73.096,14.915,168.24,-262.39,64.844
10.98,3.9941,2.362,0.84833,0.53551,-0.38092,-0.42356,0.62348,-3.7378,12.231,0.49403,0.4469,-2.4248,-1.6732,-29.535,-3.8226,1.3568,0,0,0,6.7936,6.8097,6.6744,6.7563,13.772,-75.636,15.572,194.97,-245.21,66.199
10.99,3.9553,2.4841,0.85334,0.5286,-0.37368,-0.42718,0.63124,-4.0325,12.189,0.50839,0.46334,-2.5087,-1.7221,-29.387,-4.5909,1.5158,0,0,0,6.7919,6.8139,6.6816,6.7643,15.859,-77.992,16.233,222.59,-225.66,65.721
11,3.9135,2.6057,0.85851,0.52147,-0.36606,-0.43089,0.63906,-4.3255,12.139,0.52437,0.48169,-2.5881,-1.7672,-29.217,-5.3818,1.6814,0,0,0,6.7915,6.8192,6.6902,6.7734,18.225,-80.142,16.881,250.67,-204.03,63.507
11.01,3.8688,2.7268,0.86384,0.51411,-0.35807,-0.43467,0.64694,-4.6167,12.081,0.54204,0.50175,-2.6631,-1.8086,-29.022,-6.193,1.8533,0,0,0,6.7923,6.8255,6.6998,6.7833,20.873,-82.066,17.498,278.73,-180.58,59.652
11.02,3.8211,2.8473,0.86935,0.50655,-0.34971,-0.43848,0.65486,-4.9059,12.015,0.56146,0.5233,-2.7338,-1.8465,-28.798,-7.0223,2.0312,0,0,0,6.7942,6.8327,6.71,6.7938,23.798,-83.748,18.069,306.31,-155.59,54.25
11.03,3.7706,2.9671,0.87507,0.49878,-0.34098,-0.44232,0.6628,-5.1926,11.941,0.58268,0.54612,-2.8005,-1.8811,-28.545,-7.8671,2.2145,0,0,0,6.7971,6.8404,6.7206,6.8045,26.996,-85.174,18.578,332.96,-129.31,47.398
11.04,3.7173,3.0861,0.88101,0.49082,-0.3319,-0.44615,0.67074,-5.4766,11.858,0.60576,0.56998,-2.8636,-1.9127,-28.258,-8.7249,2.4025,0,0,0,6.8007,6.8485,6.7313,6.8152,30.453,-86.331,19.012,358.21,-102.02,39.191
11.05,3.6611,3.2042,0.88719,0.48266,-0.32246,-0.44995,0.67867,-5.7576,11.766,0.63075,0.59463,-2.9234,-1.9417,-27.935,-9.5928,2.5944,0,0,0,6.8049,6.8567,6.7415,6.8256,34.154,-87.212,19.358,381.59,-73.997,29.724
11.06,3.6022,3.3214,0.89363,0.47432,-0.31268,-0.45372,0.68658,-6.0352,11.666,0.65766,0.61981,-2.9804,-1.9685,-27.574,-10.468,2.7893,0,0,0,6.8092,6.8647,6.7512,6.8353,38.077,-87.81,19.603,402.66,-45.496,19.092
11.07,3.5404,3.4375,0.90035,0.4658,-0.30255,-0.45742,0.69445,-6.309,11.557,0.68654,0.64522,-3.0351,-1.9933,-27.173,-11.348,2.9861,0,0,0,6.8136,6.8722,6.76,6.8441,42.198,-88.121,19.736,420.95,-16.792,7.392
11.08,3.476,3.5525,0.90737,0.4571,-0.29208,-0.46106,0.70226,-6.5785,11.439,0.71739,0.67053,-3.088,-2.0166,-26.729,-12.23,3.1836,0,0,0,6.8176,6.879,6.7677,6.8518,46.485,-88.146,19.747,435.99,11.846,-5.2818
11.09,3.4089,3.6663,0.91471,0.44822,-0.28128,-0.46462,0.71,-6.8434,11.312,0.75021,0.69537,-3.1393,-2.0388,-26.242,-13.11,3.3806,0,0,0,6.8211,6.8849,6.7742,6.8582,50.905,-87.885,19.627,447.32,40.15,-18.834
11.1,3.3391,3.7787,0.92238,0.43917,-0.27014,-0.4681,0.71766,-7.1032,11.177,0.78499,0.71933,-3.1895,-2.06,-25.711,-13.986,3.5757,0,0,0,6.8237,6.8895,6.7794,6.8631,55.418,-87.345,19.368,454.5,67.851,-33.168
11.11,3.2668,3.8898,0.93041,0.42995,-0.25868,-0.47148,0.72522,-7.3575,11.032,0.82171,0.74194,-3.2386,-2.0804,-25.134,-14.856,3.7675,0,0,0,6.8254,6.8927,6.7832,6.8665,59.98,-86.531,18.962,457.04,94.679,-48.19
11.12,3.192,3.9993,0.93882,0.42055,-0.2469,-0.47476,0.73265,-7.6057,10.88,0.86033,0.76264,-3.2866,-2.1002,-24.511,-15.716,3.9544,0,0,0,6.8258,6.8944,6.7858,6.8684,64.542,-85.455,18.402,454.5,120.37,-63.803
11.13,3.1147,4.1073,0.94763,0.41098,-0.2348,-0.47794,0.73996,-7.8476,10.718,0.90078,0.78082,-3.3335,-2.1192,-23.843,-16.564,4.135,0,0,0,6.8249,6.8945,6.7873,6.8687,69.051,-84.129,17.684,446.4,144.64,-79.913
11.14,3.0351,4.2137,0.95684,0.40124,-0.22239,-0.48103,0.7471,-8.0825,10.548,0.943,0.79578,-3.3787,-2.1374,-23.131,-17.398,4.3076,0,0,0,6.8226,6.893,6.7879,6.8677,73.45,-82.568,16.803,432.49,167.29,-96.403
11.15,2.9531,4.3183,0.96649,0.39133,-0.20969,-0.48402,0.75407,-8.31,10.37,0.9869,0.80683,-3.4218,-2.1544,-22.375,-18.215,4.4705,0,0,0,6.8189,6.8899,6.788,6.8654,77.683,-80.788,15.755,413.17,188.28,-113.08
11.16,2.8689,4.4211,0.97659,0.38125,-0.19672,-0.48691,0.76083,-8.5298,10.184,1.0324,0.81332,-3.4621,-2.1699,-21.578,-19.013,4.6221,0,0,0,6.814,6.8855,6.7877,6.8622,81.697,-78.807,14.541,388.99,207.64,-129.73
11.17,2.7825,4.5219,0.98714,0.37101,-0.1835,-0.48972,0.76737,-8.7414,9.9901,1.0793,0.81473,-3.4987,-2.1835,-20.742,-19.79,4.7608,0,0,0,6.8081,6.88,6.7873,6.8582,85.448,-76.641,13.161,360.53,225.38,-146.14
11.18,2.6941,4.6208,0.99818,0.36061,-0.17006,-0.49244,0.77365,-8.9445,9.7884,1.1275,0.81058,-3.5309,-2.1947,-19.87,-20.545,4.8848,0,0,0,6.8014,6.8735,6.7872,6.8539,88.896,-74.305,11.62,328.34,241.51,-162.11
11.19,2.6037,4.7177,1.0097,0.35006,-0.15642,-0.4951,0.77966,-9.1387,9.5793,1.1769,0.80052,-3.5578,-2.2033,-18.965,-21.276,4.9926,0,0,0,6.7942,6.8665,6.7874,6.8494,92.005,-71.816,9.9213,292.99,256.04,-177.42
11.2,2.5114,4.8124,1.0217,0.33937,-0.14263,-0.49768,0.78537,-9.3237,9.363,1.2273,0.78427,-3.5788,-2.2086,-18.031,-21.981,5.0827,0,0,0,6.7867,6.8591,6.7884,6.8451,94.747,-69.19,8.0741,255.04,269,-191.87
11.21,2.4172,4.9049,1.0342,0.32855,-0.12873,-0.50021,0.79074,-9.4993,9.1398,1.2785,0.76167,-3.5929,-2.2104,-17.071,-22.659,5.1536,0,0,0,6.7793,6.8517,6.7901,6.8411,97.099,-66.441,6.0876,215.05,280.41,-205.23
11.22,2.3214,4.9952,1.0473,0.31761,-0.11475,-0.50269,0.79578,-9.6651,8.9099,1.3303,0.73268,-3.5996,-2.2083,-16.09,-23.31,5.2041,0,0,0,6.7721,6.8444,6.7928,6.8378,99.043,-63.587,3.9737,173.58,290.26,-217.31
11.23,2.224,5.0831,1.0609,0.30657,-0.10076,-0.50513,0.80044,-9.821,8.6737,1.3825,0.69737,-3.5984,-2.2021,-15.092,-23.931,5.2327,0,0,0,6.7655,6.8376,6.7966,6.8352,100.57,-60.641,1.7465,131.2,298.59,-227.88
11.24,2.125,5.1686,1.0749,0.29545,-0.08679,-0.50755,0.80472,-9.9669,8.4314,1.4349,0.65592,-3.5889,-2.1914,-14.08,-24.522,5.2387,0,0,0,6.7597,6.8314,6.8014,6.8335,101.67,-57.62,-0.57818,88.467,305.41,-236.74
11.25,2.0247,5.2517,1.0896,0.28425,-0.072907,-0.50996,0.8086,-10.103,8.1833,1.4872,0.60866,-3.5708,-2.1763,-13.06,-25.083,5.2209,0,0,0,6.7547,6.826,6.8071,6.8328,102.34,-54.538,-2.982,45.941,310.73,-243.68
11.26,1.923,5.3323,1.1047,0.273,-0.059159,-0.51236,0.81207,-10.228,7.9298,1.5393,0.55604,-3.5441,-2.1566,-12.035,-25.613,5.1788,0,0,0,6.7507,6.8214,6.8138,6.833,102.59,-51.41,-5.4448,4.186,314.57,-248.49
11.27,1.8201,5.4103,1.1203,0.26172,-0.045598,-0.51478,0.81512,-10.343,7.6712,1.5907,0.49862,-3.5089,-2.1324,-11.01,-26.111,5.1119,0,0,0,6.7478,6.8178,6.8211,6.8342,102.43,-48.251,-7.944,-36.236,316.94,-250.96
11.28,1.7162,5.4857,1.1365,0.25041,-0.032273,-0.51722,0.81776,-10.448,7.4077,1.6414,0.43712,-3.4655,-2.1039,-9.9878,-26.578,5.0199,0,0,0,6.7459,6.8151,6.8288,6.8362,101.87,-45.076,-10.455,-74.762,317.87,-250.86
11.29,1.6112,5.5584,1.1532,0.23911,-0.019234,-0.5197,0.81998,-10.543,7.1397,1.691,0.37233,-3.4145,-2.0713,-8.9735,-27.013,4.9028,0,0,0,6.7451,6.8134,6.8368,6.8389,100.94,-41.899,-12.952,-110.83,317.36,-248.01
11.3,1.5053,5.6285,1.1703,0.22782,-0.0065219,-0.52222,0.82179,-10.628,6.8676,1.7394,0.30522,-3.3563,-2.0351,-7.9702,-27.416,4.761,0,0,0,6.7453,6.8126,6.8446,6.8422,99.662,-38.734,-15.406,-143.88,315.43,-242.18
11.31,1.3987,5.6958,1.1879,0.21656,0.0058234,-0.5248,0.8232,-10.703,6.5915,1.7862,0.23684,-3.2917,-1.9956,-6.9813,-27.787,4.595,0,0,0,6.7463,6.8126,6.8521,6.8459,98.073,-35.595,-17.785,-173.35,312.09,-233.16
11.32,1.2913,5.7603,1.206,0.20534,0.01777,-0.52744,0.82421,-10.767,6.3119,1.8312,0.16837,-3.2216,-1.9535,-6.0097,-28.128,4.4057,0,0,0,6.748,6.8135,6.8588,6.8497,96.209,-32.496,-20.057,-198.67,307.37,-220.74
11.33,1.1834,5.822,1.2246,0.19419,0.029291,-0.53014,0.82485,-10.823,6.0291,1.8742,0.10108,-3.1471,-1.9094,-5.0579,-28.438,4.1943,0,0,0,6.7504,6.8151,6.8646,6.8535,94.115,-29.452,-22.188,-219.43,301.3,-204.82
11.34,1.0749,5.8809,1.2435,0.18311,0.040368,-0.53291,0.82514,-10.869,5.7433,1.915,0.036242,-3.069,-1.864,-4.128,-28.717,3.9625,0,0,0,6.7531,6.8173,6.8692,6.8571,91.835,-26.475,-24.143,-235.78,293.98,-185.75
11.35,0.96603,5.9368,1.2629,0.17211,0.050988,-0.53574,0.82508,-10.905,5.4548,1.9534,-0.02503,-2.9884,-1.8178,-3.2216,-28.967,3.7121,0,0,0,6.7561,6.8198,6.8728,6.8605,89.413,-23.576,-25.894,-248.03,285.54,-164
11.36,0.85683,5.9899,1.2826,0.16121,0.061146,-0.53862,0.82472,-10.933,5.164,1.9892,-0.081752,-2.9059,-1.7716,-2.3401,-29.189,3.4454,0,0,0,6.759,6.8226,6.8753,6.8634,86.887,-20.767,-27.416,-256.51,276.11,-140.05
11.37,0.74739,6.0401,1.3026,0.15041,0.07084,-0.54154,0.82407,-10.952,4.8711,2.0223,-0.13309,-2.8224,-1.7256,-1.4841,-29.383,3.1646,0,0,0,6.7619,6.8255,6.8767,6.8659,84.294,-18.057,-28.689,-261.51,265.82,-114.35
11.38,0.63781,6.0874,1.323,0.13974,0.080075,-0.5445,0.82316,-10.963,4.5764,2.0525,-0.17833,-2.7384,-1.6804,-0.6543,-29.55,2.8725,0,0,0,6.7646,6.8284,6.8772,6.8678,81.667,-15.453,-29.699,-263.36,254.78,-87.393
11.39,0.52816,6.1316,1.3437,0.12918,0.088858,-0.54746,0.82201,-10.965,4.2802,2.0797,-0.21691,-2.6545,-1.6362,0.14921,-29.692,2.5716,0,0,0,6.767,6.8311,6.8767,6.8693,79.037,-12.963,-30.434,-262.36,243.14,-59.635
11.4,0.41852,6.173,1.3646,0.11877,0.097201,-0.55042,0.82066,-10.96,3.9827,2.1039,-0.24841,-2.5712,-1.5935,0.92651,-29.81,2.2647,0,0,0,6.7692,6.8338,6.8754,6.8702,76.429,-10.592,-30.89,-258.84,231.02,-31.55
11.41,0.30898,6.2113,1.3857,0.10849,0.10512,-0.55335,0.81914,-10.947,3.6841,2.125,-0.27254,-2.4889,-1.5524,1.6779,-29.905,1.9547,0,0,0,6.7711,6.8363,6.8734,6.8706,73.867,-8.344,-31.066,-253.09,218.54,-3.6089
11.42,0.19961,6.2466,1.4071,0.09836,0.11262,-0.55623,0.81746,-10.927,3.3847,2.143,-0.28915,-2.4081,-1.5132,2.4041,-29.977,1.6443,0,0,0,6.7728,6.8387,6.8708,6.8707,71.373,-6.222,-30.965,-245.44,205.83,23.718
11.43,0.090474,6.279,1.4286,0.088386,0.11974,-0.55905,0.81567,-10.899,3.0846,2.1579,-0.29825,-2.3291,-1.476,3.1057,-30.03,1.3363,0,0,0,6.7743,6.8409,6.8678,6.8704,68.964,-4.2277,-30.595,-236.2,193.02,49.959
11.44,-0.018349,6.3083,1.4502,0.078569,0.12648,-0.56176,0.81379,-10.865,2.7841,2.1697,-0.29999,-2.2523,-1.4409,3.7837,-30.062,1.0333,0,0,0,6.7758,6.843,6.8645,6.8699,66.653,-2.3614,-29.971,-225.68,180.24,74.645
11.45,-0.12679,6.3347,1.472,0.068913,0.13287,-0.56437,0.81184,-10.823,2.4834,2.1786,-0.2947,-2.178,-1.408,4.4391,-30.077,0.73767,0,0,0,6.7773,6.845,6.8612,6.8692,64.453,-0.62232,-29.109,-214.19,167.62,97.305
11.46,-0.2348,6.358,1.4938,0.059418,0.13892,-0.56684,0.80985,-10.776,2.1826,2.1845,-0.28284,-2.1064,-1.3773,5.0731,-30.075,0.45179,0,0,0,6.7789,6.8469,6.858,6.8684,62.372,0.99183,-28.033,-202.05,155.27,117.47
11.47,-0.34229,6.3783,1.5157,0.050083,0.14467,-0.56915,0.80785,-10.722,1.882,2.1876,-0.26506,-2.0377,-1.3488,5.687,-30.058,0.17763,0,0,0,6.7807,6.8487,6.855,6.8678,60.413,2.4845,-26.77,-189.57,143.33,134.67
11.48,-0.44922,6.3956,1.5375,0.040904,0.15012,-0.5713,0.80586,-10.662,1.5815,2.1881,-0.2422,-1.9723,-1.3224,6.2818,-30.026,-0.083086,0,0,0,6.7829,6.8505,6.8525,6.8672,58.58,3.8603,-25.351,-177.06,131.93,148.42
11.49,-0.55552,6.41,1.5594,0.031877,0.15529,-0.57327,0.80388,-10.596,1.2815,2.186,-0.21523,-1.9103,-1.2979,6.859,-29.981,-0.32899,0,0,0,6.7855,6.8523,6.8506,6.8669,56.871,5.1253,-23.814,-164.83,121.19,158.28
11.5,-0.66113,6.4213,1.5812,0.022995,0.16021,-0.57505,0.80195,-10.525,0.98196,2.1816,-0.18531,-1.8518,-1.2754,7.4196,-29.924,-0.55911,0,0,0,6.7885,6.854,6.8495,6.8669,55.282,6.2868,-22.2,-153.2,111.25,163.75
11.51,-0.766,6.4296,1.603,0.014249,0.16489,-0.57663,0.80006,-10.448,0.68305,2.1749,-0.15379,-1.7969,-1.2544,7.965,-29.855,-0.77289,0,0,0,6.7921,6.8557,6.8492,6.8672,53.804,7.3533,-20.555,-142.48,102.22,164.37
11.52,-0.87007,6.4349,1.6247,0.0056292,0.16934,-0.57803,0.79823,-10.366,0.38488,2.1662,-0.12213,-1.7458,-1.235,8.4961,-29.777,-0.97028,0,0,0,6.7963,6.8573,6.8498,6.8678,52.428,8.3345,-18.93,-132.88,94.196,159.95
11.53,-0.9733,6.4373,1.6463,0.0028751,-0.17358,0.57925,-0.79645,-10.278,0.087543,2.1555,-0.091756,-1.6983,-1.2167,9.0139,-29.689,-1.1517,0,0,0,6.8011,6.8589,6.8513,6.8687,51.143,9.2406,-17.371,-124.33,87.182,151.02
11.54,-1.0756,6.4367,1.6678,0.011275,-0.17762,0.58029,-0.79472,-10.186,-0.20887,2.1432,-0.063937,-1.6547,-1.1996,9.5192,-29.592,-1.3181,0,0,0,6.8064,6.8605,6.8534,6.87,49.939,10.081,-15.922,-116.71,81.155,138.26
11.55,-1.177,6.4331,1.6892,0.019583,-0.18148,0.58119,-0.79304,-10.088,-0.50428,2.1292,-0.039734,-1.6148,-1.1835,10.013,-29.488,-1.4706,0,0,0,6.8122,6.8622,6.8561,6.8714,48.806,10.867,-14.617,-109.92,76.096,122.31
11.56,-1.2774,6.4266,1.7104,0.027809,-0.18515,0.58195,-0.79138,-9.9854,-0.7986,2.1138,-0.020016,-1.5787,-1.1683,10.496,-29.375,-1.611,0,0,0,6.8184,6.864,6.8592,6.8731,47.738,11.607,-13.484,-103.82,71.985,103.85
11.57,-1.3767,6.4172,1.7315,0.035965,-0.18866,0.5826,-0.78974,-9.878,-1.0918,2.097,-0.0054534,-1.5464,-1.1541,10.968,-29.256,-1.741,0,0,0,6.8249,6.8658,6.8625,6.8748,46.728,12.31,-12.546,-98.322,68.804,83.534
11.58,-1.4749,6.4048,1.7524,0.044059,-0.19202,0.58318,-0.78809,-9.766,-1.3837,2.079,0.0034827,-1.5177,-1.1409,11.43,-29.129,-1.8626,0,0,0,6.8315,6.8676,6.8659,6.8765,45.77,12.986,-11.817,-93.293,66.532,62.032
11.59,-1.572,6.3895,1.7731,0.052101,-0.19524,0.58369,-0.78643,-9.6495,-1.6743,2.0598,0.006523,-1.4926,-1.1287,11.883,-28.996,-1.978,0,0,0,6.8382,6.8694,6.8691,6.878,44.861,13.643,-11.307,-88.622,65.152,40.006
11.6,-1.6679,6.3713,1.7935,0.060098,-0.19834,0.58417,-0.78473,-9.5284,-1.9636,2.0395,0.0035976,-1.471,-1.1176,12.328,-28.856,-2.0895,0,0,0,6.8448,6.8711,6.8719,6.8794,43.997,14.292,-11.017,-84.195,64.644,18.119
11.61,-1.7625,6.3502,1.8138,0.068054,-0.20132,0.58464,-0.78296,-9.4029,-2.2514,2.018,-0.0051651,-1.4528,-1.1079,12.763,-28.71,-2.1991,0,0,0,6.851,6.8727,6.8741,6.8803,43.176,14.939,-10.942,-79.894,64.988,-2.9663
11.62,-1.8559,6.3263,1.8339,0.075976,-0.2042,0.58513,-0.78112,-9.2731,-2.5378,1.9955,-0.01944,-1.4379,-1.0996,13.191,-28.557,-2.309,0,0,0,6.8569,6.874,6.8757,6.8808,42.399,15.594,-11.071,-75.606,66.165,-22.586
11.63,-1.948,6.2995,1.8537,0.083864,-0.207,0.58565,-0.77919,-9.1391,-2.8225,1.9718,-0.038708,-1.4262,-1.0929,13.612,-28.398,-2.4211,0,0,0,6.8621,6.8752,6.8762,6.8807,41.665,16.265,-11.387,-71.215,68.157,-40.077
11.64,-2.0387,6.2698,1.8733,0.091722,-0.20973,0.58623,-0.77713,-9.0009,-3.1057,1.947,-0.062255,-1.4176,-1.0881,14.025,-28.232,-2.5373,0,0,0,6.8667,6.876,6.8757,6.88,40.975,16.96,-11.864,-66.605,70.943,-54.775
11.65,-2.128,6.2374,1.8927,0.099551,-0.21241,0.58687,-0.77496,-8.8587,-3.3872,1.9211,-0.089175,-1.412,-1.0853,14.431,-28.059,-2.6589,0,0,0,6.8703,6.8765,6.8738,6.8785,40.334,17.686,-12.471,-61.662,74.505,-66.017
11.66,-2.2159,6.2021,1.9118,0.10735,-0.21506,0.58758,-0.77264,-8.7123,-3.6669,1.8938,-0.11836,-1.4094,-1.0849,14.832,-27.878,-2.787,0,0,0,6.873,6.8766,6.8706,6.8762,39.744,18.453,-13.17,-56.268,78.823,-73.14
11.67,-2.3022,6.164,1.9306,0.11512,-0.2177,0.58837,-0.77018,-8.562,-3.9447,1.8653,-0.14853,-1.4096,-1.0871,15.226,-27.69,-2.9224,0,0,0,6.8746,6.8764,6.8658,6.8731,39.21,19.265,-13.918,-50.311,83.878,-75.481
11.68,-2.3871,6.1232,1.9491,0.12287,-0.22033,0.58923,-0.76757,-8.4078,-4.2206,1.8354,-0.17817,-1.4127,-1.0921,15.616,-27.493,-3.0653,0,0,0,6.8751,6.8759,6.8594,6.8692,38.74,20.132,-14.662,-43.673,89.652,-72.375
11.69,-2.4704,6.0796,1.9673,0.1306,-0.22297,0.59016,-0.76481,-8.2497,-4.4945,1.804,-0.20558,-1.4186,-1.1003,16.001,-27.287,-3.2154,0,0,0,6.8743,6.8751,6.8512,6.8645,38.339,21.061,-15.345,-36.24,96.124,-63.16
11.7,-2.5521,6.0333,1.9851,0.13831,-0.22565,0.59114,-0.76191,-8.0878,-4.7663,1.771,-0.22885,-1.4274,-1.112,16.383,-27.071,-3.3718,0,0,0,6.8724,6.8741,6.8414,6.859,38.018,22.057,-15.902,-27.898,103.28,-47.181
11.71,-2.6321,5.9843,2.0027,0.14602,-0.22836,0.59214,-0.75888,-7.9221,-5.0359,1.7365,-0.24594,-1.4393,-1.1275,16.762,-26.845,-3.5328,0,0,0,6.8692,6.8729,6.8298,6.8529,37.784,23.129,-16.265,-18.677,111.1,-24.387
11.72,-2.7105,5.9326,2.0199,0.15373,-0.23112,0.59313,-0.75574,-7.7526,-5.3032,1.7004,-0.2549,-1.4543,-1.1471,17.139,-26.608,-3.6963,0,0,0,6.865,6.8717,6.8169,6.8462,37.646,24.281,-16.37,-8.8398,119.61,4.2917
11.73,-2.7872,5.8782,2.0367,0.16147,-0.23393,0.59408,-0.75251,-7.5793,-5.568,1.6626,-0.25411,-1.4725,-1.1709,17.515,-26.359,-3.8592,0,0,0,6.8597,6.8702,6.8027,6.8392,37.609,25.523,-16.163,1.3313,128.81,37.836
11.74,-2.8621,5.8212,2.0531,0.16926,-0.23679,0.59494,-0.74922,-7.4023,-5.8303,1.6232,-0.24224,-1.4942,-1.1989,17.892,-26.098,-4.0183,0,0,0,6.8536,6.8687,6.7877,6.8318,37.673,26.86,-15.601,11.553,138.72,75.228
11.75,-2.9352,5.7616,2.0691,0.17712,-0.23971,0.59567,-0.74589,-7.2215,-6.09,1.5823,-0.21824,-1.5196,-1.2313,18.269,-25.822,-4.1699,0,0,0,6.8467,6.867,6.772,6.8243,37.839,28.3,-14.649,21.541,149.35,115.45
11.76,-3.0065,5.6995,2.0847,0.1851,-0.24268,0.59621,-0.74255,-7.0369,-6.3467,1.5398,-0.18141,-1.5488,-1.268,18.649,-25.531,-4.31,0,0,0,6.8393,6.8652,6.756,6.8168,38.102,29.849,-13.286,31.014,160.71,157.48
11.77,-3.0759,5.6347,2.0999,0.19321,-0.2457,0.59651,-0.73924,-6.8485,-6.6005,1.4961,-0.13135,-1.5821,-1.3087,19.031,-25.225,-4.4342,0,0,0,6.8314,6.8634,6.74,6.8094,38.457,31.516,-11.497,39.687,172.82,200.29
11.78,-3.1434,5.5675,2.1147,0.20152,-0.24874,0.59653,-0.73598,-6.6562,-6.8512,1.4512,-0.067974,-1.6197,-1.3534,19.418,-24.901,-4.5385,0,0,0,6.8232,6.8615,6.7243,6.8023,38.892,33.308,-9.2807,47.278,185.69,242.88
11.79,-3.209,5.4977,2.1289,0.21004,-0.25182,0.59621,-0.73281,-6.4601,-7.0985,1.4054,0.0084348,-1.6618,-1.4015,19.81,-24.558,-4.6184,0,0,0,6.8148,6.8595,6.7092,6.7956,39.398,35.233,-6.6437,53.503,199.33,284.23
11.8,-3.2726,5.4255,2.1428,0.21884,-0.2549,0.5955,-0.72974,-6.26,-7.3423,1.359,0.097273,-1.7087,-1.4529,20.206,-24.195,-4.67,0,0,0,6.8063,6.8575,6.695,6.7894,39.957,37.297,-3.6038,58.08,213.75,323.3
11.81,-3.3342,5.3509,2.1561,0.22795,-0.25797,0.59435,-0.7268,-6.056,-7.5823,1.3121,0.19759,-1.7605,-1.5069,20.609,-23.812,-4.6893,0,0,0,6.7979,6.8554,6.6818,6.7838,40.553,39.51,-0.18866,60.724,228.96,359.09
11.82,-3.3937,5.2739,2.169,0.23741,-0.26104,0.59272,-0.724,-5.8478,-7.8184,1.2653,0.30808,-1.8174,-1.5631,21.017,-23.405,-4.6726,0,0,0,6.7897,6.8532,6.67,6.7789,41.164,41.879,3.5637,61.153,244.99,390.57
11.83,-3.4512,5.1945,2.1814,0.24727,-0.26407,0.59058,-0.72135,-5.6356,-8.0503,1.2188,0.42713,-1.8796,-1.6208,21.432,-22.973,-4.617,0,0,0,6.7818,6.851,6.6599,6.7747,41.768,44.413,7.605,59.083,261.84,416.73
11.84,-3.5064,5.1129,2.1934,0.25756,-0.26706,0.58788,-0.71885,-5.4192,-8.2778,1.1731,0.55275,-1.9473,-1.6795,21.853,-22.516,-4.5198,0,0,0,6.7746,6.8487,6.6515,6.7713,42.337,47.119,11.877,54.232,279.52,436.55
11.85,-3.5595,5.029,2.2049,0.26831,-0.27001,0.58459,-0.71649,-5.1985,-8.5005,1.1286,0.68267,-2.0204,-1.7385,22.279,-22.03,-4.3789,0,0,0,6.768,6.8465,6.6452,6.7688,42.842,50.006,16.311,46.316,298.04,449
11.86,-3.6104,4.9429,2.216,0.27954,-0.27291,0.5807,-0.71426,-4.9736,-8.7183,1.0857,0.81431,-2.0991,-1.7972,22.709,-21.515,-4.1933,0,0,0,6.7624,6.8444,6.641,6.7672,43.252,53.083,20.829,35.052,317.42,453.08
11.87,-3.659,4.8546,2.2266,0.29128,-0.27578,0.57617,-0.71213,-4.7443,-8.9307,1.0448,0.94481,-2.1833,-1.8551,23.143,-20.968,-3.9624,0,0,0,6.7579,6.8424,6.639,6.7664,43.531,56.357,25.342,20.156,337.68,447.75
11.88,-3.7053,4.7643,2.2369,0.30351,-0.27861,0.57101,-0.71008,-4.5107,-9.1375,1.0066,1.0711,-2.2728,-1.9117,23.579,-20.387,-3.6868,0,0,0,6.7548,6.8406,6.6392,6.7663,43.642,59.839,29.75,1.4342,358.76,432.23
11.89,-3.7492,4.6719,2.2468,0.31623,-0.28144,0.5652,-0.70805,-4.2727,-9.3384,0.97125,1.1902,-2.3676,-1.9667,24.015,-19.771,-3.3681,0,0,0,6.7532,6.8392,6.6414,6.7671,43.548,63.534,33.954,-20.797,380.25,407.05
11.9,-3.7907,4.5775,2.2563,0.32943,-0.28428,0.55875,-0.70602,-4.0304,-9.5328,0.93934,1.2994,-2.4673,-2.0198,24.449,-19.116,-3.0087,0,0,0,6.7531,6.8383,6.6454,6.7685,43.216,67.444,37.862,-46.038,401.63,373.21
11.91,-3.8298,4.4813,2.2656,0.34306,-0.28718,0.55167,-0.70392,-3.7838,-9.7206,0.9112,1.3965,-2.5716,-2.0711,24.879,-18.421,-2.6121,0,0,0,6.7546,6.8381,6.6508,6.7706,42.619,71.564,41.393,-73.788,422.36,331.7
11.92,-3.8664,4.3832,2.2745,0.3571,-0.29017,0.54397,-0.7017,-3.5329,-9.9011,0.88721,1.4798,-2.6801,-2.1206,25.301,-17.684,-2.1823,0,0,0,6.7574,6.8385,6.6573,6.7732,41.734,75.887,44.474,-103.55,441.91,283.53
11.93,-3.9004,4.2833,2.2833,0.37148,-0.2933,0.53568,-0.6993,-3.2778,-10.074,0.86765,1.5477,-2.7923,-2.1685,25.712,-16.903,-1.7243,0,0,0,6.7616,6.8396,6.6646,6.7763,40.543,80.397,47.044,-134.82,459.75,229.69
11.94,-3.9319,4.1817,2.2919,0.38616,-0.29662,0.52681,-0.69669,-3.0187,-10.239,0.8528,1.5995,-2.9078,-2.215,26.111,-16.075,-1.2433,0,0,0,6.7669,6.8414,6.6724,6.7797,39.034,85.075,49.052,-167.1,475.35,171.2
11.95,-3.9608,4.0785,2.3004,0.40107,-0.30018,0.51738,-0.69379,-2.7556,-10.395,0.84284,1.6345,-3.0259,-2.2605,26.492,-15.201,-0.74526,0,0,0,6.773,6.8436,6.6803,6.7832,37.199,89.895,50.456,-199.89,488.17,109.04
11.96,-3.987,3.9738,2.3088,0.41615,-0.30403,0.50743,-0.69058,-2.4889,-10.543,0.83793,1.6524,-3.1462,-2.3052,26.853,-14.277,-0.23632,0,0,0,6.7797,6.8461,6.6881,6.7867,35.036,94.827,51.224,-232.69,497.68,44.212
11.97,-4.0105,3.8677,2.3172,0.43134,-0.30821,0.49698,-0.687,-2.2187,-10.681,0.83813,1.6534,-3.2681,-2.3494,27.192,-13.304,0.27703,0,0,0,6.7867,6.8488,6.6954,6.7901,32.547,99.836,51.335,-265.01,503.36,-22.275
11.98,-4.0314,3.7602,2.3256,0.44656,-0.31279,0.48606,-0.68301,-1.9452,-10.809,0.84346,1.6378,-3.391,-2.3934,27.503,-12.28,0.78814,0,0,0,6.7935,6.8513,6.7019,6.7932,29.739,104.88,50.776,-296.33,504.65,-89.424
11.99,-4.0494,3.6516,2.334,0.46174,-0.3178,0.4747,-0.67857,-1.6687,-10.926,0.85386,1.6063,-3.5145,-2.4375,27.785,-11.206,1.2903,0,0,0,6.8,6.8535,6.7075,6.7958,26.625,109.91,49.547,-326.17,501.05,-156.24
12,-4.0647,3.5417,2.3427,0.47684,-0.32328,0.46293,-0.67366,-1.3896,-11.033,0.86922,1.5594,-3.6378,-2.4818,28.035,-10.082,1.7769,0,0,0,6.8056,6.8551,6.712,6.7977,23.222,114.88,47.656,-354.01,492,-221.71
12.01,-4.0772,3.4309,2.3514,0.49177,-0.32926,0.45078,-0.66824,-1.1081,-11.128,0.88933,1.4983,-3.7602,-2.5263,28.249,-8.9091,2.2413,0,0,0,6.8101,6.8559,6.7154,6.799,19.553,119.73,45.121,-379.37,476.99,-284.85
12.02,-4.0869,3.3192,2.3605,0.50649,-0.33579,0.43828,-0.66229,-0.8247,-11.211,0.91395,1.4236,-3.8811,-2.5709,28.425,-7.6882,2.6772,0,0,0,6.813,6.8556,6.7177,6.7995,15.645,124.4,41.97,-401.73,455.47,-344.65
12.03,-4.0937,3.2068,2.3697,0.52094,-0.34287,0.42545,-0.65578,-0.53974,-11.281,0.94276,1.3367,-3.9992,-2.6152,28.561,-6.4219,3.0788,0,0,0,6.8142,6.8542,6.7191,6.7994,11.53,128.82,38.243,-420.61,426.92,-400.11
12.04,-4.0977,3.0937,2.3793,0.53507,-0.35051,0.41235,-0.6487,-0.25362,-11.339,0.97539,1.2384,-4.1134,-2.6588,28.655,-5.1129,3.4403,0,0,0,6.8133,6.8515,6.7198,6.7987,7.246,132.91,33.986,-435.5,390.8,-450.23
12.05,-4.0988,2.98,2.3893,0.54882,-0.35873,0.39898,-0.64103,0.033218,-11.383,1.0114,1.13,-4.2219,-2.701,28.706,-3.765,3.7569,0,0,0,6.8101,6.8475,6.7203,6.7976,2.835,136.61,29.259,-445.93,346.64,-494.05
12.06,-4.097,2.866,2.3996,0.56215,-0.36752,0.38541,-0.63275,0.32034,-11.414,1.0504,1.0125,-4.3228,-2.7407,28.712,-2.3824,4.0242,0,0,0,6.8048,6.8423,6.721,6.7963,-1.6574,139.82,24.127,-451.8,294.8,-531.17
12.07,-4.0924,2.7518,2.4103,0.57501,-0.37684,0.37167,-0.62387,0.6073,-11.431,1.0917,0.88727,-4.4143,-2.777,28.672,-0.9704,4.2383,0,0,0,6.7976,6.8362,6.7221,6.795,-6.1868,142.48,18.658,-453.38,236.41,-561.67
12.08,-4.0849,2.6375,2.4214,0.58736,-0.38668,0.35782,-0.61437,0.89364,-11.434,1.1349,0.7552,-4.4943,-2.8091,28.588,0.46519,4.3964,0,0,0,6.789,6.8295,6.7238,6.7939,-10.712,144.53,12.916,-450.93,172.59,-585.68
12.09,-4.0745,2.5232,2.433,0.59915,-0.397,0.3439,-0.60427,1.1789,-11.422,1.1795,0.61737,-4.5611,-2.8361,28.458,1.918,4.496,0,0,0,6.7794,6.8225,6.7266,6.7932,-15.193,145.92,6.9654,-444.69,104.49,-603.29
12.1,-4.0613,2.4091,2.445,0.61036,-0.40775,0.32999,-0.59355,1.4627,-11.395,1.2247,0.47481,-4.6134,-2.8572,28.284,3.3812,4.5352,0,0,0,6.7693,6.8155,6.7304,6.7932,-19.594,146.61,0.87073,-434.95,33.232,-614.61
12.11,-4.0453,2.2953,2.4575,0.62095,-0.41888,0.31614,-0.58225,1.7444,-11.354,1.27,0.32855,-4.6497,-2.8719,28.067,4.8478,4.5131,0,0,0,6.7591,6.8088,6.7355,6.7941,-23.881,146.58,-5.3061,-421.95,-40.038,-619.74
12.12,-4.0264,2.182,2.4704,0.63088,-0.43035,0.30243,-0.57037,2.0238,-11.298,1.3147,0.17966,-4.6692,-2.8796,27.807,6.3103,4.429,0,0,0,6.7492,6.8026,6.7419,6.7959,-28.023,145.81,-11.504,-405.97,-114.19,-618.8
12.13,-4.0048,2.0694,2.4838,0.64015,-0.44208,0.28893,-0.55794,2.3005,-11.228,1.3583,0.029215,-4.6711,-2.88,27.507,7.7614,4.2832,0,0,0,6.7399,6.7972,6.7495,6.7988,-31.991,144.29,-17.662,-387.26,-188.09,-611.88
12.14,-3.9804,1.9575,2.4976,0.64871,-0.45402,0.27573,-0.54499,2.5739,-11.143,1.4002,-0.12169,-4.6553,-2.8729,27.168,9.1938,4.0761,0,0,0,6.7314,6.7927,6.7582,6.8026,-35.76,142.05,-23.722,-366.09,-260.59,-599.1
12.15,-3.9533,1.8466,2.5118,0.65658,-0.46612,0.26288,-0.53154,2.8437,-11.044,1.4397,-0.27193,-4.6217,-2.8584,26.792,10.6,3.8092,0,0,0,6.724,6.789,6.7677,6.8074,-39.306,139.09,-29.625,-342.71,-330.58,-580.56
12.16,-3.9236,1.7367,2.5263,0.66373,-0.47831,0.25048,-0.51763,3.1096,-10.931,1.4762,-0.42034,-4.5709,-2.8365,26.383,11.973,3.4843,0,0,0,6.7176,6.7862,6.7777,6.8128,-42.608,135.45,-35.314,-317.39,-396.9,-556.37
12.17,-3.8911,1.628,2.5413,0.67016,-0.49054,0.23858,-0.50332,3.3712,-10.805,1.5092,-0.56574,-4.5037,-2.8075,25.941,13.307,3.1039,0,0,0,6.7123,6.7841,6.7878,6.8186,-45.648,131.17,-40.734,-290.4,-458.42,-526.64
12.18,-3.8561,1.5206,2.5565,0.67589,-0.50277,0.22724,-0.48863,3.6283,-10.665,1.5381,-0.70692,-4.421,-2.7719,25.471,14.595,2.6707,0,0,0,6.7079,6.7827,6.7975,6.8246,-48.411,126.3,-45.829,-261.98,-514.02,-491.46
12.19,-3.8186,1.4147,2.572,0.68091,-0.51493,0.21654,-0.47362,3.8806,-10.513,1.5624,-0.84261,-4.3242,-2.7304,24.974,15.831,2.1885,0,0,0,6.7044,6.7818,6.8063,6.8305,-50.884,120.91,-50.545,-232.41,-562.54,-450.95
12.2,-3.7786,1.3104,2.5877,0.68524,-0.52699,0.20651,-0.45834,4.1277,-10.349,1.5817,-0.97149,-4.215,-2.6836,24.454,17.011,1.6613,0,0,0,6.7014,6.7811,6.8139,6.8358,-53.056,115.08,-54.83,-201.95,-602.87,-405.21
12.21,-3.7361,1.2078,2.6036,0.68891,-0.53891,0.19718,-0.44284,4.3696,-10.173,1.5955,-1.0922,-4.0948,-2.6324,23.914,18.132,1.0935,0,0,0,6.6988,6.7806,6.8197,6.8403,-54.921,108.89,-58.632,-170.85,-633.86,-354.35
12.22,-3.6912,1.107,2.6196,0.69192,-0.55064,0.18859,-0.42717,4.6059,-9.9863,1.6034,-1.2032,-3.9657,-2.5777,23.357,19.188,0.4904,0,0,0,6.6963,6.7801,6.8235,6.8437,-56.472,102.44,-61.901,-139.39,-654.39,-298.48
12.23,-3.644,1.0081,2.6357,0.69431,-0.56216,0.18074,-0.41139,4.8367,-9.7894,1.6052,-1.3029,-3.8294,-2.5204,22.785,20.18,-0.14254,0,0,0,6.6936,6.7795,6.825,6.8459,-57.708,95.834,-64.587,-107.81,-664.13,-238.06
12.24,-3.5945,0.91124,2.6517,0.69611,-0.57342,0.17362,-0.39557,5.0616,-9.583,1.6005,-1.3897,-3.6876,-2.4615,22.203,21.105,-0.79925,0,0,0,6.6905,6.7787,6.8246,6.847,-58.629,89.186,-66.65,-76.384,-663.97,-174.07
12.25,-3.5428,0.81648,2.6677,0.69736,-0.58439,0.16724,-0.37975,5.2807,-9.3676,1.5892,-1.4623,-3.5416,-2.4015,21.614,21.964,-1.4734,0,0,0,6.6866,6.7775,6.8224,6.847,-59.237,82.584,-68.06,-45.355,-654.91,-107.56
12.26,-3.4889,0.72392,2.6835,0.69811,-0.59503,0.16155,-0.364,5.4939,-9.1439,1.571,-1.5193,-3.3925,-2.3409,21.02,22.757,-2.1582,0,0,0,6.6819,6.776,6.8189,6.8462,-59.538,76.114,-68.796,-14.983,-637.95,-39.548
12.27,-3.4329,0.63363,2.6991,0.69838,-0.6053,0.15653,-0.34838,5.7011,-8.9126,1.546,-1.5595,-3.2414,-2.2797,20.424,23.487,-2.847,0,0,0,6.6764,6.7741,6.8143,6.8448,-59.54,69.848,-68.849,14.476,-614.08,28.923
12.28,-3.3749,0.54569,2.7144,0.69825,-0.61518,0.15213,-0.33296,5.9024,-8.6744,1.5141,-1.5819,-3.0891,-2.2182,19.83,24.155,-3.5329,0,0,0,6.6702,6.772,6.809,6.8429,-59.252,63.852,-68.22,42.767,-584.31,96.821
12.29,-3.3149,0.46016,2.7293,0.69776,-0.62462,0.14831,-0.31779,6.0977,-8.4297,1.4754,-1.5857,-2.9366,-2.1564,19.24,24.765,-4.2092,0,0,0,6.6635,6.7698,6.8034,6.8409,-58.689,58.178,-66.918,69.635,-549.62,163.11
12.3,-3.2529,0.37712,2.7439,0.69697,-0.63358,0.14502,-0.30295,6.2872,-8.1793,1.4299,-1.5706,-2.7849,-2.094,18.657,25.32,-4.8691,0,0,0,6.6565,6.7675,6.7978,6.839,-57.865,52.872,-64.966,94.823,-511.02,226.76
12.31,-3.1891,0.2966,2.7579,0.69595,-0.64203,0.14219,-0.28849,6.4709,-7.9235,1.3781,-1.5362,-2.6348,-2.0312,18.083,25.823,-5.5064,0,0,0,6.6496,6.7654,6.7925,6.8374,-56.799,47.968,-62.395,118.08,-469.51,286.73
12.32,-3.1235,0.21866,2.7714,0.69477,-0.64994,0.13977,-0.27446,6.6489,-7.6629,1.3199,-1.4831,-2.4872,-1.9676,17.522,26.28,-6.1151,0,0,0,6.6432,6.7636,6.7878,6.8362,-55.511,43.489,-59.247,139.14,-426.07,341.99
12.33,-3.0562,0.14335,2.7843,0.69351,-0.65727,0.1377,-0.26092,6.8214,-7.398,1.2559,-1.4119,-2.3432,-1.9033,16.974,26.695,-6.6896,0,0,0,6.6375,6.7621,6.784,6.8356,-54.025,39.449,-55.575,157.76,-381.72,391.5
12.34,-2.9871,0.070713,2.7965,0.69222,-0.66401,0.13593,-0.2479,6.9884,-7.1292,1.1863,-1.3238,-2.2036,-1.8382,16.442,27.071,-7.225,0,0,0,6.6329,6.7612,6.7813,6.8357,-52.365,35.854,-51.44,173.67,-337.44,434.24
12.35,-2.9164,0.00078088,2.808,0.69098,-0.67011,0.13441,-0.23543,7.1503,-6.8567,1.1115,-1.2206,-2.0692,-1.7723,15.927,27.413,-7.7171,0,0,0,6.6299,6.7609,6.7799,6.8364,-50.561,32.697,-46.916,186.63,-294.23,469.16
12.36,-2.8441,-0.06641,2.8187,0.68986,-0.67558,0.13309,-0.22353,7.307,-6.581,1.0321,-1.1046,-1.9409,-1.7056,15.431,27.726,-8.1623,0,0,0,6.6287,6.7613,6.7798,6.8378,-48.643,29.962,-42.086,196.37,-253.1,495.23
12.37,-2.7703,-0.13083,2.8286,0.68892,-0.6804,0.13194,-0.2122,7.4589,-6.3023,0.94842,-0.97856,-1.8194,-1.6385,14.955,28.014,-8.5581,0,0,0,6.6297,6.7624,6.7812,6.8397,-46.645,27.625,-37.044,202.65,-215.03,511.42
12.38,-2.695,-0.19245,2.8377,0.68821,-0.68458,0.13092,-0.20145,7.6062,-6.0208,0.86108,-0.84576,-1.7052,-1.5712,14.498,28.28,-8.9029,0,0,0,6.6331,6.7644,6.7841,6.8421,-44.603,25.648,-31.894,205.2,-181.03,516.7
12.39,-2.6182,-0.25124,2.8458,0.68776,-0.68811,0.13002,-0.19126,7.749,-5.7368,0.77054,-0.70998,-1.5989,-1.5041,14.062,28.528,-9.196,0,0,0,6.6393,6.7671,6.7885,6.8448,-42.554,23.987,-26.75,203.77,-152.09,510.02
12.4,-2.54,-0.30717,2.8531,0.68761,-0.69103,0.12922,-0.18159,7.8875,-5.4503,0.67733,-0.57539,-1.5008,-1.4379,13.647,28.761,-9.4383,0,0,0,6.6483,6.7706,6.7943,6.8475,-40.541,22.587,-21.736,198.21,-128.99,490.72
12.41,-2.4605,-0.36024,2.8594,0.68777,-0.69335,0.12851,-0.1724,8.022,-5.1616,0.58194,-0.44617,-1.4113,-1.3732,13.251,28.98,-9.6316,0,0,0,6.6602,6.775,6.8013,6.8503,-38.603,21.389,-16.974,188.9,-111.49,459.95
12.42,-2.3796,-0.4104,2.8647,0.68822,-0.69513,0.1279,-0.16366,8.1526,-4.8707,0.48485,-0.32604,-1.3305,-1.3108,12.875,29.189,-9.779,0,0,0,6.6745,6.7802,6.8092,6.8529,-36.774,20.341,-12.57,176.38,-98.973,419.41
12.43,-2.2974,-0.45764,2.8691,0.68896,-0.69641,0.12738,-0.1553,8.2795,-4.5778,0.3865,-0.21818,-1.2584,-1.2515,12.515,29.387,-9.8845,0,0,0,6.6911,6.7862,6.8176,6.8554,-35.084,19.395,-8.6125,161.2,-90.866,370.8
12.44,-2.214,-0.50195,2.8724,0.68994,-0.69726,0.12697,-0.14727,8.403,-4.283,0.28728,-0.12517,-1.1948,-1.1959,12.172,29.577,-9.9529,0,0,0,6.7094,6.793,6.8265,6.8577,-33.557,18.51,-5.1747,143.89,-86.576,315.84
12.45,-2.1294,-0.5433,2.8748,0.69114,-0.69772,0.12666,-0.13953,8.523,-3.9863,0.18754,-0.049005,-1.1394,-1.1448,11.844,29.758,-9.9899,0,0,0,6.7289,6.8002,6.8354,6.8597,-32.211,17.652,-2.3112,125,-85.513,256.22
12.46,-2.0436,-0.58167,2.8762,0.69249,-0.69788,0.12646,-0.13201,8.6399,-3.6879,0.087569,0.0089257,-1.0918,-1.0985,11.528,29.93,-10.001,0,0,0,6.7492,6.8079,6.8442,6.8613,-31.06,16.791,-0.060092,105.07,-87.089,193.65
12.47,-1.9566,-0.61705,2.8766,0.69394,-0.69781,0.12637,-0.12468,8.7536,-3.3878,-0.012416,0.047825,-1.0515,-1.0576,11.222,30.093,-9.9932,0,0,0,6.7697,6.8156,6.8526,6.8625,-30.112,15.904,1.5577,84.645,-90.714,129.85
12.48,-1.8685,-0.64942,2.8759,0.69543,-0.69757,0.12639,-0.11748,8.8643,-3.0861,-0.11225,0.067477,-1.0179,-1.0222,10.925,30.248,-9.9722,0,0,0,6.7898,6.8232,6.8603,6.8632,-29.367,14.972,2.5384,64.261,-95.8,66.5
12.49,-1.7793,-0.67877,2.8743,0.6969,-0.69724,0.12651,-0.11038,8.9721,-2.7828,-0.21184,0.068227,-0.99016,-0.99263,10.634,30.393,-9.9445,0,0,0,6.809,6.8304,6.8671,6.8632,-28.824,13.985,2.895,44.461,-101.76,5.3224
12.5,-1.6891,-0.70507,2.8717,0.6983,-0.69688,0.12671,-0.10336,9.077,-2.4782,-0.31114,0.050968,-0.96765,-0.96874,10.347,30.527,-9.9163,0,0,0,6.8266,6.8369,6.8726,6.8625,-28.474,12.936,2.6577,25.79,-108,-51.982
12.51,-1.5978,-0.72833,2.8681,0.69955,-0.69658,0.12698,-0.09639,9.1791,-2.1723,-0.41018,0.017119,-0.94952,-0.95043,10.064,30.651,-9.8932,0,0,0,6.8421,6.8423,6.8765,6.861,-28.303,11.826,1.8739,8.7882,-113.93,-103.71
12.52,-1.5055,-0.74851,2.8635,0.70061,-0.69637,0.12731,-0.089467,9.2783,-1.8652,-0.50904,-0.031384,-0.93492,-0.9374,9.7809,30.764,-9.8804,0,0,0,6.8551,6.8465,6.8788,6.8586,-28.291,10.661,0.60788,-6.0019,-118.97,-148.15
12.53,-1.4122,-0.76563,2.8579,0.70143,-0.69633,0.12767,-0.082581,9.3747,-1.5571,-0.60784,-0.092095,-0.92305,-0.92923,9.4975,30.864,-9.8824,0,0,0,6.865,6.8493,6.8791,6.8554,-28.414,9.4517,-1.059,-18.038,-122.52,-183.6
12.54,-1.318,-0.77965,2.8513,0.70198,-0.69649,0.12804,-0.075737,9.4683,-1.248,-0.70675,-0.16205,-0.91308,-0.92534,9.2123,30.953,-9.9026,0,0,0,6.8715,6.8504,6.8772,6.8513,-28.641,8.2171,-3.0284,-26.779,-124,-208.35
12.55,-1.2229,-0.79058,2.8438,0.70223,-0.69688,0.1284,-0.06894,9.5589,-0.93808,-0.80596,-0.23777,-0.90426,-0.92499,8.9244,31.029,-9.9436,0,0,0,6.8741,6.8497,6.8733,6.8467,-28.937,6.9806,-5.1847,-31.682,-122.81,-220.71
12.56,-1.1268,-0.79841,2.8352,0.70216,-0.69752,0.12872,-0.062203,9.6467,-0.62747,-0.90569,-0.31521,-0.89588,-0.92726,8.6334,31.092,-10.006,0,0,0,6.8726,6.8473,6.8673,6.8417,-29.26,5.7717,-7.3955,-32.205,-118.38,-218.95
12.57,-1.0299,-0.80313,2.8257,0.70179,-0.69841,0.129,-0.055539,9.7316,-0.31627,-1.0062,-0.38977,-0.88727,-0.93102,8.3393,31.144,-10.091,0,0,0,6.8668,6.8432,6.8595,6.8367,-29.564,4.6257,-9.5115,-27.881,-110.18,-201.61
12.58,-0.93221,-0.80474,2.8151,0.70111,-0.69953,0.12922,-0.048965,9.8135,-0.0046161,-1.1076,-0.45657,-0.87788,-0.93498,8.0424,31.185,-10.196,0,0,0,6.8569,6.8376,6.8501,6.8321,-29.802,3.5795,-11.378,-18.954,-98.535,-169.3
12.59,-0.83368,-0.80322,2.8035,0.70018,-0.70086,0.12937,-0.042493,9.8924,0.3074,-1.2101,-0.51111,-0.86733,-0.93783,7.7436,31.216,-10.317,0,0,0,6.8433,6.8306,6.8395,6.8281,-29.93,2.664,-12.854,-6.0662,-84.177,-123.82
12.6,-0.73437,-0.79859,2.7909,0.69904,-0.70233,0.12947,-0.036135,9.9684,0.61968,-1.314,-0.54934,-0.85535,-0.93827,7.4443,31.239,-10.451,0,0,0,6.8266,6.8225,6.8283,6.8248,-29.912,1.9025,-13.816,10.138,-67.864,-66.971
12.61,-0.63432,-0.79083,2.7772,0.69776,-0.70389,0.12951,-0.029895,10.041,0.93216,-1.4192,-0.56774,-0.84185,-0.93507,7.1459,31.255,-10.592,0,0,0,6.8073,6.8136,6.8168,6.8226,-29.719,1.3108,-14.161,29.014,-50.349,-0.57
12.62,-0.53356,-0.77994,2.7625,0.69641,-0.70546,0.12952,-0.023772,10.111,1.2448,-1.5258,-0.56331,-0.82681,-0.92701,6.8506,31.266,-10.732,0,0,0,6.7861,6.8044,6.8057,6.8217,-29.325,0.89704,-13.802,49.916,-32.383,73.578
12.63,-0.43211,-0.76593,2.7467,0.69508,-0.70695,0.12954,-0.01776,10.178,1.5575,-1.6338,-0.53359,-0.81035,-0.91303,6.5602,31.273,-10.865,0,0,0,6.7636,6.795,6.7951,6.8222,-28.716,0.66209,-12.67,72.199,-14.72,153.66
12.64,-0.33,-0.74879,2.7298,0.69386,-0.70826,0.1296,-0.011843,10.243,1.8702,-1.7431,-0.47679,-0.79271,-0.89218,6.277,31.28,-10.983,0,0,0,6.7405,6.7859,6.7856,6.8242,-27.879,0.59912,-10.715,95.219,1.8867,237.88
12.65,-0.22727,-0.72853,2.7118,0.69285,-0.70928,0.12975,-0.0059964,10.304,2.1831,-1.8534,-0.39172,-0.77429,-0.86372,6.0034,31.286,-11.077,0,0,0,6.7175,6.7773,6.7772,6.8278,-26.811,0.6938,-7.9044,118.33,16.685,324.42
12.66,-0.12393,-0.70513,2.6927,0.69217,-0.70992,0.13005,-0.00018738,10.363,2.496,-1.9645,-0.27789,-0.75564,-0.8272,5.7415,31.294,-11.138,0,0,0,6.6952,6.7694,6.7701,6.8328,-25.514,0.92428,-4.2246,140.89,28.922,411.47
12.67,-0.020021,-0.67861,2.6725,0.6919,-0.71007,0.13057,0.0056257,10.419,2.8089,-2.076,-0.13552,-0.73752,-0.78241,5.4938,31.305,-11.158,0,0,0,6.6743,6.7627,6.7643,6.8389,-23.997,1.2612,0.32076,162.25,37.846,497.23
12.68,0.084438,-0.64895,2.6512,0.69215,-0.7096,0.13138,0.011493,10.473,3.1221,-2.1875,0.03448,-0.72097,-0.72954,5.2623,31.319,-11.129,0,0,0,6.6555,6.757,6.7596,6.8459,-22.275,1.6676,5.7097,181.76,42.702,579.89
12.69,0.18942,-0.61617,2.6288,0.69301,-0.70843,0.13254,0.017475,10.524,3.4353,-2.2984,0.2305,-0.70725,-0.66913,5.0489,31.338,-11.041,0,0,0,6.6393,6.7528,6.7559,6.8535,-20.37,2.0992,11.902,198.79,42.738,657.64
12.7,0.29491,-0.58025,2.6053,0.69456,-0.70643,0.13412,0.023638,10.574,3.7488,-2.4081,0.45021,-0.69796,-0.60208,4.8554,31.361,-10.888,0,0,0,6.6263,6.75,6.7529,6.8612,-18.31,2.5038,18.84,212.68,37.202,728.66
12.71,0.40089,-0.54119,2.5806,0.69686,-0.70351,0.13618,0.030056,10.621,4.0626,-2.5159,0.69062,-0.69496,-0.52971,4.6831,31.388,-10.662,0,0,0,6.617,6.7488,6.7505,6.8686,-16.129,2.8221,26.447,222.79,25.341,791.17
12.72,0.50733,-0.49899,2.555,0.69998,-0.69958,0.13878,0.036809,10.667,4.3766,-2.6211,0.94806,-0.70037,-0.45362,4.5331,31.417,-10.357,0,0,0,6.612,6.7492,6.7486,6.8755,-13.869,2.9871,34.629,228.48,6.4022,843.33
12.73,0.61423,-0.45366,2.5282,0.70393,-0.69455,0.14194,0.043981,10.712,4.6909,-2.7228,1.2182,-0.71651,-0.37573,4.4058,31.447,-9.9681,0,0,0,6.6115,6.7514,6.7469,6.8816,-11.577,2.9241,43.273,229.1,-20.368,883.36
12.74,0.72157,-0.40517,2.5005,0.70873,-0.68833,0.14569,0.051654,10.756,5.0055,-2.8201,1.496,-0.74576,-0.29813,4.3015,31.475,-9.4907,0,0,0,6.616,6.7553,6.7456,6.8865,-9.3063,2.5511,52.25,224,-55.722,909.43
12.75,0.82934,-0.35354,2.4718,0.71436,-0.68088,0.15,0.059908,10.798,5.3204,-2.9123,1.7758,-0.79042,-0.22306,4.2194,31.497,-8.9225,0,0,0,6.6256,6.7611,6.7449,6.8902,-7.1179,1.7785,61.409,212.55,-100.41,919.74
12.76,0.93753,-0.29877,2.4423,0.72078,-0.67213,0.15483,0.068814,10.84,5.6354,-2.9983,2.0517,-0.85252,-0.15273,4.1586,31.509,-8.2625,0,0,0,6.6403,6.7686,6.7449,6.8926,-5.0786,0.50923,70.586,194.09,-155.19,912.48
12.77,1.0461,-0.24084,2.4119,0.72792,-0.66207,0.16011,0.07843,10.881,5.9505,-3.0772,2.317,-0.93359,-0.089277,4.1171,31.505,-7.5114,0,0,0,6.6599,6.7778,6.7459,6.8937,-3.2605,-1.3597,79.597,168.38,-220.2,886.69
12.78,1.1552,-0.17976,2.3808,0.7357,-0.65069,0.16572,0.088792,10.922,6.2655,-3.1482,2.5658,-1.0345,-0.034434,4.0924,31.479,-6.6717,0,0,0,6.6833,6.7884,6.7481,6.8939,-1.7325,-3.9239,88.262,136.22,-293.94,843.67
12.79,1.2646,-0.11553,2.349,0.744,-0.63801,0.17153,0.099914,10.963,6.58,-3.2104,2.7932,-1.1552,0.010627,4.0813,31.424,-5.7478,0,0,0,6.7094,6.8001,6.7517,6.8935,-0.55413,-7.2617,96.418,98.636,-374.61,785.15
12.8,1.3744,-0.048157,2.3166,0.75272,-0.62406,0.17737,0.11178,11.004,6.8938,-3.2629,2.9951,-1.2949,0.045293,4.08,31.331,-4.7455,0,0,0,6.737,6.8124,6.7564,6.8929,0.2254,-11.433,103.92,56.614,-460.41,712.82
12.81,1.4847,0.022345,2.2837,0.76173,-0.60892,0.18306,0.12436,11.045,7.2065,-3.305,3.1693,-1.4523,0.069444,4.0843,31.192,-3.6721,0,0,0,6.7648,6.8246,6.7619,6.892,0.56673,-16.481,110.63,11.162,-549.55,628.41
12.82,1.5953,0.095967,2.2505,0.77092,-0.59267,0.1884,0.13758,11.086,7.5175,-3.3361,3.3143,-1.6254,0.083384,4.0898,30.998,-2.5358,0,0,0,6.7915,6.8362,6.7676,6.8908,0.44055,-22.429,116.45,-36.718,-640.24,533.61
12.83,1.7064,0.17269,2.2171,0.78018,-0.57539,0.19321,0.15137,11.127,7.8262,-3.3556,3.4302,-1.8119,0.087738,4.0915,30.741,-1.3463,0,0,0,6.8158,6.8461,6.7726,6.8888,-0.17238,-29.285,121.28,-86.024,-730.67,430.15
12.84,1.8179,0.25248,2.1835,0.78942,-0.55719,0.19729,0.16561,11.168,8.1321,-3.3629,3.5184,-2.0099,0.083365,4.0847,30.41,-0.11385,0,0,0,6.8363,6.8535,6.7756,6.8855,-1.2813,-37.036,125.03,-135.75,-819.06,319.72
12.85,1.9297,0.33532,2.1498,0.79857,-0.53817,0.20048,0.1802,11.208,8.4342,-3.3578,3.5812,-2.2175,0.07126,4.0643,29.997,1.1506,0,0,0,6.8516,6.857,6.7753,6.8802,-2.8855,-45.653,127.65,-184.9,-903.61,204.04
12.86,2.042,0.42115,2.1163,0.80755,-0.51843,0.20263,0.19502,11.249,8.7317,-3.3398,3.6217,-2.4334,0.052481,4.0254,29.494,2.4353,0,0,0,6.8606,6.8556,6.7703,6.8719,-4.9741,-55.089,129.1,-232.47,-982.52,84.817
12.87,2.1547,0.50993,2.0831,0.81634,-0.49805,0.2036,0.20996,11.289,9.0237,-3.309,3.6437,-2.657,0.028089,3.9632,28.893,3.7286,0,0,0,6.8621,6.8478,6.7591,6.8595,-7.5263,-65.279,129.35,-277.46,-1054,-36.235
12.88,2.2678,0.6016,2.0502,0.8249,-0.47711,0.20327,0.22492,11.328,9.3092,-3.2653,3.6514,-2.8885,-0.00090324,3.8734,28.186,5.0182,0,0,0,6.8549,6.8325,6.7402,6.8419,-10.511,-76.139,128.38,-318.86,-1116.3,-157.41
12.89,2.3813,0.69609,2.0178,0.83322,-0.45565,0.20155,0.2398,11.366,9.5871,-3.2087,3.6488,-3.1289,-0.033551,3.7517,27.368,6.2921,0,0,0,6.8381,6.8084,6.7122,6.818,-13.888,-87.567,126.2,-355.67,-1167.5,-276.99
12.9,2.4951,0.79331,1.9861,0.84129,-0.43371,0.19835,0.25452,11.403,9.8562,-3.1395,3.64,-3.3797,-0.068991,3.5945,26.433,7.5383,0,0,0,6.8109,6.7746,6.6743,6.7869,-17.606,-99.446,122.85,-386.88,-1205.9,-393.28
12.91,2.6093,0.89318,1.9551,0.84912,-0.41129,0.19359,0.26901,11.438,10.115,-3.0581,3.6288,-3.6427,-0.10644,3.3986,25.378,8.7452,0,0,0,6.7729,6.7302,6.6255,6.7476,-21.604,-111.64,118.35,-411.51,-1229.7,-504.56
12.92,2.7239,0.99558,1.925,0.8567,-0.38836,0.1872,0.28318,11.471,10.363,-2.9648,3.6185,-3.9201,-0.14518,3.1617,24.2,9.9018,0,0,0,6.7237,6.675,6.5659,6.6997,-25.811,-123.99,112.78,-428.54,-1237.1,-609.12
12.93,2.8387,1.1004,1.8958,0.86404,-0.3649,0.1791,0.297,11.501,10.599,-2.8602,3.6118,-4.2137,-0.18452,2.882,22.898,10.997,0,0,0,6.6636,6.609,6.4956,6.6429,-30.146,-136.32,106.2,-436.97,-1226.3,-705.25
12.94,2.9539,1.2075,1.8678,0.87113,-0.34082,0.16923,0.31038,11.528,10.821,-2.7451,3.6108,-4.5244,-0.2238,2.5587,21.474,12.023,0,0,0,6.5929,6.5328,6.4157,6.5774,-34.518,-148.45,98.707,-435.8,-1195.5,-791.25
12.95,3.0693,1.3168,1.8409,0.87795,-0.31607,0.15751,0.32325,11.552,11.028,-2.6201,3.617,-4.8519,-0.26231,2.1918,19.931,12.969,0,0,0,6.5128,6.4479,6.3281,6.5037,-38.827,-160.16,90.413,-424.22,-1143.3,-865.6
12.96,3.1849,1.428,1.8154,0.88446,-0.29057,0.14391,0.33554,11.572,11.219,-2.486,3.6308,-5.1938,-0.29938,1.7827,18.273,13.829,0,0,0,6.4248,6.3563,6.2352,6.423,-42.97,-171.24,81.435,-402.76,-1070.9,-928.18
12.97,3.3007,1.5411,1.7913,0.89062,-0.26422,0.12836,0.34713,11.587,11.393,-2.3438,3.652,-5.546,-0.33437,1.3333,16.509,14.596,0,0,0,6.3311,6.2605,6.1401,6.3367,-46.853,-181.52,71.887,-372.5,-980.62,-979.46
12.98,3.4166,1.6558,1.7686,0.89636,-0.23698,0.11088,0.3579,11.598,11.549,-2.1944,3.6797,-5.9018,-0.36672,0.84676,14.646,15.265,0,0,0,6.2343,6.1637,6.0462,6.2469,-50.394,-190.8,61.882,-334.52,-874.72,-1019.9
12.99,3.5326,1.772,1.7474,0.90157,-0.20878,0.091487,0.36771,11.604,11.686,-2.0388,3.7123,-6.252,-0.39588,0.32682,12.696,15.832,0,0,0,6.1373,6.0694,5.9578,6.1558,-53.521,-198.97,51.524,-289.89,-755.49,-1049.9
13,3.6487,1.8895,1.7278,0.90616,-0.17962,0.070262,0.37639,11.605,11.803,-1.8781,3.7477,-6.5848,-0.42133,-0.22208,10.671,16.295,0,0,0,6.043,5.9814,5.8787,6.0661,-56.173,-205.88,40.917,-239.71,-625.25,-1070
13.01,3.7647,2.008,1.7098,0.91002,-0.14952,0.047356,0.38376,11.6,11.899,-1.7133,3.7834,-6.8863,-0.44258,-0.7949,8.5834,16.65,0,0,0,5.9548,5.9033,5.8129,5.9806,-58.3,-211.44,30.157,-185.04,-486.3,-1080.5
13.02,3.8807,2.1274,1.6935,0.91302,-0.11855,0.022992,0.38964,11.589,11.974,-1.5455,3.8168,-7.1413,-0.45924,-1.3862,6.447,16.897,0,0,0,5.8758,5.8386,5.7638,5.9021,-59.863,-215.58,19.337,-126.97,-340.91,-1082
13.03,3.9965,2.2474,1.6789,0.91506,-0.086828,-0.0025274,0.39386,11.572,12.028,-1.3757,3.8451,-7.335,-0.47103,-1.9902,4.2766,17.037,0,0,0,5.8093,5.7898,5.7337,5.8337,-60.832,-218.25,8.5446,-66.581,-191.4,-1075
13.04,4.1121,2.3679,1.666,0.91606,-0.054535,-0.028827,0.39627,11.549,12.06,-1.2051,3.8661,-7.4542,-0.47791,-2.6008,2.0871,17.069,0,0,0,5.7581,5.7591,5.7238,5.7783,-61.19,-219.4,-2.136,-4.9491,-40.053,-1059.8
13.05,4.2274,2.4885,1.6548,0.91599,-0.021877,-0.055476,0.39675,11.52,12.07,-1.0347,3.8779,-7.4901,-0.48005,-3.2119,-0.10639,16.995,0,0,0,5.7248,5.7472,5.7339,5.7385,-60.93,-219.05,-12.626,56.844,110.83,-1036.9
13.06,4.3425,2.6092,1.6453,0.91484,0.010913,-0.082007,0.39525,11.485,12.058,-0.86554,3.8795,-7.4387,-0.4779,-3.8174,-2.2889,16.817,0,0,0,5.7109,5.7542,5.7627,5.7164,-60.056,-217.2,-22.851,117.72,258.95,-1006.8
13.07,4.4571,2.7296,1.6375,0.91267,0.043598,-0.10795,0.39175,11.444,12.024,-0.69868,3.8707,-7.3022,-0.47213,-4.411,-4.4455,16.539,0,0,0,5.7174,5.779,5.8079,5.7133,-58.583,-213.89,-32.74,176.59,402.02,-969.98
13.08,4.5713,2.8496,1.6314,0.90958,0.075954,-0.13287,0.38631,11.397,11.969,-0.53509,3.8522,-7.0883,-0.46361,-4.9871,-6.5619,16.164,0,0,0,5.7437,5.8199,5.8666,5.7295,-56.535,-209.18,-42.229,232.39,537.74,-926.8
13.09,4.685,2.9689,1.6268,0.90569,0.10779,-0.15638,0.37902,11.344,11.893,-0.37571,3.8255,-6.8091,-0.45333,-5.54,-8.6247,15.696,0,0,0,5.7884,5.8745,5.9356,5.7641,-53.949,-203.16,-51.257,284.02,663.81,-877.77
13.1,4.7982,3.0874,1.6238,0.90114,0.13896,-0.17817,0.37,11.286,11.796,-0.22146,3.7926,-6.4791,-0.44229,-6.0644,-10.621,15.14,0,0,0,5.849,5.9402,6.0118,5.8151,-50.872,-195.94,-59.766,330.42,777.94,-823.33
13.11,4.9107,3.2048,1.6224,0.89608,0.16936,-0.19798,0.3594,11.223,11.681,-0.073183,3.7559,-6.1136,-0.43143,-6.5559,-12.54,14.502,0,0,0,5.9222,6.0142,6.0923,5.8798,-47.362,-187.65,-67.707,370.49,877.83,-763.93
13.12,5.0226,3.3209,1.6223,0.89064,0.19894,-0.21567,0.34737,11.155,11.546,0.06833,3.7176,-5.7273,-0.42158,-7.0105,-14.371,13.788,0,0,0,6.0046,6.0934,6.1743,5.9547,-43.487,-178.44,-75.03,403.17,961.19,-700.04
13.13,5.1338,3.4356,1.6237,0.88495,0.2277,-0.23114,0.33407,11.083,11.393,0.20235,3.6799,-5.3327,-0.4134,-7.4247,-16.106,13.004,0,0,0,6.0924,6.1753,6.2558,6.0364,-39.326,-168.49,-81.694,427.45,1025.9,-632.11
13.14,5.2443,3.5487,1.6264,0.87908,0.25565,-0.24435,0.31962,11.007,11.224,0.3282,3.6447,-4.9395,-0.40733,-7.7963,-17.739,12.157,0,0,0,6.1821,6.2574,6.3349,6.1212,-34.966,-157.99,-87.661,443.32,1072,-560.7
13.15,5.3539,3.6601,1.6302,0.87311,0.28283,-0.25529,0.30415,10.927,11.039,0.44529,3.613,-4.5544,-0.40366,-8.1236,-19.265,11.253,0,0,0,6.2706,6.3374,6.4103,6.206,-30.486,-147.11,-92.898,451.38,1100.7,-486.4
13.16,5.4628,3.7695,1.6352,0.86708,0.30932,-0.26399,0.28776,10.844,10.839,0.5531,3.5851,-4.1814,-0.40251,-8.4059,-20.681,10.301,0,0,0,6.3555,6.4137,6.4808,6.2879,-25.962,-136.03,-97.381,452.26,1113.5,-409.82
13.17,5.5708,3.8768,1.6413,0.86099,0.33514,-0.27049,0.27057,10.759,10.626,0.65118,3.5606,-3.822,-0.40387,-8.643,-21.985,9.3082,0,0,0,6.4347,6.4846,6.5456,6.3649,-21.463,-124.89,-101.09,446.58,1111.8,-331.56
13.18,5.678,3.9819,1.6482,0.85485,0.36037,-0.27484,0.25266,10.672,10.4,0.73915,3.5383,-3.4767,-0.40763,-8.8354,-23.179,8.282,0,0,0,6.507,6.549,6.6041,6.4353,-17.05,-113.83,-104.01,434.95,1096.8,-252.23
13.19,5.7843,4.0848,1.656,0.84863,0.38501,-0.2771,0.23413,10.582,10.163,0.81673,3.5167,-3.1447,-0.4136,-8.9845,-24.263,7.2306,0,0,0,6.5715,6.6062,6.6559,6.4981,-12.782,-102.99,-106.13,417.99,1070.1,-172.43
13.2,5.8896,4.1852,1.6645,0.8423,0.40907,-0.27734,0.2151,10.492,9.915,0.88371,3.4934,-2.8252,-0.42149,-9.0917,-25.24,6.162,0,0,0,6.6277,6.6557,6.7009,6.5528,-8.7062,-92.468,-107.46,396.33,1032.8,-92.772
13.21,5.9941,4.283,1.6736,0.83584,0.43256,-0.27563,0.19569,10.401,9.6582,0.93994,3.466,-2.5171,-0.43097,-9.1594,-26.113,5.0841,0,0,0,6.6757,6.6972,6.7393,6.5992,-4.8684,-82.364,-107.99,370.59,986.54,-13.851
13.22,6.0976,4.3783,1.6833,0.82921,0.45541,-0.27208,0.17604,10.309,9.3931,0.98539,3.4315,-2.2198,-0.44165,-9.19,-26.889,4.0048,0,0,0,6.7157,6.7308,6.7712,6.6375,-1.306,-72.763,-107.74,341.38,932.52,63.726
13.23,6.2003,4.4709,1.6933,0.82237,0.47758,-0.26681,0.15632,10.217,9.1207,1.0201,3.3871,-1.933,-0.45306,-9.1865,-27.571,2.9319,0,0,0,6.7482,6.7568,6.7973,6.6683,1.9497,-63.735,-106.72,309.32,872.15,139.35
13.24,6.302,4.5607,1.7036,0.81532,0.49898,-0.25996,0.1367,10.125,8.842,1.0441,3.3299,-1.6573,-0.46467,-9.1521,-28.165,1.8729,0,0,0,6.7738,6.7756,6.818,6.6922,4.8731,-55.337,-104.96,275.04,806.81,212.43
13.25,6.4028,4.6477,1.7142,0.80806,0.51952,-0.25172,0.11738,10.034,8.5577,1.0576,3.2573,-1.3936,-0.47593,-9.0902,-28.68,0.83507,0,0,0,6.7934,6.7879,6.8341,6.7102,7.4451,-47.611,-102.48,239.15,737.87,282.35
13.26,6.5027,4.7318,1.7248,0.80059,0.53911,-0.24229,0.098552,9.9437,8.2686,1.0609,3.1673,-1.1436,-0.48623,-9.0044,-29.12,-0.17453,0,0,0,6.8077,6.7942,6.8461,6.7231,9.6527,-40.587,-99.326,202.27,666.69,348.51
13.27,6.6017,4.8131,1.7353,0.79297,0.55764,-0.23189,0.080419,9.8541,7.9755,1.0542,3.0586,-0.90941,-0.49491,-8.8984,-29.494,-1.1493,0,0,0,6.8176,6.7955,6.8549,6.7321,11.489,-34.28,-95.528,165.03,594.64,410.3
13.28,6.6998,4.8913,1.7458,0.78525,0.57502,-0.22077,0.063153,9.7657,7.6789,1.038,2.9303,-0.69306,-0.50134,-8.7759,-29.808,-2.0831,0,0,0,6.824,6.7925,6.8611,6.7381,12.954,-28.692,-91.137,128.03,523.1,467.12
13.29,6.797,4.9666,1.7561,0.77752,0.5912,-0.20917,0.046906,9.6786,7.3795,1.0127,2.7829,-0.49671,-0.50486,-8.6405,-30.07,-2.9703,0,0,0,6.8275,6.7863,6.8653,6.7421,14.053,-23.812,-86.204,91.913,453.43,518.38
13.3,6.8933,5.0389,1.766,0.76986,0.6061,-0.19734,0.031795,9.593,7.0777,0.97878,2.6172,-0.32213,-0.50491,-8.496,-30.286,-3.8056,0,0,0,6.829,6.7776,6.868,6.7449,14.797,-19.613,-80.79,57.283,387.01,563.45
13.31,6.9888,5.1082,1.7756,0.76239,0.6197,-0.18551,0.017895,9.5087,6.7739,0.93678,2.4349,-0.17061,-0.50096,-8.3457,-30.464,-4.5847,0,0,0,6.8289,6.7674,6.8697,6.7473,15.206,-16.056,-74.958,24.765,325.2,601.74
13.32,7.0835,5.1744,1.7848,0.7552,0.632,-0.17387,0.0052411,9.4261,6.4685,0.88729,2.2385,-0.042781,-0.49263,-8.1929,-30.61,-5.3036,0,0,0,6.8277,6.7565,6.8706,6.7497,15.302,-13.089,-68.78,-5.0228,269.37,632.65
13.33,7.1774,5.2375,1.7933,0.74839,0.64299,-0.1626,-0.0061739,9.3449,6.1618,0.83092,2.0309,0.061414,-0.47968,-8.0406,-30.728,-5.9594,0,0,0,6.826,6.7457,6.8711,6.7526,15.116,-10.646,-62.331,-31.648,220.48,655.83
13.34,7.2704,5.2976,1.8013,0.74206,0.65271,-0.15183,-0.016392,9.2652,5.854,0.76832,1.815,0.14271,-0.46203,-7.8915,-30.824,-6.5496,0,0,0,6.8238,6.7355,6.8712,6.7562,14.679,-8.6571,-55.688,-55.189,178.31,671.63
13.35,7.3627,5.3546,1.8087,0.73627,0.6612,-0.14166,-0.025485,9.187,5.5454,0.70016,1.5938,0.20239,-0.43968,-7.7478,-30.902,-7.0727,0,0,0,6.8215,6.7263,6.8712,6.7604,14.022,-7.0584,-48.921,-75.809,142.45,680.54
13.36,7.4542,5.4085,1.8153,0.73111,0.6685,-0.13216,-0.033545,9.1102,5.236,0.6271,1.3703,0.24217,-0.41278,-7.6117,-30.966,-7.5278,0,0,0,6.8192,6.7183,6.8712,6.7653,13.172,-5.7883,-42.098,-93.672,112.52,683.03
13.37,7.5449,5.4593,1.8212,0.72659,0.67468,-0.12336,-0.040681,9.0348,4.9261,0.54983,1.147,0.26401,-0.38156,-7.4849,-31.019,-7.9147,0,0,0,6.817,6.7117,6.8711,6.7707,12.157,-4.7896,-35.281,-108.94,88.109,679.58
13.38,7.6349,5.507,1.8263,0.72277,0.67978,-0.11527,-0.04701,8.9605,4.6157,0.46903,0.92612,0.27003,-0.34636,-7.369,-31.063,-8.2336,0,0,0,6.8149,6.7066,6.871,6.7766,11.001,-4.0091,-28.525,-121.78,68.813,670.67
13.39,7.7241,5.5516,1.8306,0.71965,0.68388,-0.10789,-0.05265,8.8874,4.3049,0.38538,0.7098,0.26233,-0.30758,-7.2653,-31.1,-8.4856,0,0,0,6.8131,6.7031,6.8708,6.7827,9.7289,-3.3976,-21.884,-132.36,54.235,656.77
13.4,7.8126,5.5931,1.834,0.71723,0.68703,-0.10117,-0.05772,8.8152,3.9937,0.29954,0.49973,0.24293,-0.26571,-7.1747,-31.131,-8.6719,0,0,0,6.8115,6.7011,6.8706,6.7891,8.3613,-2.91,-15.405,-140.83,43.972,638.35
13.41,7.9004,5.6315,1.8366,0.7155,0.68929,-0.095094,-0.062333,8.7438,3.6823,0.21215,0.29742,0.21374,-0.22127,-7.0983,-31.158,-8.7943,0,0,0,6.8102,6.7007,6.8703,6.7954,6.9188,-2.5051,-9.1303,-147.36,37.624,615.91
13.42,7.9875,5.6668,1.8383,0.71445,0.69072,-0.089601,-0.066597,8.6731,3.3706,0.12385,0.10411,0.17646,-0.17481,-7.0365,-31.181,-8.8553,0,0,0,6.8093,6.7016,6.87,6.8018,5.4199,-2.1458,-3.0984,-152.12,34.79,589.9
13.43,8.0739,5.6989,1.8391,0.71404,0.69137,-0.084641,-0.070614,8.603,3.0586,0.035244,-0.079139,0.13258,-0.12688,-6.99,-31.201,-8.8572,0,0,0,6.8088,6.7039,6.8696,6.808,3.8817,-1.7989,2.6575,-155.27,35.067,560.82
13.44,8.1595,5.728,1.839,0.71424,0.6913,-0.080158,-0.074476,8.5333,2.7465,-0.053103,-0.25147,0.083411,-0.078018,-6.959,-31.217,-8.8031,0,0,0,6.8087,6.7075,6.8692,6.8141,2.3193,-1.4354,8.1092,-156.97,38.057,529.13
13.45,8.2445,5.7539,1.838,0.715,0.69055,-0.076096,-0.078266,8.4638,2.4343,-0.14064,-0.4122,0.030046,-0.028733,-6.9437,-31.23,-8.6961,0,0,0,6.809,6.7121,6.8688,6.82,0.74649,-1.0301,13.233,-157.39,43.356,495.32
13.46,8.3288,5.7766,1.8362,0.71627,0.68919,-0.072403,-0.08206,8.3944,2.122,-0.22686,-0.56081,-0.026604,0.020506,-6.9441,-31.238,-8.5396,0,0,0,6.8096,6.7177,6.8684,6.8258,-0.82481,-0.5619,18.01,-156.69,50.565,459.85
13.47,8.4124,5.7963,1.8335,0.71802,0.68724,-0.069028,-0.085926,8.3249,1.8096,-0.31128,-0.69694,-0.085794,0.069284,-6.9601,-31.241,-8.3371,0,0,0,6.8107,6.7241,6.8681,6.8314,-2.3842,-0.013759,22.426,-155.04,59.281,423.22
13.48,8.4953,5.8128,1.8299,0.72018,0.68477,-0.065923,-0.089922,8.2551,1.4972,-0.39346,-0.82039,-0.14692,0.11725,-6.9917,-31.238,-8.0923,0,0,0,6.8121,6.7312,6.8679,6.8368,-3.9229,0.62742,26.472,-152.59,69.105,385.89
13.49,8.5775,5.8262,1.8256,0.72269,0.68182,-0.063049,-0.094099,8.185,1.1848,-0.473,-0.93111,-0.20951,0.16411,-7.0385,-31.228,-7.8089,0,0,0,6.8138,6.7388,6.8678,6.842,-5.4339,1.3707,30.143,-149.52,79.635,348.34
13.5,8.659,5.8365,1.8205,0.72552,0.67843,-0.06037,-0.098502,8.1143,0.87265,-0.54953,-1.0292,-0.27318,0.20965,-7.1002,-31.21,-7.4907,0,0,0,6.8158,6.7467,6.8679,6.847,-6.9117,2.2211,33.44,-145.98,90.469,311.04
13.51,8.7398,5.8437,1.8146,0.7286,0.67465,-0.057855,-0.10317,8.0429,0.56067,-0.62271,-1.115,-0.33764,0.2537,-7.1766,-31.183,-7.1414,0,0,0,6.8179,6.7548,6.8681,6.8518,-8.3525,3.1798,36.367,-142.14,101.21,274.49
13.52,8.8199,5.8477,1.808,0.73188,0.67051,-0.055481,-0.10812,7.9707,0.24902,-0.69226,-1.1887,-0.40267,0.29617,-7.2672,-31.146,-6.7646,0,0,0,6.8203,6.7628,6.8684,6.8563,-9.754,4.2436,38.934,-138.16,111.45,239.14
13.53,8.8992,5.8487,1.8008,0.73532,0.66604,-0.05323,-0.11339,7.8975,-0.062207,-0.75792,-1.251,-0.46808,0.33702,-7.3715,-31.098,-6.3639,0,0,0,6.8227,6.7707,6.8689,6.8606,-11.116,5.4057,41.155,-134.21,120.79,205.48
13.54,8.9778,5.8465,1.7929,0.73886,0.6613,-0.051089,-0.11899,7.8232,-0.37289,-0.81947,-1.3026,-0.53376,0.37624,-7.4893,-31.038,-5.9426,0,0,0,6.8251,6.7782,6.8694,6.8644,-12.439,6.6551,43.05,-130.45,128.86,173.96
13.55,9.0557,5.8412,1.7844,0.74246,0.6563,-0.049051,-0.12493,7.7477,-0.68292,-0.87672,-1.344,-0.59961,0.41386,-7.6202,-30.964,-5.5039,0,0,0,6.8275,6.7852,6.87,6.8679,-13.726,7.9782,44.642,-126.92,135.54,144.7
13.56,9.1328,5.8328,1.7754,0.74609,0.65109,-0.047113,-0.13122,7.6708,-0.99214,-0.9295,-1.3761,-0.66552,0.44994,-7.7637,-30.878,-5.0507,0,0,0,6.8298,6.7918,6.8706,6.8711,-14.978,9.3617,45.951,-123.63,140.94,117.57
13.57,9.2091,5.8214,1.7658,0.7497,0.64567,-0.045277,-0.13786,7.5924,-1.3004,-0.97769,-1.3995,-0.73139,0.48453,-7.9197,-30.777,-4.5857,0,0,0,6.8319,6.7979,6.8712,6.8738,-16.199,10.793,47,-120.55,145.14,92.465
13.58,9.2846,5.8068,1.7558,0.75326,0.64009,-0.043547,-0.14484,7.5124,-1.6076,-1.0212,-1.4147,-0.79712,0.51771,-8.0876,-30.662,-4.1115,0,0,0,6.8339,6.8035,6.8717,6.8762,-17.39,12.261,47.807,-117.69,148.22,69.274
13.59,9.3593,5.7892,1.7454,0.75675,0.63437,-0.041932,-0.15217,7.4306,-1.9136,-1.0599,-1.4223,-0.86257,0.54953,-8.2674,-30.532,-3.6303,0,0,0,6.8356,6.8085,6.872,6.8781,-18.553,13.754,48.391,-115.02,150.28,47.879
13.6,9.4332,5.7686,1.7347,0.76012,0.62852,-0.040441,-0.15982,7.347,-2.2182,-1.0938,-1.4229,-0.92763,0.58008,-8.4586,-30.387,-3.1443,0,0,0,6.8372,6.8131,6.8722,6.8797,-19.691,15.263,48.77,-112.55,151.41,28.168
13.61,9.5063,5.7449,1.7236,0.76337,0.62257,-0.039086,-0.16779,7.2614,-2.5213,-1.1228,-1.4169,-0.99214,0.60941,-8.6611,-30.226,-2.6555,0,0,0,6.8385,6.8171,6.8723,6.881,-20.805,16.779,48.96,-110.26,151.69,10.024
13.62,9.5784,5.7182,1.7122,0.76646,0.61653,-0.03788,-0.17606,7.1737,-2.8227,-1.1469,-1.4047,-1.056,0.63761,-8.8746,-30.051,-2.1657,0,0,0,6.8396,6.8207,6.8723,6.8819,-21.897,18.295,48.976,-108.13,151.21,-6.6654
13.63,9.6497,5.6884,1.7007,0.76937,0.61043,-0.036839,-0.18461,7.0839,-3.1223,-1.1661,-1.3868,-1.1189,0.66473,-9.099,-29.861,-1.6766,0,0,0,6.8404,6.8238,6.8721,6.8826,-22.968,19.801,48.831,-106.17,150.06,-22.016
13.64,9.7201,5.6557,1.6889,0.7721,0.60428,-0.035977,-0.19342,6.9917,-3.4199,-1.1804,-1.3635,-1.1809,0.69085,-9.3339,-29.655,-1.1896,0,0,0,6.8411,6.8265,6.8718,6.8829,-24.021,21.294,48.539,-104.35,148.33,-36.142
13.65,9.7896,5.62,1.6771,0.77462,0.5981,-0.035311,-0.20247,6.8971,-3.7153,-1.1899,-1.3352,-1.2417,0.71601,-9.5793,-29.435,-0.70622,0,0,0,6.8415,6.8288,6.8713,6.883,-25.056,22.766,48.112,-102.68,146.11,-49.157
13.66,9.858,5.5814,1.6651,0.77692,0.5919,-0.034854,-0.21173,6.8001,-4.0085,-1.1946,-1.3022,-1.3012,0.74029,-9.835,-29.2,-0.22776,0,0,0,6.8419,6.8308,6.8708,6.8829,-26.075,24.215,47.56,-101.13,143.49,-61.177
13.67,9.9255,5.5399,1.6532,0.77899,0.58571,-0.034623,-0.22118,6.7004,-4.2993,-1.1945,-1.2648,-1.3592,0.76373,-10.101,-28.951,0.24458,0,0,0,6.842,6.8325,6.8701,6.8827,-27.079,25.635,46.891,-99.706,140.56,-72.315
13.68,9.992,5.4954,1.6413,0.78083,0.57952,-0.034632,-0.23078,6.598,-4.5875,-1.1897,-1.2234,-1.4156,0.78638,-10.377,-28.687,0.70971,0,0,0,6.8421,6.8339,6.8694,6.8823,-28.069,27.025,46.116,-98.389,137.4,-82.687
13.69,10.058,5.4481,1.6294,0.78242,0.57337,-0.034895,-0.24052,6.4929,-4.873,-1.1803,-1.1781,-1.4702,0.80831,-10.662,-28.41,1.1666,0,0,0,6.8421,6.8352,6.8687,6.8819,-29.047,28.383,45.24,-97.17,134.11,-92.406
13.7,10.122,5.398,1.6177,0.78376,0.56725,-0.035425,-0.25037,6.3848,-5.1556,-1.1664,-1.1293,-1.523,0.82956,-10.957,-28.12,1.6142,0,0,0,6.842,6.8363,6.868,6.8815,-30.013,29.707,44.27,-96.04,130.77,-101.59
13.71,10.185,5.345,1.6061,0.78485,0.56119,-0.036234,-0.2603,6.2737,-5.4353,-1.1481,-1.0772,-1.5738,0.85018,-11.262,-27.816,2.0517,0,0,0,6.8419,6.8372,6.8673,6.881,-30.968,30.998,43.21,-94.989,127.47,-110.34
13.72,10.247,5.2893,1.5947,0.78569,0.5552,-0.037333,-0.27027,6.1595,-5.7119,-1.1254,-1.0219,-1.6225,0.87024,-11.577,-27.5,2.4781,0,0,0,6.8418,6.8381,6.8666,6.8806,-31.913,32.257,42.064,-94.007,124.31,-118.79
13.73,10.308,5.2308,1.5836,0.78627,0.54929,-0.038733,-0.28028,6.0421,-5.9853,-1.0985,-0.96373,-1.6691,0.88978,-11.901,-27.171,2.8927,0,0,0,6.8418,6.8389,6.866,6.8803,-32.848,33.485,40.834,-93.078,121.35,-127.03
13.74,10.368,5.1696,1.5728,0.7866,0.54346,-0.040441,-0.29028,5.9214,-6.2553,-1.0676,-0.90283,-1.7136,0.90887,-12.234,-26.83,3.2945,0,0,0,6.8417,6.8397,6.8655,6.8801,-33.774,34.685,39.524,-92.171,118.6,-135.06
13.75,10.427,5.1057,1.5623,0.78668,0.53775,-0.042465,-0.30026,5.7974,-6.5218,-1.0327,-0.83941,-1.7558,0.92756,-12.576,-26.478,3.6829,0,0,0,6.8417,6.8404,6.8651,6.8799,-34.692,35.858,38.134,-91.246,116.05,-142.89
13.76,10.484,5.0392,1.5521,0.78651,0.53214,-0.044813,-0.3102,5.6699,-6.7848,-0.99397,-0.77369,-1.7958,0.94588,-12.927,-26.113,4.0569,0,0,0,6.8418,6.8412,6.8648,6.8799,-35.599,37.006,36.667,-90.265,113.7,-150.5
13.77,10.54,4.97,1.5424,0.78609,0.52666,-0.047488,-0.32007,5.5388,-7.0441,-0.9516,-0.70587,-1.8336,0.96388,-13.288,-25.737,4.4159,0,0,0,6.842,6.8419,6.8646,6.88,-36.497,38.132,35.125,-89.189,111.52,-157.88
13.78,10.595,4.8983,1.5331,0.78542,0.52131,-0.050496,-0.32985,5.4041,-7.2995,-0.90571,-0.63617,-1.8692,0.98159,-13.657,-25.351,4.7592,0,0,0,6.8422,6.8426,6.8644,6.8801,-37.383,39.237,33.51,-87.98,109.51,-165.02
13.79,10.648,4.8241,1.5243,0.78452,0.5161,-0.053839,-0.33952,5.2656,-7.551,-0.85647,-0.56482,-1.9026,0.99902,-14.036,-24.953,5.0859,0,0,0,6.8425,6.8433,6.8643,6.8803,-38.256,40.323,31.825,-86.598,107.65,-171.92
13.8,10.7,4.7473,1.516,0.78338,0.51104,-0.057519,-0.34906,5.1234,-7.7985,-0.80405,-0.49202,-1.9339,1.0162,-14.422,-24.544,5.3955,0,0,0,6.8429,6.844,6.8643,6.8806,-39.114,41.391,30.072,-85.006,105.93,-178.55
13.81,10.751,4.6681,1.5082,0.782,0.50614,-0.061537,-0.35847,4.9772,-8.0419,-0.74862,-0.41799,-1.963,1.0332,-14.818,-24.125,5.6871,0,0,0,6.8434,6.8446,6.8644,6.8809,-39.955,42.442,28.255,-83.165,104.34,-184.92
13.82,10.8,4.5865,1.501,0.78041,0.50141,-0.065892,-0.36772,4.827,-8.281,-0.69037,-0.34295,-1.9901,1.0499,-15.221,-23.695,5.9603,0,0,0,6.8439,6.8453,6.8644,6.8812,-40.776,43.478,26.375,-81.035,102.87,-191.01
13.83,10.847,4.5025,1.4944,0.77858,0.49684,-0.070583,-0.3768,4.6727,-8.5158,-0.62948,-0.2671,-2.0153,1.0664,-15.633,-23.256,6.2144,0,0,0,6.8445,6.8459,6.8646,6.8816,-41.574,44.5,24.436,-78.579,101.51,-196.81
13.84,10.893,4.4162,1.4884,0.77654,0.49244,-0.075607,-0.3857,4.5143,-8.7461,-0.56614,-0.19065,-2.0384,1.0827,-16.053,-22.805,6.4489,0,0,0,6.8452,6.8465,6.8647,6.882,-42.346,45.508,22.44,-75.758,100.24,-202.32
13.85,10.937,4.3276,1.4831,0.77429,0.48822,-0.080961,-0.39441,4.3516,-8.9718,-0.50057,-0.11379,-2.0598,1.0987,-16.48,-22.345,6.6631,0,0,0,6.8459,6.847,6.8649,6.8823,-43.088,46.505,20.39,-72.533,99.058,-207.51
13.86,10.98,4.2368,1.4784,0.77183,0.48418,-0.086642,-0.40293,4.1847,-9.1929,-0.43295,-0.036738,-2.0793,1.1146,-16.915,-21.875,6.8565,0,0,0,6.8466,6.8476,6.8651,6.8826,-43.796,47.49,18.291,-68.865,97.945,-212.39
13.87,11.021,4.1437,1.4745,0.76916,0.48031,-0.092643,-0.41123,4.0133,-9.4093,-0.36351,0.040324,-2.0972,1.1302,-17.356,-21.396,7.0287,0,0,0,6.8474,6.848,6.8653,6.8829,-44.464,48.464,16.144,-64.716,96.891,-216.95
13.88,11.06,4.0486,1.4712,0.76629,0.47663,-0.098961,-0.41933,3.8375,-9.6208,-0.29245,0.1172,-2.1134,1.1456,-17.804,-20.906,7.1792,0,0,0,6.8483,6.8485,6.8654,6.8832,-45.088,49.428,13.953,-60.048,95.885,-221.16
13.89,11.098,3.9513,1.4686,0.76322,0.47313,-0.10559,-0.4272,3.6572,-9.8274,-0.22,0.19371,-2.128,1.1607,-18.257,-20.407,7.3076,0,0,0,6.8491,6.8488,6.8656,6.8834,-45.663,50.382,11.722,-54.821,94.915,-225.03
13.9,11.134,3.8521,1.4668,0.75996,0.4698,-0.11252,-0.43485,3.4724,-10.029,-0.14637,0.26965,-2.1411,1.1756,-18.717,-19.899,7.4135,0,0,0,6.8501,6.8492,6.8658,6.8835,-46.183,51.326,9.4533,-48.998,93.968,-228.55
13.91,11.167,3.7508,1.4657,0.7565,0.46665,-0.11974,-0.44228,3.2829,-10.225,-0.071801,0.34485,-2.1529,1.1902,-19.181,-19.381,7.4966,0,0,0,6.851,6.8495,6.866,6.8836,-46.641,52.261,7.1518,-42.539,93.034,-231.69
13.92,11.199,3.6476,1.4653,0.75285,0.46368,-0.12725,-0.44947,3.0887,-10.417,0.0034837,0.41912,-2.1632,1.2045,-19.649,-18.853,7.5565,0,0,0,6.852,6.8497,6.8662,6.8836,-47.031,53.187,4.8207,-35.405,92.1,-234.46
13.93,11.229,3.5425,1.4658,0.74902,0.46087,-0.13503,-0.45644,2.8899,-10.602,0.07925,0.49227,-2.1722,1.2186,-20.121,-18.317,7.5929,0,0,0,6.8529,6.8498,6.8664,6.8836,-47.347,54.103,2.4639,-27.587,91.15,-236.84
13.94,11.257,3.4355,1.4669,0.745,0.45823,-0.14309,-0.46317,2.6863,-10.783,0.15526,0.56415,-2.1801,1.2323,-20.596,-17.771,7.6057,0,0,0,6.8539,6.8499,6.8666,6.8834,-47.581,55.01,0.085402,-19.136,90.155,-238.79
13.95,11.283,3.3268,1.4689,0.7408,0.45575,-0.15139,-0.46967,2.4779,-10.958,0.23128,0.63458,-2.1867,1.2457,-21.073,-17.217,7.5946,0,0,0,6.8549,6.8499,6.8667,6.8832,-47.728,55.906,-2.3103,-10.117,89.086,-240.27
13.96,11.307,3.2164,1.4716,0.73642,0.45343,-0.15995,-0.47593,2.2648,-11.127,0.30707,0.70341,-2.1923,1.2589,-21.55,-16.653,7.5594,0,0,0,6.8558,6.8498,6.8669,6.883,-47.782,56.791,-4.7183,-0.59196,87.912,-241.24
13.97,11.328,3.1043,1.475,0.73185,0.45125,-0.16874,-0.48196,2.0469,-11.291,0.38239,0.77052,-2.1969,1.2718,-22.028,-16.081,7.5002,0,0,0,6.8567,6.8495,6.867,6.8826,-47.738,57.664,-7.1333,9.3764,86.604,-241.67
13.98,11.347,2.9906,1.4792,0.72711,0.44922,-0.17775,-0.48777,1.8243,-11.449,0.457,0.83576,-2.2006,1.2845,-22.505,-15.5,7.4168,0,0,0,6.8575,6.8491,6.8671,6.8822,-47.593,58.523,-9.5498,19.725,85.131,-241.53
13.99,11.365,2.8753,1.4841,0.7222,0.44732,-0.18698,-0.49333,1.5969,-11.601,0.53065,0.89903,-2.2034,1.2969,-22.979,-14.911,7.3092,0,0,0,6.8582,6.8486,6.8671,6.8817,-47.342,59.366,-11.962,30.391,83.464,-240.76
14,11.379,2.7586,1.4898,0.7171,0.44555,-0.1964,-0.49868,1.3647,-11.747,0.6031,0.9602,-2.2055,1.3092,-23.451,-14.313,7.1776,0,0,0,6.8588,6.8479,6.867,6.8811,-46.984,60.191,-14.363,41.312,81.572,-239.33
14.01,11.392,2.6404,1.4962,0.71184,0.44389,-0.20601,-0.50379,1.1278,-11.887,0.67412,1.0192,-2.207,1.3213,-23.919,-13.707,7.022,0,0,0,6.8593,6.847,6.867,6.8804,-46.515,60.996,-16.746,52.425,79.427,-237.21
14.02,11.402,2.5209,1.5033,0.7064,0.44235,-0.2158,-0.50868,0.88634,-12.021,0.74346,1.0758,-2.2078,1.3333,-24.381,-13.093,6.8427,0,0,0,6.8598,6.8459,6.8668,6.8795,-45.935,61.779,-19.105,63.666,76.997,-234.36
14.03,11.41,2.4,1.5111,0.70079,0.4409,-0.22575,-0.51335,0.64025,-12.149,0.8109,1.1301,-2.2081,1.3452,-24.837,-12.471,6.64,0,0,0,6.8601,6.8447,6.8666,6.8786,-45.242,62.535,-21.431,74.974,74.253,-230.73
14.04,11.415,2.2779,1.5195,0.69501,0.43955,-0.23585,-0.51781,0.38963,-12.27,0.87619,1.1818,-2.2079,1.3571,-25.286,-11.842,6.4143,0,0,0,6.8603,6.8433,6.8663,6.8775,-44.436,63.263,-23.717,86.284,71.164,-226.3
14.05,11.417,2.1546,1.5286,0.68907,0.43828,-0.24609,-0.52205,0.13457,-12.386,0.93911,1.2308,-2.2071,1.3689,-25.725,-11.206,6.1659,0,0,0,6.8604,6.8418,6.866,6.8763,-43.516,63.957,-25.954,97.535,67.702,-221.02
14.06,11.417,2.0302,1.5383,0.68296,0.43709,-0.25645,-0.52607,-0.12485,-12.495,0.99943,1.2771,-2.2059,1.3806,-26.155,-10.563,5.8954,0,0,0,6.8604,6.8402,6.8657,6.8749,-42.485,64.615,-28.134,108.66,63.836,-214.86
14.07,11.415,1.9048,1.5486,0.67669,0.43596,-0.26692,-0.5299,-0.38851,-12.597,1.0569,1.3206,-2.2042,1.3924,-26.575,-9.914,5.6034,0,0,0,6.8604,6.8385,6.8653,6.8734,-41.344,65.233,-30.248,119.61,59.536,-207.77
14.08,11.41,1.7783,1.5594,0.67025,0.43488,-0.27748,-0.53352,-0.6563,-12.693,1.1114,1.361,-2.2019,1.4041,-26.982,-9.2588,5.2907,0,0,0,6.8604,6.8367,6.8649,6.8718,-40.094,65.804,-32.286,130.3,54.772,-199.72
14.09,11.402,1.6509,1.5708,0.66366,0.43385,-0.28812,-0.53695,-0.9281,-12.782,1.1627,1.3983,-2.199,1.4157,-27.376,-8.5981,4.958,0,0,0,6.8603,6.8349,6.8645,6.8701,-38.739,66.326,-34.239,140.69,49.514,-190.67
14.1,11.391,1.5227,1.5826,0.65692,0.43285,-0.29883,-0.54019,-1.2038,-12.865,1.2105,1.4322,-2.1955,1.4273,-27.756,-7.9325,4.6062,0,0,0,6.8603,6.833,6.8642,6.8683,-37.282,66.793,-36.096,150.7,43.732,-180.58
14.11,11.378,1.3937,1.595,0.65003,0.43187,-0.30958,-0.54324,-1.4832,-12.941,1.2548,1.4627,-2.1913,1.4387,-28.122,-7.2624,4.2364,0,0,0,6.8603,6.8313,6.8639,6.8663,-35.726,67.199,-37.847,160.27,37.397,-169.42
14.12,11.361,1.2639,1.6077,0.643,0.43092,-0.32035,-0.54611,-1.7662,-13.01,1.2952,1.4895,-2.1862,1.45,-28.471,-6.5887,3.8496,0,0,0,6.8605,6.8296,6.8637,6.8642,-34.078,67.539,-39.481,169.34,30.478,-157.15
14.13,11.342,1.1335,1.6209,0.63583,0.42997,-0.33114,-0.54881,-2.0525,-13.072,1.3317,1.5124,-2.1801,1.461,-28.803,-5.9119,3.4472,0,0,0,6.8608,6.8281,6.8636,6.8621,-32.341,67.807,-40.986,177.85,22.952,-143.73
14.14,11.32,1.0025,1.6343,0.62852,0.42902,-0.34192,-0.55135,-2.3422,-13.128,1.3641,1.5313,-2.1728,1.4716,-29.117,-5.2328,3.0304,0,0,0,6.8612,6.8269,6.8636,6.8598,-30.523,67.996,-42.352,185.76,14.875,-129.24
14.15,11.295,0.87095,1.6481,0.6211,0.42806,-0.35267,-0.55373,-2.6348,-13.177,1.3923,1.5459,-2.1643,1.4817,-29.413,-4.5523,2.6007,0,0,0,6.8619,6.8258,6.8637,6.8575,-28.628,68.103,-43.568,193.01,6.3458,-113.78
14.16,11.268,0.73896,1.6622,0.61356,0.42709,-0.36337,-0.55597,-2.9304,-13.219,1.4161,1.5562,-2.1544,1.4912,-29.69,-3.8711,2.1596,0,0,0,6.8628,6.825,6.864,6.8552,-26.665,68.122,-44.625,199.57,-2.5333,-97.486
14.17,11.237,0.60659,1.6764,0.60592,0.42609,-0.37399,-0.55806,-3.2285,-13.255,1.4354,1.5618,-2.1429,1.5002,-29.946,-3.1901,1.7087,0,0,0,6.8639,6.8245,6.8645,6.853,-24.639,68.051,-45.515,205.39,-11.661,-80.468
14.18,11.203,0.47389,1.6909,0.59819,0.42507,-0.38452,-0.56003,-3.5292,-13.283,1.4502,1.5629,-2.13,1.5084,-30.182,-2.5103,1.2498,0,0,0,6.8651,6.8242,6.8651,6.8508,-22.56,67.888,-46.232,210.45,-20.937,-62.849
14.19,11.166,0.34095,1.7054,0.59038,0.424,-0.39493,-0.56187,-3.8321,-13.305,1.4604,1.5593,-2.1154,1.5158,-30.397,-1.8327,0.78468,0,0,0,6.8666,6.8242,6.8659,6.8487,-20.433,67.632,-46.77,214.69,-30.258,-44.748
14.2,11.126,0.20782,1.7201,0.5825,0.4229,-0.40521,-0.56361,-4.1371,-13.32,1.4659,1.5509,-2.0992,1.5223,-30.591,-1.158,0.31505,0,0,0,6.8683,6.8244,6.8668,6.8467,-18.269,67.283,-47.126,218.07,-39.524,-26.285
14.21,11.083,0.074577,1.7347,0.57456,0.42175,-0.41533,-0.56525,-4.4439,-13.328,1.4667,1.5379,-2.0814,1.528,-30.762,-0.4873,-0.15722,0,0,0,6.87,6.8248,6.8678,6.8448,-16.075,66.842,-47.295,220.55,-48.634,-7.5782
14.22,11.037,-0.058716,1.7494,0.56658,0.42055,-0.42527,-0.56681,-4.7523,-13.329,1.4627,1.5202,-2.0621,1.5328,-30.912,0.17854,-0.63023,0,0,0,6.8718,6.8253,6.8689,6.843,-13.861,66.311,-47.277,222.1,-57.486,11.251
14.23,10.988,-0.19199,1.764,0.55857,0.4193,-0.43501,-0.56829,-5.062,-13.324,1.4541,1.4978,-2.0414,1.5367,-31.04,0.83864,-1.1021,0,0,0,6.8736,6.826,6.87,6.8412,-11.636,65.694,-47.07,222.67,-65.978,30.085
14.24,10.936,-0.32518,1.7784,0.55055,0.41798,-0.44453,-0.56972,-5.373,-13.313,1.4407,1.4709,-2.0193,1.5396,-31.145,1.4921,-1.571,0,0,0,6.8754,6.8266,6.871,6.8394,-9.4107,64.993,-46.676,222.23,-74.011,48.802
14.25,10.881,-0.45822,1.7928,0.54252,0.41661,-0.45382,-0.5711,-5.6849,-13.295,1.4227,1.4397,-1.9961,1.5416,-31.228,2.1382,-2.035,0,0,0,6.8769,6.8272,6.8719,6.8376,-7.1951,64.215,-46.095,220.72,-81.481,67.284
14.26,10.823,-0.59105,1.8069,0.53451,0.41518,-0.46285,-0.57245,-5.9975,-13.27,1.4,1.4042,-1.9718,1.5428,-31.289,2.7762,-2.4923,0,0,0,6.8783,6.8276,6.8726,6.8358,-5,63.366,-45.331,218.11,-88.288,85.411
14.27,10.761,-0.7236,1.8208,0.52652,0.41369,-0.47162,-0.57378,-6.3106,-13.239,1.3729,1.3646,-1.9466,1.5432,-31.328,3.4054,-2.941,0,0,0,6.8793,6.8277,6.8731,6.8338,-2.8367,62.452,-44.388,214.36,-94.331,103.06
14.28,10.696,-0.85581,1.8343,0.51856,0.41212,-0.48011,-0.5751,-6.6239,-13.202,1.3412,1.3212,-1.9209,1.5427,-31.346,4.0251,-3.3795,0,0,0,6.88,6.8276,6.8733,6.8317,-0.71678,61.482,-43.272,209.43,-99.508,120.12
14.29,10.628,-0.98762,1.8476,0.51065,0.4105,-0.48831,-0.57644,-6.9374,-13.159,1.3053,1.2741,-1.8947,1.5416,-31.342,4.6348,-3.8059,0,0,0,6.8802,6.827,6.8731,6.8293,1.3477,60.465,-41.988,203.27,-103.72,136.47
14.3,10.558,-1.119,1.8604,0.50279,0.4088,-0.49621,-0.57781,-7.2507,-13.109,1.2652,1.2235,-1.8683,1.5399,-31.319,5.2342,-4.2187,0,0,0,6.8798,6.8261,6.8725,6.8267,3.3444,59.411,-40.545,195.85,-106.86,151.98
14.31,10.483,-1.2498,1.8729,0.495,0.40704,-0.5038,-0.57921,-7.5637,-13.054,1.221,1.1698,-1.8419,1.5377,-31.276,5.823,-4.6163,0,0,0,6.879,6.8246,6.8714,6.8239,5.2603,58.332,-38.952,187.12,-108.83,166.53
14.32,10.406,-1.38,1.8848,0.48728,0.4052,-0.51107,-0.58068,-7.8762,-12.993,1.1729,1.1131,-1.8158,1.5351,-31.214,6.4008,-4.9973,0,0,0,6.8775,6.8226,6.8699,6.8208,7.0823,57.239,-37.218,177.05,-109.53,180.02
14.33,10.326,-1.5096,1.8963,0.47963,0.4033,-0.51801,-0.58221,-8.1879,-12.926,1.1211,1.0538,-1.7902,1.5322,-31.135,6.9678,-5.3603,0,0,0,6.8756,6.8202,6.8679,6.8174,8.7972,56.146,-35.355,165.75,-108.96,192.43
14.34,10.243,-1.6385,1.9072,0.47208,0.40133,-0.52462,-0.58382,-8.4988,-12.854,1.0658,0.99215,-1.7653,1.529,-31.039,7.5238,-5.704,0,0,0,6.8732,6.8173,6.8656,6.8138,10.394,55.064,-33.373,153.52,-107.23,203.92
14.35,10.156,-1.7667,1.9176,0.4646,0.39929,-0.5309,-0.58554,-8.8087,-12.776,1.0071,0.92818,-1.7413,1.5256,-30.927,8.0691,-6.0273,0,0,0,6.8704,6.8141,6.8629,6.8099,11.866,54.004,-31.279,140.71,-104.49,214.66
14.36,10.066,-1.894,1.9274,0.45722,0.39717,-0.53685,-0.58736,-9.1173,-12.692,0.94529,0.86203,-1.7182,1.5221,-30.802,8.604,-6.3292,0,0,0,6.8674,6.8107,6.86,6.8058,13.207,52.977,-29.081,127.63,-100.87,224.81
14.37,9.9737,-2.0205,1.9365,0.44993,0.39498,-0.54245,-0.58931,-9.4246,-12.603,0.88058,0.79373,-1.6961,1.5183,-30.663,9.1288,-6.6086,0,0,0,6.8643,6.8072,6.8569,6.8015,14.419,51.99,-26.784,114.63,-96.493,234.53
14.38,9.8779,-2.1461,1.945,0.44274,0.39273,-0.54772,-0.5914,-9.7305,-12.51,0.81319,0.72326,-1.6752,1.5144,-30.514,9.6439,-6.8646,0,0,0,6.8612,6.8036,6.8538,6.7972,15.501,51.049,-24.392,102.03,-91.505,244
14.39,9.779,-2.2707,1.9528,0.43563,0.39039,-0.55263,-0.59365,-10.035,-12.411,0.74337,0.65054,-1.6556,1.5103,-30.354,10.15,-7.0962,0,0,0,6.8583,6.8001,6.8509,6.793,16.462,50.161,-21.905,90.158,-86.038,253.38
14.4,9.6772,-2.3943,1.9598,0.42862,0.38799,-0.55719,-0.59606,-10.338,-12.307,0.67135,0.5755,-1.6372,1.5059,-30.185,10.647,-7.3024,0,0,0,6.8557,6.7968,6.8482,6.789,17.308,49.329,-19.324,79.35,-80.224,262.83
14.41,9.5723,-2.5168,1.9662,0.4217,0.38551,-0.5614,-0.59865,-10.639,-12.198,0.59741,0.49798,-1.6203,1.5013,-30.008,11.137,-7.4823,0,0,0,6.8534,6.7938,6.8459,6.7852,18.053,48.557,-16.647,69.933,-74.2,272.53
14.42,9.4644,-2.6382,1.9718,0.41487,0.38295,-0.56524,-0.60144,-10.938,-12.084,0.5218,0.41783,-1.605,1.4964,-29.824,11.619,-7.635,0,0,0,6.8516,6.7912,6.8441,6.7819,18.713,47.846,-13.872,62.238,-68.098,282.63
14.43,9.3536,-2.7585,1.9766,0.40813,0.38032,-0.56872,-0.60444,-11.235,-11.965,0.4448,0.33486,-1.5914,1.4914,-29.634,12.094,-7.7594,0,0,0,6.8504,6.7889,6.8429,6.7791,19.305,47.195,-10.993,56.596,-62.053,293.31
14.44,9.2397,-2.8775,1.9807,0.40146,0.3776,-0.57182,-0.60767,-11.53,-11.842,0.36671,0.24884,-1.5798,1.4863,-29.438,12.563,-7.8545,0,0,0,6.8498,6.787,6.8424,6.777,19.852,46.604,-8.0032,53.337,-56.2,304.73
14.45,9.1229,-2.9953,1.9839,0.39488,0.37479,-0.57454,-0.61115,-11.824,-11.714,0.28781,0.15952,-1.5705,1.4812,-29.237,13.026,-7.9191,0,0,0,6.8498,6.7855,6.8428,6.7755,20.381,46.07,-4.8951,52.792,-50.673,317.05
14.46,9.0033,-3.1118,1.9864,0.38836,0.3719,-0.57686,-0.6149,-12.115,-11.582,0.20843,0.06662,-1.5638,1.4764,-29.03,13.484,-7.952,0,0,0,6.8505,6.7843,6.8439,6.7748,20.918,45.589,-1.6586,55.289,-45.606,330.45
14.47,8.8807,-3.2269,1.9881,0.38191,0.3689,-0.57878,-0.61892,-12.404,-11.444,0.12889,-0.030182,-1.5602,1.4719,-28.818,13.938,-7.9518,0,0,0,6.8517,6.7833,6.8459,6.7749,21.498,45.156,1.718,61.161,-41.134,345.09
14.48,8.7552,-3.3406,1.989,0.37551,0.3658,-0.58029,-0.62326,-12.691,-11.303,0.049512,-0.13125,-1.5603,1.4681,-28.6,14.388,-7.9171,0,0,0,6.8534,6.7824,6.8488,6.7758,22.154,44.764,5.2478,70.737,-37.39,361.13
14.49,8.6268,-3.4529,1.9891,0.36915,0.36257,-0.58136,-0.62792,-12.976,-11.157,-0.029336,-0.23701,-1.5646,1.4654,-28.375,14.833,-7.8463,0,0,0,6.8555,6.7813,6.8524,6.7773,22.926,44.405,8.9457,84.347,-34.509,378.74
14.5,8.4957,-3.5638,1.9884,0.36281,0.35922,-0.582,-0.63294,-13.259,-11.006,-0.10729,-0.34791,-1.5739,1.4641,-28.141,15.276,-7.7376,0,0,0,6.8578,6.7798,6.8567,6.7795,23.855,44.07,12.828,102.27,-32.621,398.03
14.51,8.3617,-3.673,1.987,0.35649,0.35571,-0.58217,-0.63833,-13.539,-10.851,-0.18395,-0.46442,-1.5891,1.4647,-27.897,15.715,-7.589,0,0,0,6.8601,6.7777,6.8615,6.7821,24.985,43.749,16.91,124.26,-31.814,418.53
14.52,8.2249,-3.7808,1.9847,0.35015,0.35202,-0.58187,-0.64413,-13.817,-10.692,-0.25893,-0.58676,-1.6109,1.4676,-27.641,16.151,-7.3987,0,0,0,6.8621,6.775,6.8664,6.7848,26.352,43.43,21.2,149.77,-32.151,439.42
14.53,8.0853,-3.8869,1.9818,0.34378,0.34814,-0.58108,-0.65035,-14.092,-10.528,-0.33178,-0.71497,-1.6403,1.4731,-27.369,16.583,-7.1643,0,0,0,6.8638,6.7714,6.8711,6.7874,27.99,43.102,25.697,178.22,-33.693,459.9
14.54,7.9431,-3.9913,1.9781,0.33735,0.34403,-0.57978,-0.65704,-14.364,-10.36,-0.40206,-0.84883,-1.678,1.4814,-27.08,17.013,-6.8841,0,0,0,6.8647,6.767,6.8754,6.7897,29.925,42.752,30.394,209.07,-36.503,479.13
14.55,7.7981,-4.0941,1.9738,0.33083,0.33965,-0.57795,-0.6642,-14.633,-10.188,-0.4693,-0.98795,-1.7248,1.4928,-26.77,17.438,-6.5559,0,0,0,6.8648,6.7616,6.8788,6.7913,32.177,42.368,35.273,241.74,-40.643,496.29
14.56,7.6504,-4.1951,1.9687,0.3242,0.33496,-0.57558,-0.67186,-14.899,-10.011,-0.53301,-1.1317,-1.7812,1.5072,-26.435,17.86,-6.1781,0,0,0,6.8639,6.7552,6.8812,6.7921,34.764,41.935,40.31,275.69,-46.176,510.59
14.57,7.5001,-4.2943,1.9631,0.31742,0.32994,-0.57266,-0.68003,-15.162,-9.8308,-0.59269,-1.2792,-1.8479,1.5246,-26.073,18.277,-5.7492,0,0,0,6.8619,6.7479,6.8823,6.7918,37.694,41.439,45.472,310.35,-53.163,521.18
14.58,7.3472,-4.3917,1.9569,0.31047,0.32452,-0.56918,-0.68872,-15.421,-9.6459,-0.64783,-1.4294,-1.9251,1.5449,-25.68,18.688,-5.2683,0,0,0,6.8587,6.7398,6.882,6.7902,40.971,40.866,50.719,345.16,-61.668,527.25
14.59,7.1917,-4.4872,1.9502,0.30331,0.31865,-0.56513,-0.69792,-15.676,-9.457,-0.69788,-1.581,-2.013,1.5678,-25.253,19.094,-4.7348,0,0,0,6.8544,6.7311,6.8801,6.7875,44.596,40.201,56,379.56,-71.751,528
14.6,7.0337,-4.5808,1.943,0.29593,0.31229,-0.56051,-0.70763,-15.926,-9.2641,-0.74234,-1.7325,-2.1116,1.593,-24.787,19.492,-4.1484,0,0,0,6.8491,6.7221,6.8767,6.7835,48.559,39.426,61.258,413,-83.476,522.59
14.61,6.8732,-4.6724,1.9353,0.28828,0.30538,-0.55532,-0.71781,-16.171,-9.0672,-0.78068,-1.8821,-2.2205,1.62,-24.28,19.882,-3.5099,0,0,0,6.8429,6.7131,6.8719,6.7784,52.85,38.525,66.428,444.9,-96.904,510.2
14.62,6.7103,-4.7621,1.9274,0.28036,0.29785,-0.54958,-0.72845,-16.411,-8.8665,-0.81237,-2.0278,-2.339,1.6483,-23.729,20.262,-2.8204,0,0,0,6.8361,6.7047,6.8659,6.7725,57.45,37.482,71.436,474.71,-112.1,490.03
14.63,6.545,-4.8498,1.9191,0.27215,0.28966,-0.54331,-0.73949,-16.646,-8.662,-0.83692,-2.1672,-2.4661,1.6772,-23.13,20.631,-2.082,0,0,0,6.8288,6.6974,6.8589,6.7661,62.336,36.277,76.2,501.88,-129.12,461.25
14.64,6.3774,-4.9353,1.9107,0.26364,0.28075,-0.53652,-0.75088,-16.874,-8.4539,-0.85386,-2.2981,-2.6001,1.7061,-22.482,20.987,-1.2975,0,0,0,6.8216,6.6917,6.8513,6.7595,67.477,34.893,80.63,525.83,-148.03,423.04
14.65,6.2075,-5.0188,1.9021,0.25484,0.27108,-0.52925,-0.76254,-17.095,-8.2423,-0.86273,-2.4178,-2.7394,1.7343,-21.78,21.328,-0.47082,0,0,0,6.8145,6.6882,6.8434,6.7532,72.84,33.31,84.627,546.02,-168.89,374.61
14.66,6.0355,-5.1002,1.8934,0.24575,0.2606,-0.52154,-0.7744,-17.309,-8.0274,-0.86315,-2.5238,-2.8816,1.7612,-21.024,21.653,0.39324,0,0,0,6.8081,6.6871,6.8358,6.7477,78.384,31.509,88.088,562.1,-191.53,316.11
14.67,5.8614,-5.1794,1.8848,0.23639,0.24929,-0.51344,-0.78636,-17.515,-7.8093,-0.85476,-2.6139,-3.0246,1.7861,-20.212,21.958,1.2888,0,0,0,6.8027,6.6887,6.829,6.7434,84.068,29.475,90.92,573.99,-215.48,248.88
14.68,5.6852,-5.2564,1.8764,0.2268,0.23712,-0.505,-0.79832,-17.713,-7.5883,-0.83729,-2.6866,-3.166,1.8088,-19.342,22.241,2.2093,0,0,0,6.7986,6.6929,6.8236,6.7409,89.849,27.197,93.041,581.61,-240.27,174.33
14.69,5.5071,-5.3311,1.8681,0.217,0.22411,-0.49628,-0.81018,-17.902,-7.3646,-0.81052,-2.741,-3.304,1.829,-18.415,22.501,3.1471,0,0,0,6.7962,6.6996,6.8199,6.7405,95.686,24.669,94.387,584.9,-265.42,93.875
14.7,5.3272,-5.4036,1.8602,0.20704,0.21024,-0.48735,-0.82184,-18.081,-7.1384,-0.77432,-2.7768,-3.4369,1.8468,-17.429,22.734,4.0942,0,0,0,6.7955,6.7086,6.8182,6.7423,101.53,21.889,94.904,583.8,-290.46,8.9195
14.71,5.1455,-5.4739,1.8527,0.19695,0.19555,-0.47826,-0.83321,-18.25,-6.91,-0.72863,-2.7942,-3.5633,1.8622,-16.384,22.938,5.0423,0,0,0,6.7967,6.7195,6.8186,6.7464,107.35,18.862,94.555,578.23,-314.9,-79.121
14.72,4.9622,-5.5418,1.8456,0.18677,0.18006,-0.46906,-0.8442,-18.409,-6.6797,-0.6735,-2.7939,-3.6825,1.8756,-15.282,23.11,5.9824,0,0,0,6.7997,6.7321,6.8211,6.7528,113.08,15.595,93.316,568.13,-338.28,-168.83
14.73,4.7774,-5.6075,1.8392,0.17656,0.16379,-0.45982,-0.85473,-18.556,-6.4479,-0.60904,-2.777,-3.794,1.8871,-14.123,23.249,6.9056,0,0,0,6.8045,6.7458,6.8256,6.7613,118.69,12.101,91.177,553.42,-360.12,-258.81
14.74,4.5912,-5.6708,1.8335,0.16633,0.14681,-0.45059,-0.86472,-18.691,-6.2149,-0.53547,-2.745,-3.8978,1.8973,-12.909,23.352,7.8029,0,0,0,6.8107,6.76,6.8318,6.7714,124.14,8.3989,88.144,534.05,-379.94,-347.64
14.75,4.4036,-5.7318,1.8285,0.15614,0.12913,-0.44141,-0.87413,-18.814,-5.981,-0.4531,-2.6996,-3.9945,1.9064,-11.641,23.416,8.6655,0,0,0,6.818,6.7742,6.8391,6.7827,129.36,4.5106,84.233,509.94,-397.26,-433.9
14.76,4.2149,-5.7904,1.8245,0.146,0.11082,-0.43233,-0.88289,-18.924,-5.7467,-0.36231,-2.6424,-4.0846,1.9149,-10.322,23.441,9.4848,0,0,0,6.826,6.7879,6.8472,6.7948,134.32,0.46361,79.479,481.03,-411.6,-516.19
14.77,4.0252,-5.8467,1.8213,0.13594,0.091906,-0.42337,-0.89097,-19.02,-5.5123,-0.26357,-2.5755,-4.1692,1.923,-8.9558,23.425,10.252,0,0,0,6.8341,6.8005,6.8554,6.8069,138.96,-3.71,73.927,447.24,-422.5,-593.09
14.78,3.8346,-5.9007,1.8192,0.12597,0.072437,-0.41457,-0.89834,-19.103,-5.2783,-0.15745,-2.5005,-4.2492,1.9312,-7.5444,23.367,10.961,0,0,0,6.8421,6.8116,6.8633,6.8184,143.25,-7.9733,67.64,408.51,-429.47,-663.2
14.79,3.6432,-5.9523,1.8182,0.11612,0.052447,-0.40594,-0.90497,-19.171,-5.0451,-0.044577,-2.4191,-4.3254,1.9395,-6.0922,23.265,11.603,0,0,0,6.8493,6.8209,6.8703,6.8286,147.12,-12.285,60.691,364.78,-432.04,-725.1
14.8,3.4512,-6.0016,1.8183,0.1064,0.031971,-0.39751,-0.91085,-19.224,-4.8132,0.074365,-2.3328,-4.3985,1.9481,-4.6036,23.121,12.173,0,0,0,6.8554,6.8283,6.8759,6.8372,150.53,-16.598,53.17,315.97,-429.73,-777.38
14.81,3.2588,-6.0485,1.8197,0.096795,0.011044,-0.38929,-0.91595,-19.263,-4.5828,0.19862,-2.243,-4.4686,1.9567,-3.0834,22.934,12.665,0,0,0,6.8602,6.8338,6.8799,6.8434,153.42,-20.862,45.179,262.19,-422.25,-819.03
14.82,3.066,-6.0932,1.8223,0.087327,-0.010302,-0.38127,-0.92027,-19.286,-4.3546,0.32739,-2.1506,-4.5356,1.9652,-1.5371,22.704,13.075,0,0,0,6.8635,6.8375,6.8821,6.8472,155.75,-25.027,36.823,204.12,-409.98,-850.4
14.83,2.8731,-6.1356,1.8263,0.077995,-0.032029,-0.37347,-0.9238,-19.293,-4.1289,0.45984,-2.0563,-4.5991,1.9733,0.029674,22.434,13.4,0,0,0,6.8651,6.8398,6.8824,6.8486,157.49,-29.047,28.203,142.55,-393.4,-872.08
14.84,2.6802,-6.1758,1.8315,0.068804,-0.0541,-0.36589,-0.92653,-19.285,-3.9061,0.59511,-1.9607,-4.6583,1.9804,1.6106,22.124,13.639,0,0,0,6.8652,6.8409,6.8809,6.8476,158.6,-32.882,19.412,78.274,-373.01,-884.68
14.85,2.4874,-6.2138,1.8382,0.059755,-0.07647,-0.35852,-0.92846,-19.261,-3.6865,0.73232,-1.8639,-4.7124,1.9863,3.1994,21.777,13.788,0,0,0,6.8641,6.841,6.8778,6.8444,159.05,-36.496,10.538,12.088,-349.28,-888.8
14.86,2.295,-6.2496,1.8462,0.050851,-0.099091,-0.35137,-0.92959,-19.221,-3.4707,0.87058,-1.7659,-4.7603,1.9903,4.7894,21.395,13.849,0,0,0,6.8618,6.8408,6.8734,6.8394,158.83,-39.858,1.6624,-55.218,-322.72,-885.04
14.87,2.1031,-6.2832,1.8556,0.042096,-0.12191,-0.34444,-0.92991,-19.165,-3.2588,1.009,-1.6668,-4.8009,1.9922,6.3739,20.98,13.822,0,0,0,6.8588,6.8403,6.868,6.8329,157.94,-42.943,-7.1387,-122.85,-293.81,-874
14.88,1.9118,-6.3147,1.8664,0.033491,-0.14486,-0.33773,-0.92942,-19.094,-3.0511,1.1467,-1.5666,-4.8333,1.9913,7.946,20.537,13.707,0,0,0,6.8553,6.8401,6.8619,6.8254,156.38,-45.728,-15.796,-190.02,-263.04,-856.3
14.89,1.7212,-6.3442,1.8785,0.025039,-0.16789,-0.33126,-0.92814,-19.007,-2.8481,1.2829,-1.4651,-4.8564,1.9872,9.4992,20.067,13.507,0,0,0,6.8517,6.8403,6.8554,6.8172,154.15,-48.199,-24.244,-255.92,-230.9,-832.53
14.9,1.5317,-6.3717,1.892,0.016739,-0.19092,-0.32503,-0.92608,-18.904,-2.6499,1.4166,-1.3622,-4.8694,1.9797,11.027,19.574,13.223,0,0,0,6.8482,6.8413,6.8488,6.8087,151.27,-50.344,-32.428,-319.78,-197.89,-803.3
14.91,1.3432,-6.3973,1.9068,0.0085888,-0.21388,-0.31906,-0.92325,-18.786,-2.4567,1.5471,-1.258,-4.8718,1.9684,12.522,19.061,12.859,0,0,0,6.8451,6.8429,6.8425,6.8004,147.76,-52.156,-40.294,-380.79,-164.49,-769.2
14.92,1.156,-6.4209,1.9229,0.00058521,-0.2367,-0.31336,-0.91966,-18.654,-2.2687,1.6735,-1.1523,-4.8632,1.9531,13.98,18.532,12.418,0,0,0,6.8427,6.8454,6.8366,6.7924,143.66,-53.634,-47.798,-438.16,-131.2,-730.85
14.93,0.97019,-6.4426,1.9403,0.0072797,0.25931,0.30796,0.91535,-18.507,-2.0861,1.7952,-1.0452,-4.8436,1.9336,15.394,17.99,11.905,0,0,0,6.8409,6.8485,6.8312,6.7851,139.01,-54.782,-54.899,-491.1,-98.501,-688.85
14.94,0.78592,-6.4626,1.9588,0.015017,0.28162,0.30287,0.91035,-18.346,-1.909,1.9114,-0.93683,-4.8134,1.9101,16.759,17.437,11.322,0,0,0,6.8398,6.8522,6.8265,6.7787,133.86,-55.607,-61.565,-538.82,-66.886,-643.79
14.95,0.60332,-6.4808,1.9785,0.022643,0.30358,0.29814,0.90468,-18.172,-1.7374,2.0214,-0.82736,-4.7731,1.8827,18.07,16.879,10.675,0,0,0,6.8393,6.8561,6.8225,6.7733,128.26,-56.125,-67.767,-580.52,-36.846,-596.29
14.96,0.42253,-6.4974,1.9992,0.030176,0.32512,0.29378,0.89837,-17.985,-1.5714,2.1247,-0.71701,-4.7236,1.8517,19.323,16.316,9.9682,0,0,0,6.8395,6.86,6.8193,6.7689,122.27,-56.351,-73.484,-615.41,-8.8719,-546.94
14.97,0.24367,-6.5123,2.021,0.037644,0.34618,0.28984,0.89148,-17.785,-1.4111,2.2206,-0.60611,-4.6661,1.8174,20.514,15.752,9.2068,0,0,0,6.84,6.8636,6.8167,6.7655,115.97,-56.31,-78.701,-642.92,16.656,-496.28
14.98,0.066857,-6.5256,2.0436,0.045076,0.36671,0.28635,0.88402,-17.575,-1.2563,2.3086,-0.49495,-4.6017,1.7804,21.641,15.191,8.3959,0,0,0,6.8408,6.8667,6.8147,6.763,109.44,-56.026,-83.407,-663.28,39.76,-444.64
14.99,-0.10779,-6.5374,2.0671,0.052507,0.38667,0.28335,0.87604,-17.353,-1.1072,2.3884,-0.38378,-4.5312,1.7412,22.702,14.633,7.5404,0,0,0,6.8416,6.8693,6.8132,6.761,102.73,-55.523,-87.592,-676.93,60.56,-392.27
15,-0.28017,-6.5478,2.0914,0.05998,0.40601,0.28087,0.86756,-17.121,-0.96367,2.4593,-0.27279,-4.4556,1.7001,23.695,14.081,6.6458,0,0,0,6.8424,6.8714,6.812,6.7594,95.919,-54.822,-91.25,-684.3,79.174,-339.43
15.01,-0.45017,-6.5567,2.1163,0.06754,0.4247,0.27898,0.85863,-16.879,-0.82559,2.5212,-0.16207,-4.3751,1.6575,24.62,13.537,5.7172,0,0,0,6.8431,6.8728,6.811,6.7579,89.064,-53.946,-94.379,-685.81,95.72,-286.38
15.02,-0.61772,-6.5643,2.1417,0.075238,0.44269,0.27771,0.84926,-16.629,-0.6929,2.5736,-0.051676,-4.29,1.6137,25.477,13.002,4.76,0,0,0,6.8434,6.8737,6.8101,6.7565,82.221,-52.914,-96.978,-681.91,110.32,-233.37
15.03,-0.78272,-6.5706,2.1677,0.083134,0.45996,0.27712,0.83948,-16.37,-0.56551,2.6163,0.058396,-4.2005,1.569,26.265,12.479,3.7794,0,0,0,6.8435,6.8739,6.8093,6.7549,75.442,-51.746,-99.048,-673.01,123.09,-180.68
15.04,-0.94509,-6.5756,2.194,0.091289,0.47645,0.27728,0.82932,-16.104,-0.44328,2.6491,0.1682,-4.1063,1.5237,26.986,11.968,2.7807,0,0,0,6.8432,6.8736,6.8085,6.7531,68.776,-50.458,-100.59,-659.55,134.14,-128.55
15.05,-1.1048,-6.5795,2.2207,0.099777,0.49213,0.27826,0.81879,-15.83,-0.32611,2.6719,0.27781,-4.0071,1.4778,27.641,11.47,1.7692,0,0,0,6.8426,6.8728,6.8078,6.751,62.265,-49.068,-101.62,-641.96,143.61,-77.254
15.06,-1.2617,-6.5822,2.2474,0.10868,0.50694,0.28014,0.80791,-15.551,-0.21383,2.6845,0.38733,-3.9024,1.4316,28.232,10.987,0.75,0,0,0,6.8417,6.8715,6.8071,6.7486,55.949,-47.591,-102.14,-620.67,151.6,-27.044
15.07,-1.4158,-6.5838,2.2743,0.11808,0.52083,0.28301,0.79668,-15.266,-0.10632,2.6868,0.49689,-3.7916,1.3852,28.761,10.519,-0.27195,0,0,0,6.8405,6.8699,6.8065,6.7459,49.863,-46.041,-102.17,-596.1,158.23,21.818
15.08,-1.567,-6.5843,2.3011,0.12807,0.53373,0.28699,0.78509,-14.976,-0.0034113,2.679,0.60658,-3.674,1.3387,29.23,10.066,-1.2917,0,0,0,6.8393,6.868,6.8059,6.743,44.037,-44.431,-101.71,-568.7,163.63,69.072
15.09,-1.7153,-6.5839,2.3279,0.13878,0.54554,0.2922,0.77314,-14.682,0.095056,2.661,0.71647,-3.5487,1.2921,29.643,9.6301,-2.3046,0,0,0,6.838,6.8658,6.8055,6.7398,38.497,-42.772,-100.79,-538.89,167.91,114.46
15.1,-1.8606,-6.5824,2.3543,0.15031,0.55617,0.29876,0.7608,-14.383,0.18925,2.633,0.82655,-3.4148,1.2454,30.001,9.2108,-3.3061,0,0,0,6.8368,6.8635,6.8052,6.7365,33.265,-41.076,-99.429,-507.11,171.19,157.72
15.11,-2.0029,-6.5801,2.3805,0.1628,0.5655,0.30683,0.74803,-14.082,0.27933,2.595,0.93668,-3.2712,1.1988,30.309,8.8086,-4.2918,0,0,0,6.8359,6.861,6.805,6.7331,28.36,-39.351,-97.645,-473.77,173.59,198.6
15.12,-2.1422,-6.5769,2.4062,0.17638,0.57339,0.31659,0.73477,-13.777,0.36548,2.5472,1.0466,-3.117,1.1521,30.569,8.4238,-5.2577,0,0,0,6.8352,6.8584,6.8051,6.7297,23.794,-37.607,-95.466,-439.32,175.22,236.82
15.13,-2.2785,-6.5728,2.4314,0.1912,0.57964,0.32819,0.72094,-13.47,0.44786,2.4899,1.1556,-2.951,1.1053,30.786,8.0565,-6.1999,0,0,0,6.835,6.8558,6.8053,6.7264,19.576,-35.849,-92.919,-404.18,176.21,272.15
15.14,-2.4116,-6.5679,2.456,0.20738,0.58406,0.34182,0.70642,-13.162,0.52667,2.4233,1.2627,-2.7722,1.0584,30.962,7.7069,-7.1149,0,0,0,6.8354,6.8531,6.8055,6.7232,15.711,-34.084,-90.034,-368.78,176.68,304.31
15.15,-2.5417,-6.5623,2.4798,0.22504,0.58641,0.35763,0.69107,-12.851,0.60206,2.3477,1.3665,-2.5797,1.0113,31.101,7.3749,-7.9996,0,0,0,6.8363,6.8502,6.8059,6.7202,12.2,-32.317,-86.843,-333.43,176.69,333.26
15.16,-2.6686,-6.5559,2.5029,0.24426,0.58642,0.37574,0.67473,-12.54,0.67422,2.2634,1.4645,-2.3728,0.96401,31.207,7.0605,-8.8509,0,0,0,6.8379,6.8472,6.8062,6.7175,9.0416,-30.552,-83.378,-298.28,176.26,359.2
15.17,-2.7925,-6.5488,2.5251,0.26504,0.58381,0.3962,0.65723,-12.227,0.74333,2.1708,1.5536,-2.1516,0.91641,31.283,6.7638,-9.6663,0,0,0,6.8401,6.8438,6.8065,6.7151,6.2331,-28.793,-79.669,-263.5,175.42,382.31
15.18,-2.9132,-6.541,2.5463,0.28726,0.57832,0.41893,0.63838,-11.914,0.80956,2.0702,1.6293,-1.9168,0.86851,31.333,6.4846,-10.444,0,0,0,6.843,6.8402,6.8068,6.713,3.77,-27.045,-75.741,-229.23,174.17,402.81
15.19,-3.0308,-6.5326,2.5664,0.31068,0.56974,0.44369,0.61807,-11.601,0.87308,1.9621,1.6867,-1.671,0.82033,31.36,6.2229,-11.18,0,0,0,6.8464,6.8361,6.8068,6.7114,1.6463,-25.311,-71.62,-195.64,172.53,420.9
15.2,-3.1452,-6.5236,2.5855,0.33488,0.55801,0.47006,0.59626,-11.287,0.93407,1.8467,1.7203,-1.4184,0.77189,31.367,5.9784,-11.875,0,0,0,6.8503,6.8316,6.8065,6.7104,-0.14556,-23.595,-67.33,-162.88,170.52,436.77
15.21,-3.2565,-6.5139,2.6034,0.35929,0.54323,0.4974,0.57307,-10.973,0.9927,1.7247,1.7252,-1.1654,0.72325,31.358,5.7509,-12.527,0,0,0,6.8546,6.8269,6.8059,6.71,-1.6146,-21.902,-62.892,-131.1,168.15,450.63
15.22,-3.3647,-6.5037,2.62,0.38324,0.52576,0.52494,0.54877,-10.66,1.0491,1.5964,1.6981,-0.92021,0.67448,31.336,5.5402,-13.133,0,0,0,6.8591,6.8218,6.8048,6.7102,-2.7713,-20.234,-58.324,-100.46,165.43,462.68
15.23,-3.4697,-6.493,2.6353,0.40603,0.50618,0.55183,0.52384,-10.347,1.1036,1.4622,1.6381,-0.69182,0.6257,31.304,5.3461,-13.693,0,0,0,6.8635,6.8167,6.8033,6.7111,-3.6281,-18.594,-53.643,-71.114,162.39,473.13
15.24,-3.5716,-6.4817,2.6492,0.42706,0.48524,0.57731,0.49887,-10.034,1.1561,1.3227,1.5471,-0.4885,0.57702,31.264,5.1682,-14.205,0,0,0,6.8677,6.8116,6.8015,6.7127,-4.1984,-16.987,-48.866,-43.218,159.04,482.17
15.25,-3.6704,-6.4698,2.6617,0.44592,0.46378,0.60076,0.47449,-9.7215,1.207,1.1783,1.4296,-0.31662,0.52857,31.221,5.0063,-14.67,0,0,0,6.8716,6.8067,6.7994,6.7148,-4.4978,-15.414,-44.004,-16.926,155.4,490.01
15.26,-3.766,-6.4575,2.6727,0.46242,0.44257,0.6218,0.45129,-9.4095,1.2563,1.0294,1.2914,-0.17978,0.48054,31.175,4.8598,-15.085,0,0,0,6.8749,6.8021,6.7973,6.7173,-4.5428,-13.88,-39.069,7.6069,151.48,496.85
15.27,-3.8586,-6.4447,2.6823,0.47657,0.42224,0.64026,0.42972,-9.0979,1.3042,0.87671,1.1386,-0.078731,0.43309,31.13,4.7285,-15.451,0,0,0,6.8777,6.7978,6.7952,6.7203,-4.352,-12.386,-34.07,30.225,147.29,502.89
15.28,-3.948,-6.4314,2.6903,0.48855,0.40323,0.65617,0.41008,-8.7869,1.3509,0.72058,0.97698,-0.011951,0.38642,31.089,4.612,-15.766,0,0,0,6.88,6.7939,6.7933,6.7235,-3.9452,-10.935,-29.013,50.773,142.86,508.34
15.29,-4.0343,-6.4177,2.6967,0.49863,0.3858,0.66966,0.39253,-8.4762,1.3965,0.56156,0.81086,0.023607,0.34072,31.052,4.5097,-16.031,0,0,0,6.8819,6.7903,6.7917,6.727,-3.344,-9.5293,-23.904,69.097,138.19,513.39
15.3,-4.1175,-6.4035,2.7015,0.50713,0.37007,0.68093,0.37709,-8.1658,1.4412,0.40014,0.64347,0.031736,0.29622,31.023,4.4212,-16.244,0,0,0,6.8834,6.7871,6.7906,6.7308,-2.5712,-8.1717,-18.746,85.041,133.31,518.25
15.31,-4.1976,-6.3889,2.7047,0.51436,0.35601,0.69021,0.36372,-7.8557,1.485,0.23684,0.47693,0.016391,0.25309,31.001,4.3461,-16.406,0,0,0,6.8845,6.7843,6.79,6.7348,-1.6516,-6.8639,-13.539,98.449,128.22,523.11
15.32,-4.2746,-6.3738,2.7062,0.52063,0.34355,0.69771,0.3523,-7.5457,1.5281,0.072196,0.31241,-0.018676,0.21156,30.99,4.2838,-16.515,0,0,0,6.8856,6.7818,6.7899,6.7391,-0.6112,-5.6079,-8.2829,109.17,122.95,528.19
15.33,-4.3485,-6.3583,2.7061,0.52618,0.33254,0.70364,0.34269,-7.2358,1.5707,-0.093279,0.15048,-0.070113,0.17179,30.989,4.2338,-16.571,0,0,0,6.8865,6.7797,6.7905,6.7437,0.52228,-4.4054,-2.974,117.04,117.51,533.68
15.34,-4.4194,-6.3424,2.7044,0.53125,0.32284,0.70817,0.33474,-6.9259,1.6128,-0.25905,-0.0087796,-0.13504,0.13396,31.001,4.1955,-16.574,0,0,0,6.8875,6.778,6.7917,6.7486,1.7196,-3.2582,2.3928,121.91,111.92,539.79
15.35,-4.4871,-6.3261,2.7009,0.53604,0.31425,0.71144,0.32828,-6.6158,1.6546,-0.42458,-0.16554,-0.21107,0.098206,31.024,4.1684,-16.523,0,0,0,6.8887,6.7767,6.7935,6.754,2.9501,-2.1675,7.8246,123.63,106.19,546.72
15.36,-4.5517,-6.3093,2.6959,0.54069,0.30663,0.71357,0.32318,-6.3054,1.6962,-0.58933,-0.32014,-0.29625,0.064633,31.06,4.1519,-16.417,0,0,0,6.8901,6.7759,6.796,6.7597,4.1812,-1.1348,13.33,122.02,100.32,554.49
15.37,-4.6132,-6.2922,2.6892,0.54534,0.29981,0.71468,0.3193,-5.9946,1.7377,-0.75275,-0.47282,-0.38891,0.033348,31.107,4.1455,-16.256,0,0,0,6.8917,6.7757,6.7991,6.766,5.3785,-0.16211,18.913,116.81,94.156,561.86
15.38,-4.6716,-6.2746,2.6808,0.5501,0.29363,0.71484,0.31649,-5.6832,1.7792,-0.91427,-0.62338,-0.48743,0.0044848,31.167,4.1485,-16.039,0,0,0,6.8934,6.7763,6.803,6.7728,6.5042,0.74665,24.56,107.65,87.494,567.03
15.39,-4.7268,-6.2566,2.6709,0.55508,0.28795,0.71413,0.31464,-5.3712,1.8207,-1.0733,-0.77112,-0.59016,-0.021792,31.237,4.1602,-15.765,0,0,0,6.8948,6.7778,6.8075,6.7804,7.5172,1.5854,30.24,94.217,80.12,568.17
15.4,-4.779,-6.2382,2.6594,0.56033,0.28262,0.71261,0.31361,-5.0584,1.8624,-1.2294,-0.91485,-0.69539,-0.045296,31.317,4.1799,-15.434,0,0,0,6.896,6.7805,6.8127,6.7887,8.3732,2.346,35.904,76.179,71.824,563.49
15.41,-4.828,-6.2193,2.6463,0.56591,0.27751,0.71034,0.31329,-4.7448,1.9043,-1.3818,-1.0529,-0.8013,-0.065831,31.404,4.2068,-15.047,0,0,0,6.8966,6.7844,6.8187,6.7979,9.0243,3.0181,41.485,53.201,62.393,551.16
15.42,-4.8739,-6.2001,2.6317,0.57188,0.27249,0.70739,0.31353,-4.4303,1.9466,-1.5301,-1.183,-0.90597,-0.083197,31.496,4.24,-14.605,0,0,0,6.8967,6.7898,6.8252,6.8078,9.4196,3.5894,46.896,24.952,51.618,529.38
15.43,-4.9166,-6.1804,2.6157,0.57826,0.26745,0.70382,0.31421,-4.1149,1.9892,-1.6738,-1.3026,-1.0073,-0.097203,31.591,4.2782,-14.11,0,0,0,6.8959,6.7967,6.8324,6.8185,9.5047,4.0453,52.035,-8.9019,39.285,496.33
15.44,-4.9562,-6.1603,2.5983,0.58505,0.26229,0.6997,0.31519,-3.7985,2.0321,-1.8122,-1.4085,-1.1032,-0.10767,31.685,4.3204,-13.566,0,0,0,6.894,6.8051,6.84,6.8297,9.2218,4.3692,56.779,-48.685,25.189,450.21
15.45,-4.9926,-6.1397,2.5795,0.59225,0.25692,0.6951,0.31633,-3.4812,2.0756,-1.9449,-1.4977,-1.1914,-0.11449,31.774,4.3651,-12.976,0,0,0,6.8909,6.8149,6.8476,6.8411,8.5136,4.5443,60.993,-93.557,9.7231,390.55
15.46,-5.0258,-6.1188,2.5594,0.59984,0.25128,0.69011,0.31748,-3.1631,2.1195,-2.0716,-1.5675,-1.2696,-0.11788,31.854,4.4108,-12.348,0,0,0,6.8871,6.8258,6.8548,6.8517,7.3445,4.5645,64.552,-140.27,-5.4773,319.66
15.47,-5.0558,-6.0973,2.5381,0.60779,0.24534,0.6848,0.31853,-2.8442,2.1638,-2.1918,-1.6165,-1.3361,-0.1185,31.92,4.4559,-11.688,0,0,0,6.8827,6.8373,6.8609,6.8605,5.7139,4.4416,67.358,-185.28,-18.624,240.14
15.48,-5.0827,-6.0755,2.5156,0.61603,0.23907,0.67925,0.31934,-2.5247,2.2086,-2.3052,-1.6443,-1.3894,-0.11739,31.967,4.4992,-11.004,0,0,0,6.8778,6.8488,6.8653,6.8666,3.6563,4.2048,69.335,-225.05,-27.929,154.64
15.49,-5.1063,-6.0532,2.492,0.62451,0.23247,0.67354,0.31984,-2.2049,2.2538,-2.4118,-1.6517,-1.4278,-0.11591,31.992,4.5398,-10.304,0,0,0,6.8723,6.86,6.8673,6.8689,1.2421,3.9017,70.439,-256.03,-31.604,65.785
15.5,-5.1268,-6.0304,2.4674,0.63314,0.22558,0.66774,0.31995,-1.885,2.2994,-2.5113,-1.6403,-1.45,-0.11568,31.991,4.5773,-9.5978,0,0,0,6.8663,6.8703,6.8663,6.8668,-1.4232,3.5975,70.649,-274.68,-27.862,-23.797
15.51,-5.144,-6.0072,2.4418,0.64184,0.21843,0.66194,0.31963,-1.5652,2.3453,-2.6038,-1.6126,-1.4543,-0.11857,31.963,4.612,-8.894,0,0,0,6.8597,6.8793,6.862,6.8596,-4.1986,3.3752,69.97,-277.46,-14.913,-111.48
15.52,-5.1581,-5.9835,2.4153,0.65052,0.21106,0.65619,0.31888,-1.2458,2.3916,-2.6892,-1.5718,-1.4391,-0.12662,31.907,4.6454,-8.2013,0,0,0,6.8526,6.8872,6.8542,6.8469,-6.9077,3.3359,68.434,-260.82,9.0298,-194.62
15.53,-5.1689,-5.9594,2.388,0.65908,0.20352,0.65058,0.31771,-0.92713,2.4382,-2.7679,-1.5216,-1.4024,-0.14207,31.825,4.6797,-7.528,0,0,0,6.8453,6.8939,6.8431,6.8286,-9.3407,3.5971,66.101,-222.26,45.131,-270.83
15.54,-5.1766,-5.9347,2.36,0.66742,0.19584,0.64516,0.31616,-0.60938,2.4852,-2.8399,-1.4657,-1.3427,-0.16683,31.722,4.7187,-6.8817,0,0,0,6.8378,6.8996,6.8296,6.8064,-11.293,4.2699,63.044,-165.76,90.651,-339.09
15.55,-5.1811,-5.9097,2.3313,0.67545,0.18805,0.64002,0.31427,-0.29275,2.5326,-2.9056,-1.407,-1.2588,-0.20186,31.602,4.7668,-6.2692,0,0,0,6.83,6.904,6.8151,6.7821,-12.618,5.4273,59.347,-97.821,141.35,-398.95
15.56,-5.1825,-5.8841,2.3019,0.68307,0.18016,0.63524,0.31212,0.022621,2.5806,-2.9654,-1.348,-1.1506,-0.24715,31.472,4.829,-5.6966,0,0,0,6.8222,6.9075,6.801,6.758,-13.233,7.0999,55.095,-24.935,192.97,-449.95
15.57,-5.1807,-5.858,2.272,0.6902,0.17218,0.63089,0.30976,0.33668,2.6293,-3.0197,-1.2904,-1.0193,-0.30186,31.339,4.9104,-5.1689,0,0,0,6.8151,6.9102,6.7888,6.7362,-13.122,9.2756,50.379,46.398,241.27,-491.63
15.58,-5.1758,-5.8315,2.2415,0.69676,0.16411,0.62704,0.30725,0.64943,2.6789,-3.0689,-1.2355,-0.86725,-0.3643,31.212,5.016,-4.6903,0,0,0,6.8093,6.9122,6.7798,6.7188,-12.332,11.9,45.295,109.68,282,-523.53
15.59,-5.1677,-5.8045,2.2106,0.7027,0.15593,0.62377,0.30465,0.96095,2.7297,-3.1137,-1.184,-0.69853,-0.43204,31.095,5.1496,-4.2639,0,0,0,6.8053,6.9135,6.7751,6.7077,-10.976,14.876,39.942,158.42,310.91,-545.19
15.6,-5.1565,-5.7769,2.1793,0.70797,0.14764,0.62111,0.30199,1.2714,2.782,-3.1544,-1.136,-0.51861,-0.502,30.993,5.3142,-3.892,0,0,0,6.8035,6.9141,6.7754,6.7046,-9.2336,18.065,34.427,186.12,323.76,-556.15
15.61,-5.1423,-5.7488,2.1475,0.71256,0.13924,0.6191,0.29931,1.5809,2.8361,-3.1917,-1.0913,-0.33441,-0.57053,30.911,5.511,-3.5755,0,0,0,6.804,6.9135,6.781,6.7103,-7.3449,21.284,28.856,186.89,316.7,-556
15.62,-5.1249,-5.7202,2.1154,0.71647,0.13073,0.61774,0.29661,1.8896,2.8923,-3.2261,-1.0493,-0.15351,-0.63398,30.846,5.7393,-3.3146,0,0,0,6.807,6.9119,6.7913,6.724,-5.5807,24.336,23.343,162.23,290.7,-544.81
15.63,-5.1045,-5.691,2.083,0.71973,0.12212,0.617,0.29391,2.1979,2.9509,-3.2582,-1.0097,0.017289,-0.68959,30.798,5.9966,-3.1081,0,0,0,6.8123,6.9098,6.8049,6.7437,-4.164,27.049,17.996,118.45,249.85,-522.99
15.64,-5.081,-5.6611,2.0503,0.72237,0.11343,0.61685,0.29121,2.5056,3.0123,-3.2884,-0.97234,0.17244,-0.73564,30.761,6.2788,-2.9538,0,0,0,6.8195,6.9072,6.8203,6.7673,-3.254,29.297,12.918,61.957,198.34,-490.97
15.65,-5.0544,-5.6307,2.0173,0.72447,0.10469,0.61722,0.2885,2.8131,3.0766,-3.3174,-0.93744,0.30772,-0.77127,30.731,6.5807,-2.8485,0,0,0,6.8278,6.9039,6.836,6.7925,-2.946,30.994,8.2089,-0.86483,140.31,-449.16
15.66,-5.0247,-5.5996,1.9839,0.72608,0.095922,0.61802,0.28577,3.1203,3.144,-3.3455,-0.9053,0.42014,-0.79638,30.7,6.8967,-2.7881,0,0,0,6.8361,6.8992,6.8504,6.817,-3.2711,32.095,3.9656,-63.612,79.933,-397.97
15.67,-4.992,-5.5678,1.9503,0.72728,0.087152,0.61917,0.28301,3.4271,3.2145,-3.3733,-0.87641,0.50786,-0.81148,30.663,7.2206,-2.7674,0,0,0,6.8434,6.8928,6.8619,6.839,-4.1966,32.599,0.27935,-119.89,21.376,-337.83
15.68,-4.9562,-5.5353,1.9165,0.72817,0.078403,0.62057,0.28022,3.7335,3.2884,-3.401,-0.85141,0.57,-0.81755,30.614,7.5468,-2.7804,0,0,0,6.8488,6.8839,6.8693,6.8566,-5.6259,32.543,-2.7624,-163.29,-31.2,-269.14
15.69,-4.9173,-5.502,1.8823,0.72881,0.069693,0.62212,0.2774,4.0393,3.3655,-3.429,-0.83109,0.60635,-0.81596,30.55,7.8699,-2.8202,0,0,0,6.8517,6.8722,6.8718,6.8689,-7.3984,32.008,-5.0763,-187.57,-73.712,-192.35
15.7,-4.8754,-5.468,1.8479,0.7293,0.061032,0.62373,0.27453,4.3444,3.4458,-3.4575,-0.81624,0.61716,-0.80819,30.466,8.1857,-2.8792,0,0,0,6.8516,6.8575,6.8691,6.8754,-9.3077,31.107,-6.5865,-191.14,-104.71,-108.72
15.71,-4.8304,-5.4331,1.8132,0.72972,0.052425,0.62529,0.27161,4.6486,3.5292,-3.4866,-0.80725,0.60263,-0.79543,30.364,8.4912,-2.9491,0,0,0,6.8481,6.8394,6.8614,6.8769,-11.165,29.947,-7.2354,-177.91,-125.9,-20.495
15.72,-4.7824,-5.3974,1.7782,0.73017,0.043873,0.62671,0.26865,4.9516,3.6155,-3.5165,-0.80395,0.56283,-0.77844,30.243,8.7841,-3.0209,0,0,0,6.8413,6.8183,6.8496,6.8744,-12.824,28.616,-6.9887,-152.15,-139.12,70.027
15.73,-4.7314,-5.3608,1.7428,0.73072,0.035379,0.62788,0.26564,5.2534,3.7048,-3.547,-0.80575,0.49785,-0.75766,30.108,9.0631,-3.0858,0,0,0,6.8317,6.7949,6.8346,6.8688,-14.18,27.185,-5.8349,-118.1,-146.26,160.55
15.74,-4.6773,-5.3233,1.7072,0.73146,0.02695,0.62872,0.26258,5.5537,3.7968,-3.5781,-0.81163,0.40797,-0.73331,29.961,9.3276,-3.1346,0,0,0,6.82,6.77,6.8174,6.8614,-15.173,25.705,-3.7854,-80.015,-149.19,248.77
15.75,-4.6203,-5.2848,1.6713,0.73248,0.018599,0.62912,0.25948,5.8526,3.8913,-3.6096,-0.82026,0.29379,-0.70546,29.806,9.5772,-3.1586,0,0,0,6.8069,6.7449,6.7992,6.8532,-15.782,24.209,-0.87471,-42.154,-149.76,332.4
15.76,-4.5603,-5.2454,1.635,0.73385,0.010349,0.629,0.25634,6.1498,3.9882,-3.6412,-0.83004,0.15644,-0.67414,29.647,9.8118,-3.1494,0,0,0,6.7933,6.7207,6.7812,6.8452,-16.031,22.711,2.8397,-8.7649,-149.86,409.14
15.77,-4.4973,-5.2051,1.5985,0.73563,0.002236,0.62828,0.25319,6.4455,4.0875,-3.6725,-0.8392,-0.0023639,-0.63941,29.486,10.031,-3.0994,0,0,0,6.7801,6.6985,6.7643,6.8381,-15.986,21.207,7.2774,15.899,-151.34,476.68
15.78,-4.4314,-5.1637,1.5616,0.73789,-0.0056934,0.62687,0.25004,6.7396,4.1888,-3.703,-0.846,-0.18021,-0.60139,29.328,10.236,-3.0018,0,0,0,6.7679,6.6794,6.7495,6.8324,-15.753,19.674,12.336,28.579,-155.68,533.25
15.79,-4.3625,-5.1213,1.5244,0.74065,-0.013382,0.62473,0.24692,7.0321,4.2921,-3.7323,-0.84891,-0.37428,-0.56038,29.171,10.425,-2.851,0,0,0,6.7576,6.6639,6.7372,6.8283,-15.453,18.084,17.906,29.528,-162.87,578.9
15.8,-4.2908,-5.0778,1.4869,0.74396,-0.020763,0.62178,0.24387,7.323,4.3973,-3.7598,-0.8468,-0.58156,-0.51684,29.018,10.597,-2.6424,0,0,0,6.7496,6.6524,6.7277,6.826,-15.198,16.409,23.88,19.772,-172.61,614.08
15.81,-4.2161,-5.0333,1.4492,0.74783,-0.027769,0.618,0.24092,7.6124,4.504,-3.785,-0.83898,-0.79902,-0.47139,28.867,10.752,-2.3724,0,0,0,6.7442,6.645,6.7211,6.8252,-15.09,14.624,30.154,0.33712,-184.61,639.24
15.82,-4.1385,-4.9878,1.4112,0.75227,-0.03433,0.61336,0.23811,7.9004,4.6123,-3.8071,-0.82519,-1.0237,-0.42471,28.716,10.889,-2.0386,0,0,0,6.7416,6.6417,6.7172,6.826,-15.221,12.71,36.632,-27.75,-198.54,654.83
15.83,-4.0581,-4.9411,1.3731,0.75727,-0.040382,0.60784,0.23548,8.1867,4.7217,-3.8255,-0.80554,-1.2528,-0.37755,28.562,11.006,-1.6394,0,0,0,6.7417,6.642,6.716,6.828,-15.671,10.648,43.22,-63.463,-214.11,661.3
15.84,-3.9748,-4.8933,1.3347,0.76281,-0.045869,0.60142,0.23305,8.4716,4.8323,-3.8396,-0.78051,-1.4839,-0.33064,28.401,11.102,-1.1741,0,0,0,6.7443,6.6457,6.7171,6.8312,-16.512,8.4233,49.83,-105.77,-231.01,659.11
15.85,-3.8887,-4.8444,1.2963,0.76888,-0.050747,0.5941,0.23086,8.7547,4.9437,-3.8488,-0.75079,-1.7149,-0.28466,28.23,11.174,-0.64301,0,0,0,6.7491,6.6521,6.7202,6.8351,-17.805,6.0244,56.375,-153.66,-248.93,648.7
15.86,-3.7997,-4.7944,1.2578,0.77545,-0.054983,0.58587,0.22893,9.0361,5.0557,-3.8523,-0.7173,-1.9441,-0.24023,28.043,11.222,-0.047093,0,0,0,6.7559,6.6608,6.7249,6.8396,-19.6,3.4424,62.778,-206.09,-267.56,630.54
15.87,-3.7079,-4.7433,1.2193,0.78248,-0.058557,0.57675,0.22726,9.3155,5.168,-3.8495,-0.68102,-2.1702,-0.19789,27.836,11.242,0.61182,0,0,0,6.7642,6.671,6.7308,6.8444,-21.938,0.67175,68.962,-262.04,-286.61,605.06
15.88,-3.6134,-4.6911,1.1808,0.78995,-0.061461,0.56673,0.22587,9.5927,5.2805,-3.8399,-0.64296,-2.3924,-0.15803,27.603,11.234,1.3312,0,0,0,6.7735,6.6822,6.7373,6.8493,-24.849,-2.2901,74.856,-320.48,-305.76,572.73
15.89,-3.5161,-4.6377,1.1425,0.79781,-0.063699,0.55581,0.22476,9.8675,5.3926,-3.8227,-0.60409,-2.6101,-0.12097,27.337,11.196,2.1078,0,0,0,6.7833,6.6938,6.7441,6.8539,-28.353,-5.4428,80.395,-380.39,-324.71,533.99
15.9,-3.4161,-4.5832,1.1044,0.80603,-0.065285,0.54399,0.22391,10.139,5.5043,-3.7975,-0.56527,-2.8232,-0.086885,27.033,11.125,2.9377,0,0,0,6.793,6.705,6.7507,6.858,-32.459,-8.7826,85.516,-440.74,-343.15,489.29
15.91,-3.3133,-4.5276,1.0666,0.81456,-0.066238,0.53127,0.22331,10.408,5.615,-3.7638,-0.52725,-3.0319,-0.055867,26.686,11.02,3.8165,0,0,0,6.8023,6.7153,6.7566,6.8613,-37.166,-12.303,90.162,-500.51,-360.77,439.1
15.92,-3.2079,-4.4709,1.0292,0.82335,-0.066583,0.51764,0.22294,10.673,5.7245,-3.721,-0.49062,-3.2366,-0.027908,26.288,10.878,4.7392,0,0,0,6.8107,6.7243,6.7614,6.8636,-42.463,-15.994,94.281,-558.66,-377.27,383.85
15.93,-3.0999,-4.4131,0.99219,0.83238,-0.066347,0.5031,0.22278,10.934,5.8325,-3.6689,-0.45585,-3.4379,-0.002922,25.835,10.699,5.7002,0,0,0,6.8176,6.7315,6.7647,6.8645,-48.33,-19.844,97.824,-614.17,-392.35,324
15.94,-2.9893,-4.3543,0.95581,0.84159,-0.065562,0.48763,0.22282,11.189,5.9384,-3.6069,-0.42325,-3.6364,0.019241,25.32,10.481,6.6936,0,0,0,6.8228,6.7365,6.7662,6.8638,-54.735,-23.836,100.75,-666.02,-405.69,260.01
15.95,-2.8761,-4.2944,0.92009,0.85093,-0.064254,0.47122,0.22302,11.44,6.0419,-3.5349,-0.393,-3.8327,0.038778,24.738,10.222,7.7129,0,0,0,6.8258,6.7391,6.7657,6.8614,-61.635,-27.951,103.01,-713.17,-416.99,192.32
15.96,-2.7605,-4.2335,0.88514,0.86037,-0.062453,0.45385,0.22336,11.684,6.1427,-3.4526,-0.36515,-4.0274,0.05592,24.086,9.9216,8.7515,0,0,0,6.8266,6.7393,6.7632,6.8572,-68.979,-32.167,104.58,-754.61,-425.94,121.38
15.97,-2.6424,-4.1715,0.85107,0.86984,-0.060184,0.4355,0.22381,11.921,6.2402,-3.3598,-0.33967,-4.221,0.070919,23.357,9.5785,9.8022,0,0,0,6.8249,6.7368,6.7585,6.8509,-76.705,-36.461,105.43,-789.3,-432.25,47.657
15.98,-2.5221,-4.1087,0.81798,0.8793,-0.057472,0.41616,0.22437,12.151,6.3341,-3.2566,-0.31639,-4.4135,0.084036,22.55,9.1922,10.858,0,0,0,6.8207,6.7321,6.7517,6.8427,-84.739,-40.803,105.53,-816.22,-435.59,-28.41
15.99,-2.3995,-4.0449,0.78598,0.88869,-0.054337,0.39581,0.22498,12.372,6.4239,-3.1427,-0.29511,-4.6047,0.095529,21.662,8.7624,11.91,0,0,0,6.8141,6.7252,6.7433,6.8327,-93,-45.162,104.86,-834.34,-435.66,-106.37
16,-2.2747,-3.9802,0.75516,0.89795,-0.050801,0.37443,0.22565,12.584,6.5092,-3.0184,-0.27551,-4.794,0.10564,20.69,8.289,12.952,0,0,0,6.8054,6.7168,6.7335,6.8211,-101.39,-49.504,103.4,-842.64,-432.17,-185.76
16.01,-2.1478,-3.9147,0.72564,0.90701,-0.046881,0.35202,0.22633,12.785,6.5896,-2.8837,-0.25723,-4.9801,0.11461,19.634,7.7725,13.975,0,0,0,6.7948,6.7075,6.7229,6.8081,-109.82,-53.792,101.14,-840.08,-424.8,-266.14
16.02,-2.019,-3.8484,0.69752,0.9158,-0.042594,0.32858,0.22701,12.976,6.6645,-2.739,-0.23984,-5.1613,0.12262,18.494,7.2135,14.972,0,0,0,6.7828,6.698,6.7123,6.7943,-118.16,-57.986,98.072,-825.65,-413.24,-347.05
16.03,-1.8883,-3.7814,0.6709,0.92425,-0.037958,0.30414,0.22766,13.155,6.7337,-2.5844,-0.22285,-5.3349,0.12986,17.272,6.6132,15.934,0,0,0,6.7699,6.6892,6.7024,6.7801,-126.29,-62.042,94.196,-798.33,-397.2,-428.04
16.04,-1.7559,-3.7138,0.64586,0.93227,-0.03299,0.27872,0.22826,13.321,6.7967,-2.4204,-0.20573,-5.4978,0.13643,15.969,5.9732,16.853,0,0,0,6.7568,6.682,6.694,6.7661,-134.08,-65.915,89.512,-758.07,-376.67,-508.58
16.05,-1.622,-3.6455,0.62252,0.93978,-0.027708,0.25239,0.22879,13.474,6.853,-2.2475,-0.18799,-5.6467,0.14243,14.592,5.2957,17.722,0,0,0,6.7443,6.6773,6.688,6.7531,-141.41,-69.562,84.028,-706.01,-352.04,-588.03
16.06,-1.4865,-3.5767,0.60094,0.9467,-0.022134,0.22522,0.22921,13.613,6.9025,-2.0662,-0.16919,-5.7786,0.14787,13.143,4.5829,18.531,0,0,0,6.7335,6.6758,6.6849,6.742,-148.16,-72.943,77.757,-643.41,-323.72,-665.73
16.07,-1.3497,-3.5075,0.58122,0.95295,-0.01629,0.19731,0.22952,13.737,6.9446,-1.8771,-0.14898,-5.8906,0.15275,11.631,3.8378,19.274,0,0,0,6.725,6.6779,6.6853,6.7333,-154.25,-76.025,70.721,-571.51,-292.12,-741.06
16.08,-1.2118,-3.4379,0.56342,0.95846,-0.010201,0.16877,0.22969,13.845,6.9791,-1.6809,-0.12704,-5.9806,0.15701,10.061,3.0635,19.943,0,0,0,6.7196,6.6842,6.6895,6.7277,-159.57,-78.776,62.946,-491.57,-257.66,-813.35
16.09,-1.0729,-3.3679,0.54762,0.96317,-0.0038921,0.13974,0.2297,13.938,7.0058,-1.4785,-0.10311,-6.0473,0.1606,8.442,2.2634,20.531,0,0,0,6.7178,6.6946,6.6976,6.7257,-164.05,-81.17,54.467,-404.81,-220.74,-881.96
16.1,-0.93311,-3.2978,0.53387,0.96702,0.0026114,0.11034,0.22954,14.014,7.0243,-1.2706,-0.076994,-6.0901,0.16344,6.7827,1.4414,21.03,0,0,0,6.7199,6.709,6.7095,6.7276,-167.64,-83.184,45.322,-312.51,-181.78,-946.26
16.11,-0.79266,-3.2275,0.52222,0.96999,0.0092845,0.080716,0.22918,14.073,7.0345,-1.0582,-0.04852,-6.1096,0.16544,5.0922,0.60109,21.435,0,0,0,6.7259,6.7269,6.7248,6.7333,-170.29,-84.8,35.558,-215.89,-141.19,-1005.6
16.12,-0.6517,-3.1571,0.51272,0.97204,0.016105,0.051013,0.22863,14.116,7.0363,-0.84225,-0.017555,-6.1071,0.1665,3.3802,-0.25328,21.74,0,0,0,6.7356,6.7477,6.7426,6.7427,-171.95,-86.004,25.229,-116.2,-99.379,-1059.3
16.13,-0.5104,-3.0868,0.50539,0.97318,0.023053,0.02136,0.22787,14.141,7.0294,-0.62377,0.016017,-6.085,0.16655,1.6565,-1.1176,21.938,0,0,0,6.7486,6.7705,6.7623,6.7551,-172.61,-86.785,14.393,-14.704,-56.763,-1106.7
16.14,-0.36894,-3.0166,0.50025,0.97342,0.030115,-0.0081238,0.22689,14.149,7.0139,-0.40385,0.052306,-6.0463,0.16549,-0.068567,-1.9876,22.026,0,0,0,6.7639,6.7941,6.7827,6.7698,-172.24,-87.138,3.1172,87.366,-13.754,-1147.3
16.15,-0.22748,-2.9465,0.49731,0.97277,0.037282,-0.037335,0.22569,14.14,6.9897,-0.18363,0.091427,-5.9945,0.16326,-1.7849,-2.8589,21.999,0,0,0,6.7806,6.8174,6.8025,6.7858,-170.86,-87.06,-8.5269,188.76,29.238,-1180.2
16.16,-0.086202,-2.8768,0.49657,0.97126,0.04455,-0.066189,0.22426,14.113,6.9567,0.035739,0.13351,-5.9336,0.15977,-3.4825,-3.7273,21.855,0,0,0,6.7976,6.839,6.8205,6.8019,-168.48,-86.555,-20.46,288.23,71.799,-1205
16.17,0.054729,-2.8074,0.49802,0.96892,0.051925,-0.094624,0.22259,14.07,6.9152,0.25306,0.17872,-5.8676,0.15497,-5.1512,-4.5886,21.589,0,0,0,6.8134,6.8576,6.8354,6.8169,-165.11,-85.627,-32.598,384.53,113.52,-1221
16.18,0.19515,-2.7385,0.50162,0.96578,0.059416,-0.1226,0.22068,14.01,6.865,0.46712,0.22726,-5.8005,0.1488,-6.7815,-5.4385,21.202,0,0,0,6.8267,6.8718,6.8459,6.8292,-160.8,-84.288,-44.848,476.42,153.98,-1227.4
16.19,0.33488,-2.6702,0.50735,0.96189,0.067043,-0.15008,0.21851,13.935,6.8064,0.6767,0.27936,-5.736,0.14118,-8.3642,-6.273,20.692,0,0,0,6.8361,6.8806,6.8507,6.8376,-155.6,-82.553,-57.112,562.64,192.78,-1223.7
16.2,0.47379,-2.6024,0.51514,0.95726,0.07483,-0.17708,0.21607,13.843,6.7396,0.88056,0.33531,-5.6774,0.13208,-9.8907,-7.0883,20.06,0,0,0,6.8405,6.8828,6.8489,6.8408,-149.57,-80.44,-69.286,641.95,229.5,-1209.2
16.21,0.6117,-2.5354,0.52494,0.95193,0.082811,-0.20359,0.21334,13.737,6.6647,1.0775,0.39545,-5.6275,0.12142,-11.353,-7.8807,19.307,0,0,0,6.8386,6.8775,6.8395,6.8378,-142.79,-77.971,-81.259,713.11,263.74,-1183.3
16.22,0.74848,-2.4692,0.53666,0.94591,0.091023,-0.22965,0.2103,13.617,6.5821,1.2663,0.46015,-5.5887,0.10918,-12.744,-8.6466,18.436,0,0,0,6.8297,6.8642,6.822,6.8276,-135.34,-75.175,-92.912,774.86,295.06,-1145.3
16.23,0.88399,-2.4038,0.55023,0.93922,0.099514,-0.25527,0.20691,13.482,6.4919,1.4458,0.5298,-5.5624,0.095332,-14.058,-9.3832,17.451,0,0,0,6.813,6.8426,6.7962,6.8096,-127.33,-72.081,-104.12,825.97,323.08,-1094.6
16.24,1.0181,-2.3393,0.56554,0.93184,0.10834,-0.28049,0.20313,13.336,6.3945,1.615,0.60481,-5.5493,0.07988,-15.289,-10.087,16.356,0,0,0,6.7882,6.8126,6.7622,6.7835,-118.86,-68.726,-114.76,865.17,347.37,-1030.5
16.25,1.1507,-2.2759,0.58249,0.92379,0.11755,-0.30533,0.19891,13.177,6.2903,1.7726,0.68554,-5.5492,0.062892,-16.434,-10.757,15.158,0,0,0,6.7555,6.7747,6.7206,6.7493,-110.07,-65.148,-124.69,891.24,367.52,-952.42
16.26,1.2816,-2.2136,0.60095,0.91505,0.12721,-0.32982,0.1942,13.007,6.1795,1.9178,0.77226,-5.5604,0.044516,-17.49,-11.39,13.865,0,0,0,6.715,6.7297,6.6727,6.7075,-101.08,-61.39,-133.76,902.91,383.12,-859.66
16.27,1.4108,-2.1523,0.6208,0.90562,0.13739,-0.35396,0.18892,12.827,6.0626,2.0496,0.86511,-5.5802,0.025026,-18.456,-11.984,12.486,0,0,0,6.6677,6.6789,6.62,6.6588,-92.058,-57.501,-141.83,899.65,393.98,-752.28
16.28,1.5381,-2.0923,0.6419,0.89548,0.14818,-0.37771,0.183,12.638,5.94,2.1673,0.96405,-5.6039,0.0048095,-19.331,-12.539,11.032,0,0,0,6.6145,6.6239,6.5646,6.6044,-83.136,-53.525,-148.76,882.57,400.45,-632
16.29,1.6635,-2.0336,0.6641,0.88464,0.15964,-0.40104,0.17633,12.441,5.812,2.27,1.0689,-5.6254,-0.015618,-20.119,-13.055,9.5149,0,0,0,6.5571,6.5666,6.5089,6.5458,-74.448,-49.505,-154.43,853.06,402.98,-500.8
16.3,1.7869,-1.9761,0.68725,0.87311,0.17187,-0.42385,0.16882,12.236,5.679,2.3574,1.1794,-5.6371,-0.035592,-20.822,-13.53,7.9478,0,0,0,6.4973,6.5091,6.4554,6.4848,-66.112,-45.478,-158.75,812.51,402,-360.65
16.31,1.9082,-1.92,0.71119,0.86091,0.18495,-0.446,0.16034,12.025,5.5415,2.4289,1.2947,-5.6305,-0.054267,-21.443,-13.964,6.3447,0,0,0,6.437,6.4535,6.4069,6.4235,-58.23,-41.476,-161.62,762.3,397.94,-213.53
16.32,2.0274,-1.8653,0.73577,0.84812,0.19902,-0.4673,0.15074,11.808,5.3998,2.4842,1.4139,-5.5962,-0.070601,-21.988,-14.359,4.7203,0,0,0,6.3784,6.4016,6.3658,6.3639,-50.893,-37.528,-163,703.82,391.24,-61.41
16.33,2.1444,-1.812,0.76082,0.8348,0.21417,-0.48752,0.13988,11.585,5.2544,2.5233,1.5352,-5.5248,-0.083354,-22.463,-14.715,3.0898,0,0,0,6.3237,6.3548,6.3344,6.3084,-44.177,-33.658,-162.84,638.46,382.33,93.729
16.34,2.2591,-1.7602,0.78618,0.82108,0.23057,-0.50636,0.12757,11.359,5.1057,2.546,1.6562,-5.4076,-0.091102,-22.874,-15.033,1.4687,0,0,0,6.2749,6.3143,6.3144,6.2588,-38.142,-29.887,-161.12,567.59,371.66,249.91
16.35,2.3715,-1.7099,0.81169,0.80708,0.24835,-0.52348,0.11363,11.128,4.9539,2.5527,1.7739,-5.2371,-0.092289,-23.228,-15.313,-0.12747,0,0,0,6.234,6.2808,6.3067,6.217,-32.838,-26.229,-157.85,492.61,359.66,405.17
16.36,2.4816,-1.6611,0.83719,0.79296,0.26771,-0.53849,0.097845,10.894,4.7995,2.5436,1.8838,-5.0083,-0.085294,-23.533,-15.558,-1.6831,0,0,0,6.2026,6.2544,6.3118,6.1847,-28.299,-22.697,-153.03,414.91,346.77,557.52
16.37,2.5894,-1.6139,0.86251,0.77885,0.28882,-0.55097,0.080007,10.658,4.6429,2.5192,1.9802,-4.719,-0.068533,-23.797,-15.768,-3.1831,0,0,0,6.182,6.2348,6.3292,6.163,-24.545,-19.296,-146.71,335.85,333.42,704.99
16.38,2.6948,-1.5683,0.88752,0.76488,0.31182,-0.56048,0.059919,10.418,4.4843,2.4802,2.0554,-4.3709,-0.040571,-24.027,-15.944,-4.6126,0,0,0,6.1732,6.2215,6.3576,6.1525,-21.582,-16.028,-138.95,256.85,320.04,845.61
16.39,2.7978,-1.5242,0.91207,0.75113,0.33679,-0.56655,0.037439,10.177,4.3241,2.4273,2.1001,-3.9698,-0.00025265,-24.231,-16.089,-5.9576,0,0,0,6.1762,6.2135,6.3953,6.1535,-19.403,-12.893,-129.83,179.27,307.09,977.4
16.4,2.8983,-1.4818,0.93602,0.7376,0.36366,-0.5688,0.01254,9.9339,4.1626,2.3614,2.1029,-3.5266,0.053184,-24.417,-16.202,-7.2049,0,0,0,6.1909,6.21,6.4398,6.1656,-17.987,-9.8838,-119.44,104.5,294.98,1098.4
16.41,2.9964,-1.441,0.95926,0.72427,0.39214,-0.56696,-0.014605,9.6888,4.0001,2.2835,2.0516,-3.0575,0.12,-24.593,-16.287,-8.3426,0,0,0,6.2162,6.2106,6.4885,6.188,-17.299,-6.9893,-107.9,33.93,284.16,1206.6
16.42,3.0921,-1.4018,0.98166,0.71108,0.42159,-0.56101,-0.043541,9.4421,3.837,2.1949,1.9347,-2.5839,0.19989,-24.766,-16.343,-9.3597,0,0,0,6.2507,6.2147,6.5387,6.2197,-17.29,-4.1948,-95.358,-31.054,275.07,1300
16.43,3.1853,-1.3643,1.0031,0.69801,0.45106,-0.55129,-0.073477,9.1935,3.6734,2.0968,1.7443,-2.131,0.29193,-24.941,-16.371,-10.247,0,0,0,6.2922,6.2226,6.5877,6.259,-17.897,-1.4807,-81.96,-89.068,268.14,1376.8
16.44,3.2759,-1.3283,1.0236,0.6852,0.47929,-0.53862,-0.10332,8.9432,3.5097,1.9905,1.4793,-1.7242,0.39461,-25.125,-16.372,-10.997,0,0,0,6.3381,6.2347,6.6338,6.304,-19.044,1.1766,-67.886,-138.73,263.8,1434.8
16.45,3.3641,-1.2941,1.0429,0.67296,0.50493,-0.52421,-0.13182,8.691,3.346,1.8773,1.1465,-1.3843,0.50585,-25.323,-16.347,-11.603,0,0,0,6.3861,6.2518,6.6754,6.3525,-20.639,3.8054,-53.333,-178.64,262.5,1472.1
16.46,3.4498,-1.2614,1.0611,0.6618,0.52676,-0.50956,-0.15778,8.4367,3.1828,1.7589,0.76037,-1.1227,0.62313,-25.539,-16.296,-12.062,0,0,0,6.4338,6.2745,6.7121,6.402,-22.579,6.4382,-38.519,-207.43,264.67,1486.8
16.47,3.5328,-1.2304,1.0781,0.65231,0.54389,-0.49616,-0.18027,8.1801,3.0202,1.6366,0.33944,-0.93906,0.7436,-25.776,-16.218,-12.373,0,0,0,6.4796,6.3032,6.7438,6.4507,-24.746,9.1118,-23.68,-223.71,270.74,1476.8
16.48,3.6134,-1.201,1.0938,0.64507,0.55579,-0.48529,-0.19869,7.9211,2.8585,1.5119,-0.097287,-0.82221,0.86431,-26.034,-16.114,-12.537,0,0,0,6.5224,6.338,6.7708,6.4971,-27.007,11.867,-9.0714,-226.18,281.09,1440.5
16.49,3.6913,-1.1732,1.1083,0.64051,0.5623,-0.4778,-0.21277,7.6594,2.698,1.3863,-0.53326,-0.75368,0.98231,-26.316,-15.981,-12.556,0,0,0,6.5618,6.3784,6.7937,6.54,-29.223,14.746,5.0448,-214.63,295.27,1378.8
16.5,3.7665,-1.147,1.1215,0.63888,0.56348,-0.47417,-0.22246,7.3947,2.539,1.2612,-0.9559,-0.71177,1.0948,-26.618,-15.818,-12.438,0,0,0,6.598,6.4237,6.8132,6.5791,-31.255,17.782,18.43,-189.61,312.25,1294.7
16.51,3.8391,-1.1224,1.1335,0.64025,0.55951,-0.47446,-0.22785,7.1269,2.3818,1.138,-1.356,-0.67531,1.1995,-26.94,-15.624,-12.191,0,0,0,6.6315,6.473,6.8297,6.6147,-32.972,20.997,30.874,-151.66,331.03,1191.2
16.52,3.9091,-1.0994,1.1443,0.6445,0.55065,-0.47847,-0.22908,6.8559,2.2266,1.0178,-1.7262,-0.62634,1.2942,-27.276,-15.398,-11.825,0,0,0,6.6627,6.5252,6.8437,6.6474,-34.247,24.405,42.199,-101.34,350.56,1071.3
16.53,3.9762,-1.0779,1.1539,0.65137,0.53719,-0.48572,-0.22633,6.5814,2.0739,0.90186,-2.0602,-0.55166,1.3775,-27.623,-15.136,-11.351,0,0,0,6.6922,6.5792,6.8555,6.6783,-34.959,28.008,52.256,-39.202,369.83,937.96
16.54,4.0407,-1.0579,1.1624,0.66049,0.51948,-0.49555,-0.21983,6.3034,1.924,0.79111,-2.3516,-0.4439,1.4483,-27.973,-14.837,-10.784,0,0,0,6.7205,6.6337,6.8652,6.7081,-34.994,31.797,60.924,34.199,387.81,794.14
16.55,4.1023,-1.0394,1.1698,0.67136,0.49797,-0.50718,-0.20992,6.0219,1.7773,0.68644,-2.5949,-0.30178,1.5063,-28.32,-14.499,-10.138,0,0,0,6.7478,6.687,6.8728,6.7372,-34.24,35.756,68.114,118.31,403.48,642.85
16.56,4.1611,-1.0224,1.1761,0.68345,0.47323,-0.51972,-0.19707,5.737,1.6342,0.58857,-2.7854,-0.12989,1.5515,-28.655,-14.121,-9.4269,0,0,0,6.7742,6.7376,6.8783,6.7656,-32.593,39.856,73.766,212.58,415.81,487.07
16.57,4.217,-1.0067,1.1816,0.6962,0.44594,-0.53233,-0.18186,5.4489,1.495,0.49806,-2.9212,0.062542,1.5842,-28.969,-13.702,-8.6675,0,0,0,6.7991,6.7834,6.8812,6.7922,-29.956,44.058,77.85,316.46,423.78,329.78
16.58,4.2701,-0.99244,1.1861,0.70909,0.41688,-0.54423,-0.16499,5.1578,1.3603,0.41533,-3.0033,0.26367,1.6052,-29.25,-13.24,-7.8751,0,0,0,6.8213,6.8226,6.8811,6.8156,-26.234,48.314,80.366,429.39,426.37,173.96
16.59,4.3202,-0.97949,1.1899,0.7217,0.38683,-0.55484,-0.14717,4.864,1.2304,0.34062,-3.0363,0.46149,1.6155,-29.489,-12.736,-7.0653,0,0,0,6.8392,6.8533,6.8768,6.8336,-21.34,52.564,81.344,550.82,422.54,22.606
16.6,4.3673,-0.96782,1.193,0.73375,0.35654,-0.56377,-0.1291,4.5682,1.1057,0.27403,-3.0277,0.64613,1.6161,-29.673,-12.189,-6.2532,0,0,0,6.8503,6.8734,6.8668,6.8434,-15.191,56.74,80.843,680.19,411.29,-121.31
16.61,4.4115,-0.95736,1.1954,0.74503,0.32663,-0.57083,-0.11134,4.2708,0.98673,0.21551,-2.9863,0.8114,1.6079,-29.789,-11.601,-5.4531,0,0,0,6.8518,6.881,6.8491,6.8417,-7.7115,60.761,78.953,816.95,391.57,-254.8
16.62,4.4528,-0.94806,1.1973,0.75548,0.29758,-0.57601,-0.094348,3.9727,0.87382,0.16488,-2.9216,0.95547,1.5916,-29.823,-10.974,-4.6784,0,0,0,6.8403,6.8739,6.8211,6.8252,1.1705,64.539,75.792,960.56,362.37,-374.89
16.63,4.491,-0.93986,1.1987,0.76511,0.2697,-0.57941,-0.078399,3.6747,0.76736,0.12182,-2.8416,1.0807,1.568,-29.76,-10.312,-3.941,0,0,0,6.8122,6.8501,6.7796,6.7902,11.521,67.974,71.51,1110.4,322.66,-478.58
16.64,4.5263,-0.93269,1.1997,0.77398,0.2432,-0.58118,-0.063658,3.3778,0.66769,0.085904,-2.7532,1.1931,1.5373,-29.587,-9.6165,-3.2513,0,0,0,6.7637,6.8072,6.7211,6.7328,23.399,70.954,66.285,1266.1,271.41,-562.9
16.65,4.5586,-0.92649,1.2005,0.78218,0.21815,-0.58145,-0.05019,3.0833,0.57512,0.056608,-2.6609,1.3019,1.499,-29.287,-8.8944,-2.6178,0,0,0,6.6908,6.7432,6.642,6.6488,36.859,73.36,60.326,1426.8,207.66,-624.91
16.66,4.5879,-0.92117,1.2009,0.78985,0.19458,-0.58036,-0.037999,2.7926,0.48987,0.033341,-2.5672,1.4186,1.4529,-28.845,-8.1516,-2.0465,0,0,0,6.5894,6.6551,6.5388,6.5349,51.935,75.067,53.864,1587.6,131.99,-663.85
16.67,4.6144,-0.91666,1.2011,0.79716,0.1725,-0.57797,-0.027057,2.507,0.41213,0.015457,-2.4735,1.556,1.3986,-28.243,-7.3958,-1.5414,0,0,0,6.4554,6.5393,6.4086,6.3882,68.576,75.969,47.12,1738,47.088,-681.68
16.68,4.6381,-0.9129,1.2012,0.80427,0.15188,-0.57426,-0.017322,2.2283,0.34198,0.0022854,-2.3805,1.7274,1.3366,-27.468,-6.6352,-1.1044,0,0,0,6.2849,6.3931,6.2489,6.2058,86.625,75.988,40.293,1867.3,-44.274,-680.57
16.69,4.659,-0.9098,1.2012,0.8114,0.13269,-0.56916,-0.0087488,1.9582,0.27941,-0.0068564,-2.288,1.9479,1.2675,-26.507,-5.8791,-0.73522,0,0,0,6.0749,6.2145,6.058,5.985,105.82,75.072,33.564,1964.7,-139.3,-662.68
16.7,4.6773,-0.90729,1.2011,0.81876,0.11492,-0.56251,-0.001296,1.6988,0.22435,-0.01264,-2.1958,2.2356,1.1918,-25.349,-5.137,-0.43223,0,0,0,5.8227,6.0033,5.835,5.7234,125.78,73.199,27.089,2019.3,-235.2,-630.17
16.71,4.693,-0.90529,1.201,0.82663,0.098525,-0.55403,0.0050725,1.4519,0.17659,-0.015711,-2.103,2.6139,1.1102,-23.99,-4.4183,-0.19215,0,0,0,5.5265,5.7608,5.5807,5.4192,146.02,70.374,21.002,2020.2,-329.19,-585.19
16.72,4.7064,-0.90373,1.2008,0.8353,0.083485,-0.54332,0.010388,1.2196,0.13587,-0.016678,-2.0085,3.1131,1.0228,-22.43,-3.7326,-0.010504,0,0,0,5.1853,5.4906,5.2979,5.0712,165.97,66.63,15.419,1956.8,-418.47,-529.91
16.73,4.7175,-0.90255,1.2006,0.84512,0.069766,-0.5298,0.014675,1.004,0.1018,-0.016097,-1.9106,3.7745,0.92966,-20.674,-3.0886,0.11822,0,0,0,4.799,5.1989,4.9919,4.6794,184.91,62.029,10.431,1818.2,-500.25,-466.48
16.74,4.7265,-0.90167,1.2005,0.85651,0.057336,-0.51262,0.017959,0.80676,0.073932,-0.014469,-1.8068,4.6528,0.83049,-18.738,-2.4945,0.20034,0,0,0,4.369,4.8952,4.6706,4.2455,202.04,56.66,6.1095,1593.5,-571.75,-397.06
16.75,4.7337,-0.90105,1.2003,0.86991,0.046155,-0.49063,0.020262,0.62974,0.051722,-0.012223,-1.6939,5.819,0.72476,-16.643,-1.9576,0.2428,0,0,0,3.8988,4.5912,4.3449,3.7739,216.46,50.638,2.5029,1272,-630.17,-323.81
16.76,4.7392,-0.90062,1.2002,0.88576,0.036183,-0.46222,0.021604,0.47433,0.034571,-0.0097206,-1.5668,7.3548,0.61198,-14.421,-1.4835,0.25288,0,0,0,3.3979,4.2993,4.0259,3.2757,227.12,44.109,-0.36121,842.83,-672.72,-248.9
16.77,4.7432,-0.90034,1.2001,0.90437,0.027379,-0.42531,0.022005,0.34159,0.021828,-0.0072483,-1.4189,9.3269,0.49237,-12.116,-1.0765,0.23807,0,0,0,2.889,4.0238,3.7191,2.7772,232.92,37.246,-2.4768,295.21,-696.61,-174.47
16.78,4.7461,-0.90017,1.2001,0.92556,0.019716,-0.37747,0.021485,0.2321,0.012809,-0.0050175,-1.2417,11.71,0.36823,-9.7832,-0.739,0.20579,0,0,0,2.4256,3.7441,3.4083,2.3373,232.6,30.249,-3.8595,-381.69,-699.05,-102.7
16.79,4.748,-0.90008,1.2,0.9482,0.013208,-0.31677,0.020068,0.1458,0.0068157,-0.0031668,-1.0278,14.223,0.246,-7.4894,-0.47121,0.1632,0,0,0,2.1128,3.3905,3.0361,2.0673,224.82,23.346,-4.5468,-1198.7,-677.25,-35.73
16.8,4.7491,-0.90003,1.2,0.96968,0.0079311,-0.24358,0.017809,0.081907,0.0031597,-0.0017655,-0.7777,16.129,0.13792,-5.3166,-0.27092,0.11698,0,0,0,2.0922,2.8569,2.515,2.1081,208.12,16.794,-4.5973,-2166.6,-628.42,24.272
16.81,4.7497,-0.90001,1.2,0.98645,0.0040122,-0.16333,0.014843,0.038741,0.0011883,-0.00081932,-0.51004,16.307,0.058768,-3.3619,-0.13322,0.073108,0,0,0,2.4223,2.1171,1.8318,2.5001,180.95,10.877,-4.0917,-3296.2,-549.76,75.147
16.82,4.7499,-0.9,1.2,0.99612,0.0015216,-0.087304,0.011416,0.013568,0.00031256,-0.00027849,-0.26449,13.907,0.015909,-1.7382,-0.050227,0.036659,0,0,0,2.9536,1.3389,1.1429,3.0609,141.62,5.9072,-3.132,-4598.3,-438.5,114.74
16.83,4.75,-0.9,1.2,0.99954,0.00031945,-0.029293,0.0078221,0.0024409,3.8227e-05,-4.8112e-05,-0.08549,8.9611,0.0016967,-0.57588,-0.010788,0.011572,0,0,0,3.4719,0.717,0.61428,3.5566,88.368,2.2249,-1.8418,-6083.8,-291.84,140.88
16.84,4.75,-0.9,1.2,0.70594,0.00085798,-0.00083972,-0.70827,1.9065e-05,1.6284e-07,-3.5699e-07,-1.9676,-0.02665,2.6998e-06,-0.023546,-0.00021445,0.00044292,0,0,0,0.18692,3.9812,0.25054,3.9174,19.299,0.19782,-0.36634,-7763.4,-106.98,151.43
16.842,4.75,-0.9,1.2,0.70594,1.0259e-15,-7.6682e-16,-0.70827,-1.5543e-15,-1.3878e-16,-1.0825e-15,-5.1007e-12,-5.7373e-14,-8.7252e-28,-2.4869e-14,-3.5527e-15,-8.8818e-15,0,0,0,0.093094,4.0747,0.1331,4.0347,5.0022e-11,3.979e-13,-9.0949e-13,-8199.9,-56.229,151.39
